2025-06-01T12:58:57     info       Parsing: survey object succesfully parsed
2025-06-01T12:58:57     info       Params : survey object read, containing 282 parameters
2025-06-01T12:58:57     info       Plugin : Started
2025-06-01T12:59:02     info       Opening: D:/roll_samples/wells/Wells-wws.roll
2025-06-01T12:59:02     info       Parsing: D:/roll_samples/wells/Wells-wws.roll
2025-06-01T12:59:02     info       Parsing: D:/roll_samples/wells/Wells-wws.roll survey object succesfully parsed
2025-06-01T12:59:02     info       Reading: D:/roll_samples/wells/Wells-wws.roll
2025-06-01T12:59:02     info       Loading: D:/roll_samples/wells/Wells-wws.roll analysis files
2025-06-01T12:59:04     info       Params : D:/roll_samples/wells/Wells-wws.roll survey object read, containing 695 parameters
2025-06-01T12:59:49     info       Opening: D:/roll_samples/Noordoostpolder/Noordoostpolder.roll
2025-06-01T12:59:49     info       Parsing: D:/roll_samples/Noordoostpolder/Noordoostpolder.roll
2025-06-01T12:59:49     info       Parsing: D:/roll_samples/Noordoostpolder/Noordoostpolder.roll survey object succesfully parsed
2025-06-01T12:59:49     info       Reading: D:/roll_samples/Noordoostpolder/Noordoostpolder.roll
2025-06-01T12:59:49     info       Loading: D:/roll_samples/Noordoostpolder/Noordoostpolder.roll analysis files
2025-06-01T12:59:49     info       Loaded : . . . Fold map  : Min:0 - Max:209 
2025-06-01T12:59:49     info       Loaded : . . . Min-offset: Min:22.36m - Max:4972.05m 
2025-06-01T12:59:49     info       Loaded : . . . Max-offset: Min:22.36m - Max:5158.34m 
2025-06-01T12:59:49     info       Loaded : . . . offset histogram
2025-06-01T12:59:49     info       Loaded : . . . azi-offset histogram
2025-06-01T12:59:50     info       Loaded : . . . read 161,894 rec-records
2025-06-01T12:59:50     info       Loaded : . . . read 51,240 src-records
2025-06-01T12:59:50     info       Loaded : . . . read 1,795,499 rel-records
2025-06-01T12:59:53     info       Params : D:/roll_samples/Noordoostpolder/Noordoostpolder.roll survey object read, containing 282 parameters
2025-06-01T13:00:47     info       Opening: D:/roll_samples/other/Abtswoudsebrug_001.roll
2025-06-01T13:00:47     info       Parsing: D:/roll_samples/other/Abtswoudsebrug_001.roll
2025-06-01T13:00:47     info       Parsing: D:/roll_samples/other/Abtswoudsebrug_001.roll survey object succesfully parsed
2025-06-01T13:00:47     info       Reading: D:/roll_samples/other/Abtswoudsebrug_001.roll
2025-06-01T13:00:47     info       Loading: D:/roll_samples/other/Abtswoudsebrug_001.roll analysis files
2025-06-01T13:00:49     info       Params : D:/roll_samples/other/Abtswoudsebrug_001.roll survey object read, containing 222 parameters
2025-06-01T13:01:06     info       Opening: D:/roll_samples/other/DipTest_001.roll
2025-06-01T13:01:06     info       Parsing: D:/roll_samples/other/DipTest_001.roll
2025-06-01T13:01:06     info       Parsing: D:/roll_samples/other/DipTest_001.roll survey object succesfully parsed
2025-06-01T13:01:06     info       Reading: D:/roll_samples/other/DipTest_001.roll
2025-06-01T13:01:06     info       Loading: D:/roll_samples/other/DipTest_001.roll analysis files
2025-06-01T13:01:07     info       Params : D:/roll_samples/other/DipTest_001.roll survey object read, containing 282 parameters
2025-06-01T13:01:22     info       Opening: D:/roll_samples/other/DoubleZigzag_001.roll
2025-06-01T13:01:22     info       Parsing: D:/roll_samples/other/DoubleZigzag_001.roll
2025-06-01T13:01:22     info       Parsing: D:/roll_samples/other/DoubleZigzag_001.roll survey object succesfully parsed
2025-06-01T13:01:22     info       Reading: D:/roll_samples/other/DoubleZigzag_001.roll
2025-06-01T13:01:22     info       Loading: D:/roll_samples/other/DoubleZigzag_001.roll analysis files
2025-06-01T13:01:26     info       Params : D:/roll_samples/other/DoubleZigzag_001.roll survey object read, containing 718 parameters
2025-06-01T13:01:43     info       Opening: D:/roll_samples/other/Orthogonal_001.roll
2025-06-01T13:01:43     info       Parsing: D:/roll_samples/other/Orthogonal_001.roll
2025-06-01T13:01:43     info       Parsing: D:/roll_samples/other/Orthogonal_001.roll survey object succesfully parsed
2025-06-01T13:01:43     info       Reading: D:/roll_samples/other/Orthogonal_001.roll
2025-06-01T13:01:43     info       Loading: D:/roll_samples/other/Orthogonal_001.roll analysis files
2025-06-01T13:02:01     info       Params : D:/roll_samples/other/Orthogonal_001.roll survey object read, containing 222 parameters
2025-06-01T13:02:58     info       Edited : D:/roll_samples/other/Orthogonal_001.roll survey object updated
2025-06-01T13:03:56     info       Edited : D:/roll_samples/other/Orthogonal_001.roll survey object updated
2025-06-01T13:04:05     info       Saved  : D:/roll_samples/other/Orthogonal_001.roll
2025-06-01T13:04:29     info       Opening: D:/roll_samples/other/Parallel_001.roll
2025-06-01T13:04:29     info       Parsing: D:/roll_samples/other/Parallel_001.roll
2025-06-01T13:04:29     info       Parsing: D:/roll_samples/other/Parallel_001.roll survey object succesfully parsed
2025-06-01T13:04:29     info       Reading: D:/roll_samples/other/Parallel_001.roll
2025-06-01T13:04:29     info       Loading: D:/roll_samples/other/Parallel_001.roll analysis files
2025-06-01T13:04:29     info       Params : D:/roll_samples/other/Parallel_001.roll survey object read, containing 222 parameters
2025-06-01T13:04:45     info       Opening: D:/roll_samples/other/SphereTest_001.roll
2025-06-01T13:04:45     info       Parsing: D:/roll_samples/other/SphereTest_001.roll
2025-06-01T13:04:45     info       Parsing: D:/roll_samples/other/SphereTest_001.roll survey object succesfully parsed
2025-06-01T13:04:45     info       Reading: D:/roll_samples/other/SphereTest_001.roll
2025-06-01T13:04:45     info       Loading: D:/roll_samples/other/SphereTest_001.roll analysis files
2025-06-01T13:04:46     info       Params : D:/roll_samples/other/SphereTest_001.roll survey object read, containing 282 parameters
2025-06-01T13:04:58     info       Opening: D:/roll_samples/other/TripleZigzag_001.roll
2025-06-01T13:04:58     info       Parsing: D:/roll_samples/other/TripleZigzag_001.roll
2025-06-01T13:04:58     info       Parsing: D:/roll_samples/other/TripleZigzag_001.roll survey object succesfully parsed
2025-06-01T13:04:58     info       Reading: D:/roll_samples/other/TripleZigzag_001.roll
2025-06-01T13:04:58     info       Loading: D:/roll_samples/other/TripleZigzag_001.roll analysis files
2025-06-01T13:05:02     info       Params : D:/roll_samples/other/TripleZigzag_001.roll survey object read, containing 1014 parameters
2025-06-01T13:05:16     info       Opening: D:/roll_samples/Noordoostpolder/Noordoostpolder.roll
2025-06-01T13:05:16     info       Parsing: D:/roll_samples/Noordoostpolder/Noordoostpolder.roll
2025-06-01T13:05:16     info       Parsing: D:/roll_samples/Noordoostpolder/Noordoostpolder.roll survey object succesfully parsed
2025-06-01T13:05:16     info       Reading: D:/roll_samples/Noordoostpolder/Noordoostpolder.roll
2025-06-01T13:05:16     info       Loading: D:/roll_samples/Noordoostpolder/Noordoostpolder.roll analysis files
2025-06-01T13:05:16     info       Loaded : . . . Fold map  : Min:0 - Max:209 
2025-06-01T13:05:16     info       Loaded : . . . Min-offset: Min:22.36m - Max:4972.05m 
2025-06-01T13:05:16     info       Loaded : . . . Max-offset: Min:22.36m - Max:5158.34m 
2025-06-01T13:05:16     info       Loaded : . . . offset histogram
2025-06-01T13:05:16     info       Loaded : . . . azi-offset histogram
2025-06-01T13:05:16     info       Loaded : . . . read 161,894 rec-records
2025-06-01T13:05:16     info       Loaded : . . . read 51,240 src-records
2025-06-01T13:05:16     info       Loaded : . . . read 1,795,499 rel-records
2025-06-01T13:05:18     info       Params : D:/roll_samples/Noordoostpolder/Noordoostpolder.roll survey object read, containing 282 parameters
2025-06-01T13:05:26     info       Parsing: D:/roll_samples/Noordoostpolder/Noordoostpolder.roll survey object succesfully parsed
2025-06-01T13:05:27     info       Params : D:/roll_samples/Noordoostpolder/Noordoostpolder.roll survey object read, containing 282 parameters+++

2025-08-27T16:40:31     info       Parsing: survey object succesfully parsed
2025-08-27T16:40:32     info       Params : survey object read, containing 282 parameters
2025-08-27T16:40:32     info       Plugin : Started
2025-08-27T16:41:03     info       Parsing: survey object succesfully parsed
2025-08-27T16:41:03     info       Params : survey object read, containing 282 parameters+++

2025-09-13T17:49:00     info       Parsing: survey object succesfully parsed
2025-09-13T17:49:01     info       Params : survey object read, containing 282 parameters
2025-09-13T17:49:01     info       Plugin : Started on Windows 11 v(10.0.26100)
2025-09-13T17:51:19     info       Opening: D:/Roll/roll_samples/Noordoostpolder/Noordoostpolder.roll
2025-09-13T17:51:19     info       Parsing: D:/Roll/roll_samples/Noordoostpolder/Noordoostpolder.roll
2025-09-13T17:51:19     info       Parsing: D:/Roll/roll_samples/Noordoostpolder/Noordoostpolder.roll survey object succesfully parsed
2025-09-13T17:51:19     info       Reading: D:/Roll/roll_samples/Noordoostpolder/Noordoostpolder.roll
2025-09-13T17:51:19     info       Loading: D:/Roll/roll_samples/Noordoostpolder/Noordoostpolder.roll analysis files
2025-09-13T17:51:19     info       Loaded : . . . Fold map  : Min:0 - Max:209 
2025-09-13T17:51:19     info       Loaded : . . . Min-offset: Min:22.36m - Max:4972.05m 
2025-09-13T17:51:19     info       Loaded : . . . Max-offset: Min:22.36m - Max:5158.34m 
2025-09-13T17:51:19     info       Loaded : . . . offset histogram
2025-09-13T17:51:19     info       Loaded : . . . azi-offset histogram
2025-09-13T17:51:19     info       Loaded : . . . read 161,894 rec-records
2025-09-13T17:51:19     info       Loaded : . . . read 51,240 src-records
2025-09-13T17:51:19     info       Loaded : . . . read 1,795,499 rel-records
2025-09-13T17:51:19     info       Params : D:/Roll/roll_samples/Noordoostpolder/Noordoostpolder.roll survey object read, containing 282 parameters
2025-09-13T17:51:48     binning    Thread : started 'Bin from geometry', using 51,240 shot points
2025-09-13T17:51:53     error      Thread : . . . aborted binning operation
2025-09-13T17:51:53     error      Thread : . . . file: roll_survey.py, function: binFromGeometry4(), line: 1306, error: 'function' object has no attribute 'get_call_template'
2025-09-13T18:00:43     binning    Thread : started 'Bin from geometry', using 51,240 shot points
2025-09-13T18:00:48     error      Thread : . . . aborted binning operation
2025-09-13T18:00:48     error      Thread : . . . file: roll_survey.py, function: binFromGeometry4(), line: 1306, error: 'function' object has no attribute 'get_call_template'
2025-09-13T18:04:42     info       Parsing: D:/Roll/roll_samples/Noordoostpolder/Noordoostpolder.roll survey object succesfully parsed
2025-09-13T18:04:43     info       Params : D:/Roll/roll_samples/Noordoostpolder/Noordoostpolder.roll survey object read, containing 282 parameters+++

2025-09-15T14:45:11     info       Parsing: survey object succesfully parsed
2025-09-15T14:45:11     info       Params : survey object read, containing 282 parameters
2025-09-15T14:45:12     info       Plugin : Started on Windows 11 v(10.0.26100)
2025-09-15T14:45:45     info       Parsing: survey object succesfully parsed
2025-09-15T14:45:45     info       Params : survey object read, containing 282 parameters+++

2025-09-15T14:48:16     info       Parsing: survey object succesfully parsed
2025-09-15T14:48:17     info       Params : survey object read, containing 282 parameters
2025-09-15T14:48:17     info       Plugin : Started on Windows 11 v(10.0.26100)
2025-09-15T14:48:40     info       Parsing: survey object succesfully parsed
2025-09-15T14:48:40     info       Params : survey object read, containing 282 parameters+++

2025-09-15T16:10:25     info       Parsing: survey object succesfully parsed
2025-09-15T16:10:25     info       Params : survey object read, containing 282 parameters
2025-09-15T16:10:25     info       Plugin : Started on Windows 11 v(10.0.26100)
2025-09-15T16:10:32     info       Opening: D:/Roll/roll_samples/Noordoostpolder/Noordoostpolder.roll
2025-09-15T16:10:32     info       Parsing: D:/Roll/roll_samples/Noordoostpolder/Noordoostpolder.roll
2025-09-15T16:10:32     info       Parsing: D:/Roll/roll_samples/Noordoostpolder/Noordoostpolder.roll survey object succesfully parsed
2025-09-15T16:10:32     info       Reading: D:/Roll/roll_samples/Noordoostpolder/Noordoostpolder.roll
2025-09-15T16:10:32     info       Loading: D:/Roll/roll_samples/Noordoostpolder/Noordoostpolder.roll analysis files
2025-09-15T16:10:32     info       Loaded : . . . Fold map  : Min:0 - Max:209 
2025-09-15T16:10:32     info       Loaded : . . . Min-offset: Min:22.36m - Max:4972.05m 
2025-09-15T16:10:32     info       Loaded : . . . Max-offset: Min:22.36m - Max:5158.34m 
2025-09-15T16:10:32     info       Loaded : . . . offset histogram
2025-09-15T16:10:32     info       Loaded : . . . azi-offset histogram
2025-09-15T16:10:32     info       Loaded : . . . Analysis  : 671,044,500 traces (reserved space)
2025-09-15T16:10:32     error      Loaded : . . . Analysis  : 671,044,500 traces; too large to display in Trace Table
2025-09-15T16:10:32     info       Loaded : . . . read 161,894 rec-records
2025-09-15T16:10:32     info       Loaded : . . . read 51,240 src-records
2025-09-15T16:10:32     info       Loaded : . . . read 1,795,499 rel-records
2025-09-15T16:10:33     info       Params : D:/Roll/roll_samples/Noordoostpolder/Noordoostpolder.roll survey object read, containing 282 parameters
2025-09-15T16:11:54     info       Parsing: D:/Roll/roll_samples/Noordoostpolder/Noordoostpolder.roll survey object succesfully parsed
2025-09-15T16:11:54     info       Params : D:/Roll/roll_samples/Noordoostpolder/Noordoostpolder.roll survey object read, containing 282 parameters+++

2025-09-15T18:15:17     info       Parsing: survey object succesfully parsed
2025-09-15T18:15:18     info       Params : survey object read, containing 282 parameters
2025-09-15T18:15:18     info       Plugin : Started on Windows 11 v(10.0.26100)
2025-09-15T18:16:00     info       Opening: D:/Roll/roll_samples/Noordoostpolder/Noordoostpolder.roll
2025-09-15T18:16:00     info       Parsing: D:/Roll/roll_samples/Noordoostpolder/Noordoostpolder.roll
2025-09-15T18:16:00     info       Parsing: D:/Roll/roll_samples/Noordoostpolder/Noordoostpolder.roll survey object succesfully parsed
2025-09-15T18:16:00     info       Reading: D:/Roll/roll_samples/Noordoostpolder/Noordoostpolder.roll
2025-09-15T18:16:00     info       Loading: D:/Roll/roll_samples/Noordoostpolder/Noordoostpolder.roll analysis files
2025-09-15T18:16:00     info       Loaded : . . . Fold map  : Min:0 - Max:209 
2025-09-15T18:16:00     info       Loaded : . . . Min-offset: Min:22.36m - Max:4972.05m 
2025-09-15T18:16:00     info       Loaded : . . . Max-offset: Min:22.36m - Max:5158.34m 
2025-09-15T18:16:00     info       Loaded : . . . offset histogram
2025-09-15T18:16:00     info       Loaded : . . . azi-offset histogram
2025-09-15T18:16:39     info       Loaded : . . . Analysis  : 671,044,500 traces (reserved space)
2025-09-15T18:18:00     info       Parsing: D:/Roll/roll_samples/Noordoostpolder/Noordoostpolder.roll survey object succesfully parsed
2025-09-15T18:18:00     info       Params : D:/Roll/roll_samples/Noordoostpolder/Noordoostpolder.roll survey object read, containing 282 parameters+++

2025-09-15T18:18:37     info       Parsing: survey object succesfully parsed
2025-09-15T18:18:38     info       Params : survey object read, containing 282 parameters
2025-09-15T18:18:38     info       Plugin : Started on Windows 11 v(10.0.26100)
2025-09-15T18:18:44     info       Opening: D:/Roll/roll_samples/Noordoostpolder/Noordoostpolder.roll
2025-09-15T18:18:44     info       Parsing: D:/Roll/roll_samples/Noordoostpolder/Noordoostpolder.roll
2025-09-15T18:18:44     info       Parsing: D:/Roll/roll_samples/Noordoostpolder/Noordoostpolder.roll survey object succesfully parsed
2025-09-15T18:18:44     info       Reading: D:/Roll/roll_samples/Noordoostpolder/Noordoostpolder.roll
2025-09-15T18:18:44     info       Loading: D:/Roll/roll_samples/Noordoostpolder/Noordoostpolder.roll analysis files
2025-09-15T18:18:44     info       Loaded : . . . Fold map  : Min:0 - Max:209 
2025-09-15T18:18:44     info       Loaded : . . . Min-offset: Min:22.36m - Max:4972.05m 
2025-09-15T18:18:44     info       Loaded : . . . Max-offset: Min:22.36m - Max:5158.34m 
2025-09-15T18:18:44     info       Loaded : . . . offset histogram
2025-09-15T18:18:44     info       Loaded : . . . azi-offset histogram
2025-09-15T18:19:30     info       Loaded : . . . Analysis  : 671,044,500 traces (reserved space)
2025-09-15T18:19:38     error      Loaded : . . . Analysis  : 671,044,500 traces; too large to display in Trace Table
2025-09-15T18:19:53     info       Loaded : . . . read 161,894 rec-records
2025-09-15T18:19:53     info       Loaded : . . . read 51,240 src-records
2025-09-15T18:19:54     info       Loaded : . . . read 1,795,499 rel-records
2025-09-15T18:19:54     info       Params : D:/Roll/roll_samples/Noordoostpolder/Noordoostpolder.roll survey object read, containing 282 parameters
2025-09-15T18:20:47     binning    Thread : prepare memory mapped file for 671,044,500 traces, with nx=2630, ny=1215, fold=210
2025-09-15T18:20:57     binning    Thread : started 'Bin from geometry', using 51,240 shot points
2025-09-15T18:25:11     error      Thread : . . . aborted binning operation
2025-09-15T18:25:11     error      Thread : . . . file: roll_survey.py, function: binFromGeometry4(), line: 1306, error: 'function' object has no attribute 'get_call_template'
2025-09-15T18:27:06     info       Parsing: D:/Roll/roll_samples/Noordoostpolder/Noordoostpolder.roll survey object succesfully parsed
2025-09-15T18:27:07     info       Params : D:/Roll/roll_samples/Noordoostpolder/Noordoostpolder.roll survey object read, containing 282 parameters+++

2025-10-17T10:13:37     info       Plugin : Started on Windows 11 v(10.0.26100)
2025-10-17T10:13:37     warning    Library: Numba not available, running pure Python code only
2025-10-17T10:13:37     info       Parsing: survey object succesfully parsed
2025-10-17T10:13:37     info       Params : survey object read, containing 282 parameters
2025-10-17T11:26:59     info       Parsing: survey object succesfully parsed
2025-10-17T11:26:59     info       Params : survey object read, containing 282 parameters+++

2025-10-31T12:15:40     info       Plugin : Started on Windows 11 v(10.0.26100)
2025-10-31T12:15:40     warning    Library: Numba not available, running pure Python code only
2025-10-31T12:15:40     info       Parsing: survey object succesfully parsed
2025-10-31T12:15:40     info       Params : survey object read, containing 282 parameters
2025-10-31T12:32:49     info       Parsing: survey object succesfully parsed
2025-10-31T12:32:49     info       Params : survey object read, containing 282 parameters+++

2026-01-24T16:07:11     info       Plugin : Started on Windows 11 v(10.0.26200)
2026-01-24T16:07:11     info       Library: Numba version 0.62.1 available for JIT acceleration
2026-01-24T16:07:11     info       Parsing: survey object succesfully parsed
2026-01-24T16:07:11     info       Params : survey object read, containing 282 parameters
2026-01-24T16:07:24     info       Opening: D:/Roll/roll_samples/other/TripleZigzag_001.roll
2026-01-24T16:07:24     info       Parsing: D:/Roll/roll_samples/other/TripleZigzag_001.roll
2026-01-24T16:07:24     info       Parsing: D:/Roll/roll_samples/other/TripleZigzag_001.roll survey object succesfully parsed
2026-01-24T16:07:24     info       Reading: D:/Roll/roll_samples/other/TripleZigzag_001.roll, success: True
2026-01-24T16:07:24     info       Loading: D:/Roll/roll_samples/other/TripleZigzag_001.roll analysis files
2026-01-24T16:07:24     info       Loaded : . . . Fold map  : Min:0 - Max:180 
2026-01-24T16:07:24     info       Loaded : . . . Min-offset: Min:35.36m - Max:6372.70m 
2026-01-24T16:07:24     info       Loaded : . . . Max-offset: Min:4796.48m - Max:6372.70m 
2026-01-24T16:07:24     info       Loaded : . . . Rms-offset: Min:0.00m - Max:420.05m 
2026-01-24T16:07:24     info       Loaded : . . . Analysis  : 53,887,680 traces (reserved space)
2026-01-24T16:07:24     info       Loaded : . . . Analysis: 53,887,680 traces available (showing 1,000,000 at a time)
2026-01-24T16:07:25     info       Params : D:/Roll/roll_samples/other/TripleZigzag_001.roll survey object read, containing 1014 parameters
2026-01-24T16:07:56     geometry   Thread : Started 'Create Geometry from Templates', from 13,824 shot points
2026-01-24T16:08:00     geometry   Thread : Completed 'Create Geometry from Templates'. Elapsed time:0:00:04 
2026-01-24T16:09:13     binning    Thread : Prepare memory mapped file for 53,887,680 traces, with nx=630, ny=432, fold=198
2026-01-24T16:09:15     binning    Thread : Started 'Bin from geometry', using 13,824 shot points
2026-01-24T16:11:11     binning    Thread : Binning completed. Elapsed time:0:01:56 
2026-01-24T16:11:11     binning    Thread : . . . Fold       : Min:0 - Max:180 
2026-01-24T16:11:11     binning    Thread : . . . Min-offsets: Min:35.36m - Max:6372.70m 
2026-01-24T16:11:11     binning    Thread : . . . Max-offsets: Min:4796.48m - Max:6372.70m 
2026-01-24T16:11:11     binning    Thread : . . . Rms-offsets: Min:0.00m - Max:420.05m 
2026-01-24T16:11:11     info       Loaded : . . . Analysis: 53,887,680 traces available (showing 1,000,000 at a time)
2026-01-24T16:13:29     warning    Warning  : Falling back to Python spider plotting because Numba failed ('function' object has no attribute 'get_call_template').
2026-01-24T16:32:25     binning    Thread : Prepare memory mapped file for 53,887,680 traces, with nx=630, ny=432, fold=198
2026-01-24T16:32:26     binning    Thread : Started 'Bin from templates', using 13,824 shot points
2026-01-24T16:35:09     binning    Thread : Binning completed. Elapsed time:0:02:44 
2026-01-24T16:35:09     binning    Thread : . . . Fold       : Min:0 - Max:180 
2026-01-24T16:35:09     binning    Thread : . . . Min-offsets: Min:35.36m - Max:6372.70m 
2026-01-24T16:35:09     binning    Thread : . . . Max-offsets: Min:4796.48m - Max:6372.70m 
2026-01-24T16:35:09     binning    Thread : . . . Rms-offsets: Min:0.00m - Max:420.05m 
2026-01-24T16:35:09     info       Loaded : . . . Analysis: 53,887,680 traces available (showing 1,000,000 at a time)
2026-01-24T16:37:49     binning    Thread : Prepare memory mapped file for 53,887,680 traces, with nx=630, ny=432, fold=198
2026-01-24T16:37:49     binning    Thread : Started 'Bin from geometry', using 13,824 shot points
2026-01-24T16:39:45     binning    Thread : Binning completed. Elapsed time:0:01:56 
2026-01-24T16:39:45     binning    Thread : . . . Fold       : Min:0 - Max:180 
2026-01-24T16:39:45     binning    Thread : . . . Min-offsets: Min:35.36m - Max:6372.70m 
2026-01-24T16:39:45     binning    Thread : . . . Max-offsets: Min:4796.48m - Max:6372.70m 
2026-01-24T16:39:45     binning    Thread : . . . Rms-offsets: Min:0.00m - Max:420.05m 
2026-01-24T16:39:45     info       Loaded : . . . Analysis: 53,887,680 traces available (showing 1,000,000 at a time)
2026-01-24T16:41:30     info       Opening: D:/Roll/roll_testing/Marine/10x2x8000m.roll
2026-01-24T16:41:30     info       Parsing: D:/Roll/roll_testing/Marine/10x2x8000m.roll
2026-01-24T16:41:30     info       Parsing: D:/Roll/roll_testing/Marine/10x2x8000m.roll survey object succesfully parsed
2026-01-24T16:41:30     info       Reading: D:/Roll/roll_testing/Marine/10x2x8000m.roll, success: True
2026-01-24T16:41:30     info       Loading: D:/Roll/roll_testing/Marine/10x2x8000m.roll analysis files
2026-01-24T16:41:30     info       Loaded : . . . Fold map  : Min:80 - Max:80 
2026-01-24T16:41:30     info       Loaded : . . . Min-offset: Min:201.56m - Max:555.23m 
2026-01-24T16:41:30     info       Loaded : . . . Max-offset: Min:8100.04m - Max:8201.27m 
2026-01-24T16:41:30     info       Loaded : . . . Rms-offset: Min:0.04m - Max:8.86m 
2026-01-24T16:41:30     info       Loaded : . . . Analysis  : 3,072,000 traces (reserved space)
2026-01-24T16:41:30     info       Loaded : . . . Analysis: 3,072,000 traces available (showing 1,000,000 at a time)
2026-01-24T16:41:31     info       Params : D:/Roll/roll_testing/Marine/10x2x8000m.roll survey object read, containing 1312 parameters
2026-01-24T16:42:54     geometry   Thread : Started 'Create Geometry from Templates', from 38,400 shot points
2026-01-24T16:57:14     geometry   Thread : Completed 'Create Geometry from Templates'. Elapsed time:0:14:21 
2026-01-24T17:41:09     binning    Thread : Prepare memory mapped file for 3,072,000 traces, with nx=320, ny=80, fold=120
2026-01-24T17:41:09     binning    Thread : Started 'Bin from geometry', using 38,400 shot points
2026-01-24T17:49:59     binning    Thread : Binning completed. Elapsed time:0:08:51 
2026-01-24T17:49:59     binning    Thread : . . . Fold       : Min:80 - Max:80 
2026-01-24T17:49:59     binning    Thread : . . . Min-offsets: Min:201.56m - Max:555.23m 
2026-01-24T17:49:59     binning    Thread : . . . Max-offsets: Min:8100.04m - Max:8201.27m 
2026-01-24T17:49:59     binning    Thread : . . . Rms-offsets: Min:0.04m - Max:8.86m 
2026-01-24T17:49:59     info       Loaded : . . . Analysis: 3,072,000 traces available (showing 1,000,000 at a time)
2026-01-24T20:34:30     info       Opening: D:/Roll/roll_samples/Noordoostpolder/Noordoostpolder.roll
2026-01-24T20:34:30     info       Parsing: D:/Roll/roll_samples/Noordoostpolder/Noordoostpolder.roll
2026-01-24T20:34:30     info       Parsing: D:/Roll/roll_samples/Noordoostpolder/Noordoostpolder.roll survey object succesfully parsed
2026-01-24T20:34:30     info       Reading: D:/Roll/roll_samples/Noordoostpolder/Noordoostpolder.roll, success: True
2026-01-24T20:34:30     info       Loading: D:/Roll/roll_samples/Noordoostpolder/Noordoostpolder.roll analysis files
2026-01-24T20:34:30     info       Loaded : . . . Fold map  : Min:0 - Max:209 
2026-01-24T20:34:30     info       Loaded : . . . Min-offset: Min:22.36m - Max:4998.13m 
2026-01-24T20:34:30     info       Loaded : . . . Max-offset: Min:22.36m - Max:5158.34m 
2026-01-24T20:34:30     info       Loaded : . . . Rms-offset: Min:0.00m - Max:1416.25m 
2026-01-24T20:34:30     info       Loaded : . . . offset histogram
2026-01-24T20:34:31     info       Loaded : . . . azi-offset histogram
2026-01-24T20:34:31     info       Loaded : . . . Analysis  : 671,044,500 traces (reserved space)
2026-01-24T20:34:31     info       Loaded : . . . Analysis: 671,044,500 traces available (showing 1,000,000 at a time)
2026-01-24T20:34:31     info       Loaded : . . . read 161,894 rec-records
2026-01-24T20:34:31     info       Loaded : . . . read 51,240 src-records
2026-01-24T20:34:31     info       Loaded : . . . read 1,795,499 rel-records
2026-01-24T20:34:33     info       Params : D:/Roll/roll_samples/Noordoostpolder/Noordoostpolder.roll survey object read, containing 282 parameters
2026-01-24T20:36:06     binning    Thread : Prepare memory mapped file for 671,044,500 traces, with nx=2630, ny=1215, fold=210
2026-01-24T20:36:30     binning    Thread : Started 'Bin from templates', using 51,240 shot points
2026-01-24T21:35:25     binning    Thread : Binning completed. Elapsed time:0:58:56 
2026-01-24T21:35:25     binning    Thread : . . . Fold       : Min:0 - Max:209 
2026-01-24T21:35:25     binning    Thread : . . . Min-offsets: Min:22.36m - Max:4998.13m 
2026-01-24T21:35:25     binning    Thread : . . . Max-offsets: Min:22.36m - Max:5158.34m 
2026-01-24T21:35:25     binning    Thread : . . . Rms-offsets: Min:0.00m - Max:1416.25m 
2026-01-24T21:35:25     info       Loaded : . . . Analysis: 671,044,500 traces available (showing 1,000,000 at a time)
2026-01-24T21:53:53     binning    Thread : Prepare memory mapped file for 671,044,500 traces, with nx=2630, ny=1215, fold=210
2026-01-24T21:54:00     binning    Thread : Started 'Bin from geometry', using 51,240 shot points
2026-01-24T21:54:02     error      Thread : . . . aborted binning operation
2026-01-24T21:54:02     error      Thread : . . . file: worker_threads.py, function: run(), line: 95, error: arguments did not match any overloaded call: map(self, x: int, y: int) -> (Optional[int], Optional[int]): argument 1 has unexpected type 'numpy.ndarray' map(self, x: float, y: float) -> (Optional[float], Optional[float]): argument 1 has unexpected type 'numpy.ndarray' map(self, p: QPoint): argument 1 has unexpected type 'numpy.ndarray' map(self, p: Union[QPointF, QPoint]): argument 1 has unexpected type 'numpy.ndarray' map(self, l: QLine): argument 1 has unexpected type 'numpy.ndarray' map(self, l: QLineF): argument 1 has unexpected type 'numpy.ndarray' map(self, a: QPolygonF): argument 1 has unexpected type 'numpy.ndarray' map(self, a: QPolygon): argument 1 has unexpected type 'numpy.ndarray' map(self, r: QRegion): argument 1 has unexpected type 'numpy.ndarray' map(self, p: QPainterPath): argument 1 has unexpected type 'numpy.ndarray'
2026-01-24T22:04:42     info       Parsing: D:/Roll/roll_samples/Noordoostpolder/Noordoostpolder.roll survey object succesfully parsed
2026-01-24T22:04:42     info       Params : D:/Roll/roll_samples/Noordoostpolder/Noordoostpolder.roll survey object read, containing 282 parameters+++

2026-01-24T22:04:49     info       Plugin : Started on Windows 11 v(10.0.26200)
2026-01-24T22:04:49     info       Library: Numba version 0.62.1 available for JIT acceleration
2026-01-24T22:04:49     info       Parsing: survey object succesfully parsed
2026-01-24T22:04:49     info       Params : survey object read, containing 282 parameters
2026-01-24T22:04:53     info       Parsing: survey object succesfully parsed
2026-01-24T22:04:53     info       Params : survey object read, containing 282 parameters+++

2026-01-26T12:25:38     info       Plugin : Started on Windows 11 v(10.0.26200)
2026-01-26T12:25:38     info       Library: Numba version 0.62.1 available for JIT acceleration
2026-01-26T12:25:38     info       Parsing: survey object succesfully parsed
2026-01-26T12:25:38     info       Params : survey object read, containing 282 parameters
2026-01-26T12:25:43     info       Opening: D:/Roll/roll_samples/Noordoostpolder/Noordoostpolder.roll
2026-01-26T12:25:43     info       Parsing: D:/Roll/roll_samples/Noordoostpolder/Noordoostpolder.roll
2026-01-26T12:25:43     info       Parsing: D:/Roll/roll_samples/Noordoostpolder/Noordoostpolder.roll survey object succesfully parsed
2026-01-26T12:25:43     info       Reading: D:/Roll/roll_samples/Noordoostpolder/Noordoostpolder.roll, success: True
2026-01-26T12:25:43     info       Loading: D:/Roll/roll_samples/Noordoostpolder/Noordoostpolder.roll analysis files
2026-01-26T12:25:43     info       Loaded : . . . Fold map  : Min:1 - Max:209 
2026-01-26T12:25:43     info       Loaded : . . . Min-offset: Min:22.36m - Max:358.47m 
2026-01-26T12:25:43     info       Loaded : . . . Max-offset: Min:22.36m - Max:5158.34m 
2026-01-26T12:25:43     info       Loaded : . . . Rms-offset: Min:0.00m - Max:309.82m 
2026-01-26T12:25:43     info       Loaded : . . . offset histogram
2026-01-26T12:25:43     info       Loaded : . . . azi-offset histogram
2026-01-26T12:25:43     info       Loaded : . . . Analysis  : 671,044,500 traces (reserved space)
2026-01-26T12:25:43     info       Loaded : . . . Analysis: 671,044,500 traces available (showing 1,000,000 at a time)
2026-01-26T12:25:43     info       Loaded : . . . read 161,894 rec-records
2026-01-26T12:25:43     info       Loaded : . . . read 51,240 src-records
2026-01-26T12:25:43     info       Loaded : . . . read 1,795,499 rel-records
2026-01-26T12:25:47     info       Params : D:/Roll/roll_samples/Noordoostpolder/Noordoostpolder.roll survey object read, containing 282 parameters
2026-01-26T12:26:05     binning    Thread : Prepare memory mapped file for 671,044,500 traces, with nx=2630, ny=1215, fold=210
2026-01-26T12:26:28     binning    Thread : Started 'Bin from geometry', using 51,240 shot points
2026-01-26T13:06:25     binning    Thread : Binning completed. Elapsed time:0:39:57 
2026-01-26T13:06:25     binning    Thread : . . . Fold       : Min:1 - Max:209 
2026-01-26T13:06:25     binning    Thread : . . . Min-offsets: Min:22.36m - Max:358.47m 
2026-01-26T13:06:25     binning    Thread : . . . Max-offsets: Min:22.36m - Max:5158.34m 
2026-01-26T13:06:25     binning    Thread : . . . Rms-offsets: Min:0.00m - Max:309.82m 
2026-01-26T13:06:25     info       Loaded : . . . Analysis: 671,044,500 traces available (showing 1,000,000 at a time)
2026-01-26T13:25:04     info       Export : incorporated fold map in QGIS
2026-01-26T13:26:00     info       Parsing: D:/Roll/roll_samples/Noordoostpolder/Noordoostpolder.roll survey object succesfully parsed
2026-01-26T13:26:00     info       Params : D:/Roll/roll_samples/Noordoostpolder/Noordoostpolder.roll survey object read, containing 282 parameters+++

2026-01-26T13:31:58     info       Plugin : Started on Windows 11 v(10.0.26200)
2026-01-26T13:31:58     info       Library: Numba version 0.62.1 available for JIT acceleration
2026-01-26T13:31:58     info       Parsing: survey object succesfully parsed
2026-01-26T13:31:59     info       Params : survey object read, containing 282 parameters
2026-01-26T13:32:09     info       Opening: D:/Roll/roll_samples/Noordoostpolder/Noordoostpolder.roll
2026-01-26T13:32:09     info       Parsing: D:/Roll/roll_samples/Noordoostpolder/Noordoostpolder.roll
2026-01-26T13:32:09     info       Parsing: D:/Roll/roll_samples/Noordoostpolder/Noordoostpolder.roll survey object succesfully parsed
2026-01-26T13:32:09     info       Reading: D:/Roll/roll_samples/Noordoostpolder/Noordoostpolder.roll, success: True
2026-01-26T13:32:09     info       Loading: D:/Roll/roll_samples/Noordoostpolder/Noordoostpolder.roll analysis files
2026-01-26T13:32:09     info       Loaded : . . . Fold map  : Min:0 - Max:209 
2026-01-26T13:32:09     info       Loaded : . . . Min-offset: Min:22.36m - Max:4998.13m 
2026-01-26T13:32:09     info       Loaded : . . . Max-offset: Min:22.36m - Max:5158.34m 
2026-01-26T13:32:09     info       Loaded : . . . Rms-offset: Min:0.00m - Max:1376.98m 
2026-01-26T13:32:09     info       Loaded : . . . offset histogram
2026-01-26T13:32:09     info       Loaded : . . . azi-offset histogram
2026-01-26T13:32:09     info       Loaded : . . . Analysis  : 671,044,500 traces (reserved space)
2026-01-26T13:32:09     info       Loaded : . . . Analysis: 671,044,500 traces available (showing 1,000,000 at a time)
2026-01-26T13:32:09     info       Loaded : . . . read 161,894 rec-records
2026-01-26T13:32:09     info       Loaded : . . . read 51,240 src-records
2026-01-26T13:32:09     info       Loaded : . . . read 1,795,499 rel-records
2026-01-26T13:32:12     info       Params : D:/Roll/roll_samples/Noordoostpolder/Noordoostpolder.roll survey object read, containing 282 parameters
2026-01-26T13:32:17     binning    Thread : Prepare memory mapped file for 671,044,500 traces, with nx=2630, ny=1215, fold=210
2026-01-26T13:32:24     binning    Thread : Started 'Bin from geometry', using 51,240 shot points
2026-01-26T13:32:27     error      Thread : . . . aborted binning operation
2026-01-26T13:32:27     error      Thread : . . . file: worker_threads.py, function: run(), line: 95, error: arguments did not match any overloaded call: map(self, x: int, y: int) -> (Optional[int], Optional[int]): argument 1 has unexpected type 'numpy.ndarray' map(self, x: float, y: float) -> (Optional[float], Optional[float]): argument 1 has unexpected type 'numpy.ndarray' map(self, p: QPoint): argument 1 has unexpected type 'numpy.ndarray' map(self, p: Union[QPointF, QPoint]): argument 1 has unexpected type 'numpy.ndarray' map(self, l: QLine): argument 1 has unexpected type 'numpy.ndarray' map(self, l: QLineF): argument 1 has unexpected type 'numpy.ndarray' map(self, a: QPolygonF): argument 1 has unexpected type 'numpy.ndarray' map(self, a: QPolygon): argument 1 has unexpected type 'numpy.ndarray' map(self, r: QRegion): argument 1 has unexpected type 'numpy.ndarray' map(self, p: QPainterPath): argument 1 has unexpected type 'numpy.ndarray'
2026-01-26T13:33:02     info       Parsing: D:/Roll/roll_samples/Noordoostpolder/Noordoostpolder.roll survey object succesfully parsed
2026-01-26T13:33:03     info       Params : D:/Roll/roll_samples/Noordoostpolder/Noordoostpolder.roll survey object read, containing 282 parameters+++

2026-01-26T13:34:27     info       Plugin : Started on Windows 11 v(10.0.26200)
2026-01-26T13:34:27     info       Library: Numba version 0.62.1 available for JIT acceleration
2026-01-26T13:34:27     info       Parsing: survey object succesfully parsed
2026-01-26T13:34:28     info       Params : survey object read, containing 282 parameters
2026-01-26T13:34:33     info       Opening: D:/Roll/roll_samples/Noordoostpolder/Noordoostpolder.roll
2026-01-26T13:34:33     info       Parsing: D:/Roll/roll_samples/Noordoostpolder/Noordoostpolder.roll
2026-01-26T13:34:33     info       Parsing: D:/Roll/roll_samples/Noordoostpolder/Noordoostpolder.roll survey object succesfully parsed
2026-01-26T13:34:33     info       Reading: D:/Roll/roll_samples/Noordoostpolder/Noordoostpolder.roll, success: True
2026-01-26T13:34:33     info       Loading: D:/Roll/roll_samples/Noordoostpolder/Noordoostpolder.roll analysis files
2026-01-26T13:34:33     info       Loaded : . . . Fold map  : Min:0 - Max:209 
2026-01-26T13:34:33     info       Loaded : . . . Min-offset: Min:22.36m - Max:4998.13m 
2026-01-26T13:34:33     info       Loaded : . . . Max-offset: Min:22.36m - Max:5158.34m 
2026-01-26T13:34:33     info       Loaded : . . . Rms-offset: Min:0.00m - Max:1376.98m 
2026-01-26T13:34:33     info       Loaded : . . . offset histogram
2026-01-26T13:34:33     info       Loaded : . . . azi-offset histogram
2026-01-26T13:34:33     info       Loaded : . . . Analysis  : 671,044,500 traces (reserved space)
2026-01-26T13:34:33     info       Loaded : . . . Analysis: 671,044,500 traces available (showing 1,000,000 at a time)
2026-01-26T13:34:33     info       Loaded : . . . read 161,894 rec-records
2026-01-26T13:34:33     info       Loaded : . . . read 51,240 src-records
2026-01-26T13:34:33     info       Loaded : . . . read 1,795,499 rel-records
2026-01-26T13:34:37     info       Params : D:/Roll/roll_samples/Noordoostpolder/Noordoostpolder.roll survey object read, containing 282 parameters
2026-01-26T13:34:40     binning    Thread : Prepare memory mapped file for 671,044,500 traces, with nx=2630, ny=1215, fold=210
2026-01-26T13:34:47     binning    Thread : Started 'Bin from geometry', using 51,240 shot points
2026-01-26T14:17:58     binning    Thread : Binning completed. Elapsed time:0:43:11 
2026-01-26T14:17:58     binning    Thread : . . . Fold       : Min:0 - Max:209 
2026-01-26T14:17:58     binning    Thread : . . . Min-offsets: Min:22.36m - Max:4998.13m 
2026-01-26T14:17:58     binning    Thread : . . . Max-offsets: Min:22.36m - Max:5158.34m 
2026-01-26T14:17:58     binning    Thread : . . . Rms-offsets: Min:0.00m - Max:1376.98m 
2026-01-26T14:17:58     info       Loaded : . . . Analysis: 671,044,500 traces available (showing 1,000,000 at a time)
2026-01-26T14:22:46     info       Parsing: D:/Roll/roll_samples/Noordoostpolder/Noordoostpolder.roll survey object succesfully parsed
2026-01-26T14:22:47     info       Params : D:/Roll/roll_samples/Noordoostpolder/Noordoostpolder.roll survey object read, containing 282 parameters+++

2026-01-26T14:26:45     info       Plugin : Started on Windows 11 v(10.0.26200)
2026-01-26T14:26:45     info       Library: Numba version 0.62.1 available for JIT acceleration
2026-01-26T14:26:45     info       Parsing: survey object succesfully parsed
2026-01-26T14:26:45     info       Params : survey object read, containing 282 parameters
2026-01-26T14:26:55     info       Opening: D:/Roll/roll_samples/Noordoostpolder/Noordoostpolder.roll
2026-01-26T14:26:55     info       Parsing: D:/Roll/roll_samples/Noordoostpolder/Noordoostpolder.roll
2026-01-26T14:26:55     info       Parsing: D:/Roll/roll_samples/Noordoostpolder/Noordoostpolder.roll survey object succesfully parsed
2026-01-26T14:26:55     info       Reading: D:/Roll/roll_samples/Noordoostpolder/Noordoostpolder.roll, success: True
2026-01-26T14:26:55     info       Loading: D:/Roll/roll_samples/Noordoostpolder/Noordoostpolder.roll analysis files
2026-01-26T14:26:55     info       Loaded : . . . Fold map  : Min:0 - Max:209 
2026-01-26T14:26:55     info       Loaded : . . . Min-offset: Min:22.36m - Max:4998.13m 
2026-01-26T14:26:55     info       Loaded : . . . Max-offset: Min:22.36m - Max:5158.34m 
2026-01-26T14:26:55     info       Loaded : . . . Rms-offset: Min:0.00m - Max:1376.98m 
2026-01-26T14:26:55     info       Loaded : . . . offset histogram
2026-01-26T14:26:55     info       Loaded : . . . azi-offset histogram
2026-01-26T14:26:55     info       Loaded : . . . Analysis  : 671,044,500 traces (reserved space)
2026-01-26T14:26:55     info       Loaded : . . . Analysis: 671,044,500 traces available (showing 1,000,000 at a time)
2026-01-26T14:26:55     info       Loaded : . . . read 161,894 rec-records
2026-01-26T14:26:55     info       Loaded : . . . read 51,240 src-records
2026-01-26T14:26:55     info       Loaded : . . . read 1,795,499 rel-records
2026-01-26T14:26:59     info       Params : D:/Roll/roll_samples/Noordoostpolder/Noordoostpolder.roll survey object read, containing 282 parameters
2026-01-26T14:28:23     binning    Thread : Prepare memory mapped file for 671,044,500 traces, with nx=2630, ny=1215, fold=210
2026-01-26T14:28:31     binning    Thread : Started 'Bin from geometry', using 51,240 shot points
2026-01-26T15:13:06     binning    Thread : Binning completed. Elapsed time:0:44:36 
2026-01-26T15:13:06     binning    Thread : . . . Fold       : Min:0 - Max:209 
2026-01-26T15:13:06     binning    Thread : . . . Min-offsets: Min:22.36m - Max:4998.13m 
2026-01-26T15:13:06     binning    Thread : . . . Max-offsets: Min:22.36m - Max:5158.34m 
2026-01-26T15:13:06     binning    Thread : . . . Rms-offsets: Min:0.00m - Max:1376.98m 
2026-01-26T15:13:07     info       Loaded : . . . Analysis: 671,044,500 traces available (showing 1,000,000 at a time)
2026-01-26T16:30:01     info       Parsing: D:/Roll/roll_samples/Noordoostpolder/Noordoostpolder.roll survey object succesfully parsed
2026-01-26T16:30:02     info       Params : D:/Roll/roll_samples/Noordoostpolder/Noordoostpolder.roll survey object read, containing 282 parameters+++

2026-02-02T12:18:18     info       Plugin : Started on Windows 11 v(10.0.26200)
2026-02-02T12:18:18     info       Library: Numba version 0.62.1 available for JIT acceleration
2026-02-02T12:18:18     info       Parsing: survey object succesfully parsed
2026-02-02T12:18:18     info       Params : survey object read, containing 282 parameters
2026-02-02T12:18:43     info       Opening: D:/EBN/Amstelland 3D/Amstelland 3D.roll
2026-02-02T12:18:43     info       Parsing: D:/EBN/Amstelland 3D/Amstelland 3D.roll
2026-02-02T12:18:43     info       Parsing: D:/EBN/Amstelland 3D/Amstelland 3D.roll survey object succesfully parsed
2026-02-02T12:18:43     info       Reading: D:/EBN/Amstelland 3D/Amstelland 3D.roll, success: True
2026-02-02T12:18:43     info       Loading: D:/EBN/Amstelland 3D/Amstelland 3D.roll analysis files
2026-02-02T12:18:43     info       Loaded : . . . Fold map  : Min:0 - Max:488 
2026-02-02T12:18:43     info       Loaded : . . . Min-offset: Min:0.69m - Max:3359.95m 
2026-02-02T12:18:43     info       Loaded : . . . Max-offset: Min:0.69m - Max:3360.00m 
2026-02-02T12:18:43     info       Loaded : . . . Rms-offset: Min:0.00m - Max:1675.63m 
2026-02-02T12:18:43     info       Loaded : . . . Analysis  : 143,750,000 traces (reserved space)
2026-02-02T12:18:43     info       Loaded : . . . Analysis: 143,750,000 traces available (showing 1,000,000 at a time)
2026-02-02T12:18:43     info       Loaded : . . . read 20,001 rps-records
2026-02-02T12:18:43     info       Loaded : . . . read 6,143 sps-records
2026-02-02T12:18:43     info       Loaded : . . . read 3,920,579 xps-records
2026-02-02T12:18:44     info       Params : D:/EBN/Amstelland 3D/Amstelland 3D.roll survey object read, containing 282 parameters
2026-02-02T12:19:22     info       Opening: D:/Roll/roll_samples/Noordoostpolder/Noordoostpolder.roll
2026-02-02T12:19:22     info       Parsing: D:/Roll/roll_samples/Noordoostpolder/Noordoostpolder.roll
2026-02-02T12:19:22     info       Parsing: D:/Roll/roll_samples/Noordoostpolder/Noordoostpolder.roll survey object succesfully parsed
2026-02-02T12:19:22     info       Reading: D:/Roll/roll_samples/Noordoostpolder/Noordoostpolder.roll, success: True
2026-02-02T12:19:22     info       Loading: D:/Roll/roll_samples/Noordoostpolder/Noordoostpolder.roll analysis files
2026-02-02T12:19:22     info       Loaded : . . . Fold map  : Min:0 - Max:209 
2026-02-02T12:19:22     info       Loaded : . . . Min-offset: Min:22.36m - Max:4998.13m 
2026-02-02T12:19:22     info       Loaded : . . . Max-offset: Min:22.36m - Max:5158.34m 
2026-02-02T12:19:22     info       Loaded : . . . Rms-offset: Min:0.00m - Max:1376.98m 
2026-02-02T12:19:22     info       Loaded : . . . offset histogram
2026-02-02T12:19:22     info       Loaded : . . . azi-offset histogram
2026-02-02T12:19:22     info       Loaded : . . . Analysis  : 671,044,500 traces (reserved space)
2026-02-02T12:19:22     info       Loaded : . . . Analysis: 671,044,500 traces available (showing 1,000,000 at a time)
2026-02-02T12:19:22     info       Loaded : . . . read 161,894 rec-records
2026-02-02T12:19:22     info       Loaded : . . . read 51,240 src-records
2026-02-02T12:19:22     info       Loaded : . . . read 1,795,499 rel-records
2026-02-02T12:19:27     info       Params : D:/Roll/roll_samples/Noordoostpolder/Noordoostpolder.roll survey object read, containing 282 parameters
2026-02-02T12:31:37     info       Parsing: D:/Roll/roll_samples/Noordoostpolder/Noordoostpolder.roll survey object succesfully parsed
2026-02-02T12:31:37     info       Params : D:/Roll/roll_samples/Noordoostpolder/Noordoostpolder.roll survey object read, containing 282 parameters+++

2026-02-02T12:31:44     info       Plugin : Started on Windows 11 v(10.0.26200)
2026-02-02T12:31:44     info       Library: Numba version 0.62.1 available for JIT acceleration
2026-02-02T12:31:44     info       Parsing: survey object succesfully parsed
2026-02-02T12:31:44     info       Params : survey object read, containing 282 parameters
2026-02-02T12:31:49     info       Opening: D:/Roll/roll_samples/Noordoostpolder/Noordoostpolder.roll
2026-02-02T12:31:49     info       Parsing: D:/Roll/roll_samples/Noordoostpolder/Noordoostpolder.roll
2026-02-02T12:31:49     info       Parsing: D:/Roll/roll_samples/Noordoostpolder/Noordoostpolder.roll survey object succesfully parsed
2026-02-02T12:31:49     info       Reading: D:/Roll/roll_samples/Noordoostpolder/Noordoostpolder.roll, success: True
2026-02-02T12:31:49     info       Loading: D:/Roll/roll_samples/Noordoostpolder/Noordoostpolder.roll analysis files
2026-02-02T12:31:49     info       Loaded : . . . Fold map  : Min:0 - Max:209 
2026-02-02T12:31:49     info       Loaded : . . . Min-offset: Min:22.36m - Max:4998.13m 
2026-02-02T12:31:49     info       Loaded : . . . Max-offset: Min:22.36m - Max:5158.34m 
2026-02-02T12:31:49     info       Loaded : . . . Rms-offset: Min:0.00m - Max:1376.98m 
2026-02-02T12:31:49     info       Loaded : . . . offset histogram
2026-02-02T12:31:49     info       Loaded : . . . azi-offset histogram
2026-02-02T12:31:49     info       Loaded : . . . Analysis  : 671,044,500 traces (reserved space)
2026-02-02T12:31:49     info       Loaded : . . . Analysis: 671,044,500 traces available (showing 1,000,000 at a time)
2026-02-02T12:31:49     info       Loaded : . . . read 161,894 rec-records
2026-02-02T12:31:49     info       Loaded : . . . read 51,240 src-records
2026-02-02T12:31:49     info       Loaded : . . . read 1,795,499 rel-records
2026-02-02T12:31:53     info       Params : D:/Roll/roll_samples/Noordoostpolder/Noordoostpolder.roll survey object read, containing 282 parameters
2026-02-02T12:32:05     info       Sorting: SRC-data sorted on ['Line']
2026-02-02T12:32:06     info       Sorting: SRC-data sorted on ['Point', 'Line']
2026-02-02T12:32:08     info       Sorting: SRC-data sorted on ['Line']
2026-02-02T12:32:10     info       Sorting: SRC-data sorted on ['Point', 'Line']
2026-02-02T12:32:11     info       Sorting: SRC-data sorted on ['Line']
2026-02-02T14:09:06     info       Parsing: D:/Roll/roll_samples/Noordoostpolder/Noordoostpolder.roll survey object succesfully parsed
2026-02-02T14:09:06     info       Params : D:/Roll/roll_samples/Noordoostpolder/Noordoostpolder.roll survey object read, containing 282 parameters+++

2026-02-02T14:09:46     info       Plugin : Started on Windows 11 v(10.0.26200)
2026-02-02T14:09:46     info       Library: Numba version 0.62.1 available for JIT acceleration
2026-02-02T14:09:46     info       Parsing: survey object succesfully parsed
2026-02-02T14:09:46     info       Params : survey object read, containing 282 parameters
2026-02-02T14:09:52     info       Opening: D:/Roll/roll_samples/Noordoostpolder/Noordoostpolder.roll
2026-02-02T14:09:52     info       Parsing: D:/Roll/roll_samples/Noordoostpolder/Noordoostpolder.roll
2026-02-02T14:09:52     info       Parsing: D:/Roll/roll_samples/Noordoostpolder/Noordoostpolder.roll survey object succesfully parsed
2026-02-02T14:09:52     info       Reading: D:/Roll/roll_samples/Noordoostpolder/Noordoostpolder.roll, success: True
2026-02-02T14:09:52     info       Loading: D:/Roll/roll_samples/Noordoostpolder/Noordoostpolder.roll analysis files
2026-02-02T14:09:52     info       Loaded : . . . Fold map  : Min:0 - Max:209 
2026-02-02T14:09:52     info       Loaded : . . . Min-offset: Min:22.36m - Max:4998.13m 
2026-02-02T14:09:52     info       Loaded : . . . Max-offset: Min:22.36m - Max:5158.34m 
2026-02-02T14:09:52     info       Loaded : . . . Rms-offset: Min:0.00m - Max:1376.98m 
2026-02-02T14:09:52     info       Loaded : . . . offset histogram
2026-02-02T14:09:52     info       Loaded : . . . azi-offset histogram
2026-02-02T14:09:52     info       Loaded : . . . Analysis  : 671,044,500 traces (reserved space)
2026-02-02T14:09:52     info       Loaded : . . . Analysis: 671,044,500 traces available (showing 1,000,000 at a time)
2026-02-02T14:09:52     info       Loaded : . . . read 161,894 rec-records
2026-02-02T14:09:52     info       Loaded : . . . read 51,240 src-records
2026-02-02T14:09:52     info       Loaded : . . . read 1,795,499 rel-records
2026-02-02T14:09:56     info       Params : D:/Roll/roll_samples/Noordoostpolder/Noordoostpolder.roll survey object read, containing 282 parameters
2026-02-02T14:16:51     info       Parsing: D:/Roll/roll_samples/Noordoostpolder/Noordoostpolder.roll survey object succesfully parsed
2026-02-02T14:16:51     info       Params : D:/Roll/roll_samples/Noordoostpolder/Noordoostpolder.roll survey object read, containing 282 parameters+++

2026-02-02T14:23:12     info       Plugin : Started on Windows 11 v(10.0.26200)
2026-02-02T14:23:12     info       Library: Numba version 0.62.1 available for JIT acceleration
2026-02-02T14:23:12     info       Parsing: survey object succesfully parsed
2026-02-02T14:23:12     info       Params : survey object read, containing 282 parameters
2026-02-02T14:23:18     info       Opening: D:/Roll/roll_samples/Noordoostpolder/Noordoostpolder.roll
2026-02-02T14:23:18     info       Parsing: D:/Roll/roll_samples/Noordoostpolder/Noordoostpolder.roll
2026-02-02T14:23:18     info       Parsing: D:/Roll/roll_samples/Noordoostpolder/Noordoostpolder.roll survey object succesfully parsed
2026-02-02T14:23:18     info       Reading: D:/Roll/roll_samples/Noordoostpolder/Noordoostpolder.roll, success: True
2026-02-02T14:23:18     info       Loading: D:/Roll/roll_samples/Noordoostpolder/Noordoostpolder.roll analysis files
2026-02-02T14:23:18     info       Loaded : . . . Fold map  : Min:0 - Max:209 
2026-02-02T14:23:18     info       Loaded : . . . Min-offset: Min:22.36m - Max:4998.13m 
2026-02-02T14:23:18     info       Loaded : . . . Max-offset: Min:22.36m - Max:5158.34m 
2026-02-02T14:23:18     info       Loaded : . . . Rms-offset: Min:0.00m - Max:1376.98m 
2026-02-02T14:23:18     info       Loaded : . . . offset histogram
2026-02-02T14:23:18     info       Loaded : . . . azi-offset histogram
2026-02-02T14:23:18     info       Loaded : . . . Analysis  : 671,044,500 traces (reserved space)
2026-02-02T14:23:18     info       Loaded : . . . Analysis: 671,044,500 traces available (showing 1,000,000 at a time)
2026-02-02T14:23:18     info       Loaded : . . . read 161,894 rec-records
2026-02-02T14:23:18     info       Loaded : . . . read 51,240 src-records
2026-02-02T14:23:18     info       Loaded : . . . read 1,795,499 rel-records
2026-02-02T14:23:22     info       Params : D:/Roll/roll_samples/Noordoostpolder/Noordoostpolder.roll survey object read, containing 282 parameters
2026-02-02T14:24:53     info       Parsing: D:/Roll/roll_samples/Noordoostpolder/Noordoostpolder.roll survey object succesfully parsed
2026-02-02T14:24:54     info       Params : D:/Roll/roll_samples/Noordoostpolder/Noordoostpolder.roll survey object read, containing 282 parameters
2026-02-02T14:24:57     info       Parsing: D:/Roll/roll_samples/Noordoostpolder/Noordoostpolder.roll survey object succesfully parsed
2026-02-02T14:24:57     info       Params : D:/Roll/roll_samples/Noordoostpolder/Noordoostpolder.roll survey object read, containing 282 parameters
2026-02-02T14:25:02     info       Params : D:/Roll/roll_samples/Noordoostpolder/Noordoostpolder.roll survey object read, containing 282 parameters
2026-02-02T14:25:05     info       Edited : D:/Roll/roll_samples/Noordoostpolder/Noordoostpolder.roll survey object updated
2026-02-02T14:25:38     info       Parsing: D:/Roll/roll_samples/Noordoostpolder/Noordoostpolder.roll survey object succesfully parsed
2026-02-02T14:25:39     info       Params : D:/Roll/roll_samples/Noordoostpolder/Noordoostpolder.roll survey object read, containing 282 parameters+++

2026-02-02T14:26:24     info       Plugin : Started on Windows 11 v(10.0.26200)
2026-02-02T14:26:24     info       Library: Numba version 0.62.1 available for JIT acceleration
2026-02-02T14:26:24     info       Parsing: survey object succesfully parsed
2026-02-02T14:26:24     info       Params : survey object read, containing 282 parameters
2026-02-02T14:26:29     info       Opening: D:/Roll/roll_samples/Noordoostpolder/Noordoostpolder.roll
2026-02-02T14:26:29     info       Parsing: D:/Roll/roll_samples/Noordoostpolder/Noordoostpolder.roll
2026-02-02T14:26:29     info       Parsing: D:/Roll/roll_samples/Noordoostpolder/Noordoostpolder.roll survey object succesfully parsed
2026-02-02T14:26:29     info       Reading: D:/Roll/roll_samples/Noordoostpolder/Noordoostpolder.roll, success: True
2026-02-02T14:26:29     info       Loading: D:/Roll/roll_samples/Noordoostpolder/Noordoostpolder.roll analysis files
2026-02-02T14:26:29     info       Loaded : . . . Fold map  : Min:0 - Max:209 
2026-02-02T14:26:29     info       Loaded : . . . Min-offset: Min:22.36m - Max:4998.13m 
2026-02-02T14:26:29     info       Loaded : . . . Max-offset: Min:22.36m - Max:5158.34m 
2026-02-02T14:26:29     info       Loaded : . . . Rms-offset: Min:0.00m - Max:1376.98m 
2026-02-02T14:26:29     info       Loaded : . . . offset histogram
2026-02-02T14:26:29     info       Loaded : . . . azi-offset histogram
2026-02-02T14:26:29     info       Loaded : . . . Analysis  : 671,044,500 traces (reserved space)
2026-02-02T14:26:29     info       Loaded : . . . Analysis: 671,044,500 traces available (showing 1,000,000 at a time)
2026-02-02T14:26:29     info       Loaded : . . . read 161,894 rec-records
2026-02-02T14:26:29     info       Loaded : . . . read 51,240 src-records
2026-02-02T14:26:29     info       Loaded : . . . read 1,795,499 rel-records
2026-02-02T14:26:33     info       Params : D:/Roll/roll_samples/Noordoostpolder/Noordoostpolder.roll survey object read, containing 282 parameters
2026-02-02T14:27:29     info       Parsing: D:/Roll/roll_samples/Noordoostpolder/Noordoostpolder.roll survey object succesfully parsed
2026-02-02T14:27:30     info       Params : D:/Roll/roll_samples/Noordoostpolder/Noordoostpolder.roll survey object read, containing 282 parameters+++

2026-02-02T14:28:30     info       Plugin : Started on Windows 11 v(10.0.26200)
2026-02-02T14:28:30     info       Library: Numba version 0.62.1 available for JIT acceleration
2026-02-02T14:28:30     info       Parsing: survey object succesfully parsed
2026-02-02T14:28:30     info       Params : survey object read, containing 282 parameters
2026-02-02T15:17:18     info       Parsing: survey object succesfully parsed
2026-02-02T15:17:18     info       Params : survey object read, containing 282 parameters+++

2026-02-02T15:17:31     info       Plugin : Started on Windows 11 v(10.0.26200)
2026-02-02T15:17:31     info       Library: Numba version 0.62.1 available for JIT acceleration
2026-02-02T15:17:31     info       Parsing: survey object succesfully parsed
2026-02-02T15:17:31     info       Params : survey object read, containing 282 parameters
2026-02-02T15:17:38     info       Opening: D:/Roll/roll_samples/Noordoostpolder/Noordoostpolder.roll
2026-02-02T15:17:38     info       Parsing: D:/Roll/roll_samples/Noordoostpolder/Noordoostpolder.roll
2026-02-02T15:17:38     info       Parsing: D:/Roll/roll_samples/Noordoostpolder/Noordoostpolder.roll survey object succesfully parsed
2026-02-02T15:17:38     info       Reading: D:/Roll/roll_samples/Noordoostpolder/Noordoostpolder.roll, success: True
2026-02-02T15:17:38     info       Loading: D:/Roll/roll_samples/Noordoostpolder/Noordoostpolder.roll analysis files
2026-02-02T15:17:38     info       Loaded : . . . Fold map  : Min:0 - Max:209 
2026-02-02T15:17:38     info       Loaded : . . . Min-offset: Min:22.36m - Max:4998.13m 
2026-02-02T15:17:39     info       Loaded : . . . Max-offset: Min:22.36m - Max:5158.34m 
2026-02-02T15:17:39     info       Loaded : . . . Rms-offset: Min:0.00m - Max:1376.98m 
2026-02-02T15:17:39     info       Loaded : . . . offset histogram
2026-02-02T15:17:39     info       Loaded : . . . azi-offset histogram
2026-02-02T15:17:39     info       Loaded : . . . Analysis  : 671,044,500 traces (reserved space)
2026-02-02T15:17:39     info       Loaded : . . . Analysis: 671,044,500 traces available (showing 1,000,000 at a time)
2026-02-02T15:17:39     info       Loaded : . . . read 161,894 rec-records
2026-02-02T15:17:39     info       Loaded : . . . read 51,240 src-records
2026-02-02T15:17:39     info       Loaded : . . . read 1,795,499 rel-records
2026-02-02T15:17:42     info       Params : D:/Roll/roll_samples/Noordoostpolder/Noordoostpolder.roll survey object read, containing 282 parameters
2026-02-02T15:17:58     info       Edit : Toggled in-use flag for 10 SRC record(s)
2026-02-02T15:17:58     info       Edit : Toggled in-use flag for 10 SRC record(s)
2026-02-02T15:33:15     info       Parsing: D:/Roll/roll_samples/Noordoostpolder/Noordoostpolder.roll survey object succesfully parsed
2026-02-02T15:33:16     info       Params : D:/Roll/roll_samples/Noordoostpolder/Noordoostpolder.roll survey object read, containing 282 parameters+++

2026-02-02T15:52:00     info       Plugin : Started on Windows 11 v(10.0.26200)
2026-02-02T15:52:00     info       Library: Numba version 0.62.1 available for JIT acceleration
2026-02-02T15:52:00     info       Parsing: survey object succesfully parsed
2026-02-02T15:52:00     info       Params : survey object read, containing 282 parameters
2026-02-02T15:52:07     info       Opening: D:/Roll/roll_samples/Noordoostpolder/Noordoostpolder.roll
2026-02-02T15:52:07     info       Parsing: D:/Roll/roll_samples/Noordoostpolder/Noordoostpolder.roll
2026-02-02T15:52:07     info       Parsing: D:/Roll/roll_samples/Noordoostpolder/Noordoostpolder.roll survey object succesfully parsed
2026-02-02T15:52:07     info       Reading: D:/Roll/roll_samples/Noordoostpolder/Noordoostpolder.roll, success: True
2026-02-02T15:52:07     info       Loading: D:/Roll/roll_samples/Noordoostpolder/Noordoostpolder.roll analysis files
2026-02-02T15:52:07     info       Loaded : . . . Fold map  : Min:0 - Max:209 
2026-02-02T15:52:07     info       Loaded : . . . Min-offset: Min:22.36m - Max:4998.13m 
2026-02-02T15:52:07     info       Loaded : . . . Max-offset: Min:22.36m - Max:5158.34m 
2026-02-02T15:52:07     info       Loaded : . . . Rms-offset: Min:0.00m - Max:1376.98m 
2026-02-02T15:52:07     info       Loaded : . . . offset histogram
2026-02-02T15:52:07     info       Loaded : . . . azi-offset histogram
2026-02-02T15:52:07     info       Loaded : . . . Analysis  : 671,044,500 traces (reserved space)
2026-02-02T15:52:07     info       Loaded : . . . Analysis: 671,044,500 traces available (showing 1,000,000 at a time)
2026-02-02T15:52:07     info       Loaded : . . . read 161,894 rec-records
2026-02-02T15:52:07     info       Loaded : . . . read 51,240 src-records
2026-02-02T15:52:07     info       Loaded : . . . read 1,795,499 rel-records
2026-02-02T15:52:11     info       Params : D:/Roll/roll_samples/Noordoostpolder/Noordoostpolder.roll survey object read, containing 282 parameters
2026-02-02T15:52:42     info       Edit   : Toggled in-use flag for 10 SRC record(s)
2026-02-02T15:52:52     info       Edit   : Toggled in-use flag for 20 REC record(s)
2026-02-02T15:53:41     info       Parsing: D:/Roll/roll_samples/Noordoostpolder/Noordoostpolder.roll survey object succesfully parsed
2026-02-02T15:53:41     info       Params : D:/Roll/roll_samples/Noordoostpolder/Noordoostpolder.roll survey object read, containing 282 parameters+++

2026-02-02T22:53:51     info       Plugin : Started on Windows 11 v(10.0.26200)
2026-02-02T22:53:51     info       Library: Numba version 0.62.1 available for JIT acceleration
2026-02-02T22:53:51     info       Parsing: survey object succesfully parsed
2026-02-02T22:53:51     info       Params : survey object read, containing 282 parameters
2026-02-02T22:54:22     info       Opening: D:/Roll/roll_samples/Noordoostpolder/Noordoostpolder.roll
2026-02-02T22:54:22     info       Parsing: D:/Roll/roll_samples/Noordoostpolder/Noordoostpolder.roll
2026-02-02T22:54:22     info       Parsing: D:/Roll/roll_samples/Noordoostpolder/Noordoostpolder.roll survey object succesfully parsed
2026-02-02T22:54:22     info       Reading: D:/Roll/roll_samples/Noordoostpolder/Noordoostpolder.roll, success: True
2026-02-02T22:54:22     info       Loading: D:/Roll/roll_samples/Noordoostpolder/Noordoostpolder.roll analysis files
2026-02-02T22:54:22     info       Loaded : . . . Fold map  : Min:0 - Max:209 
2026-02-02T22:54:22     info       Loaded : . . . Min-offset: Min:22.36m - Max:4998.13m 
2026-02-02T22:54:22     info       Loaded : . . . Max-offset: Min:22.36m - Max:5158.34m 
2026-02-02T22:54:22     info       Loaded : . . . Rms-offset: Min:0.00m - Max:1376.98m 
2026-02-02T22:54:22     info       Loaded : . . . offset histogram
2026-02-02T22:54:22     info       Loaded : . . . azi-offset histogram
2026-02-02T22:54:22     info       Loaded : . . . Analysis  : 671,044,500 traces (reserved space)
2026-02-02T22:54:22     info       Loaded : . . . Analysis: 671,044,500 traces available (showing 1,000,000 at a time)
2026-02-02T22:54:22     info       Loaded : . . . read 161,894 rec-records
2026-02-02T22:54:22     info       Loaded : . . . read 51,240 src-records
2026-02-02T22:54:22     info       Loaded : . . . read 1,795,499 rel-records
2026-02-02T22:54:25     info       Params : D:/Roll/roll_samples/Noordoostpolder/Noordoostpolder.roll survey object read, containing 282 parameters
2026-02-02T22:55:17     info       Export : exported 161,894 lines to 'D:/Roll/roll_samples/Noordoostpolder/SPS/Noordoostpolder.roll.rec.r01'
2026-02-02T22:55:43     info       Export : exported 51,240 lines to 'D:/Roll/roll_samples/Noordoostpolder/Noordoostpolder.roll.src.s01'
2026-02-02T22:56:02     info       Export : exported 1,795,499 lines to 'D:/Roll/roll_samples/Noordoostpolder/Noordoostpolder.roll.rel.x01'
2026-02-02T23:00:54     info       Export : exported 0 lines to ''
2026-02-02T23:00:56     info       Parsing: D:/Roll/roll_samples/Noordoostpolder/Noordoostpolder.roll survey object succesfully parsed
2026-02-02T23:00:57     info       Params : D:/Roll/roll_samples/Noordoostpolder/Noordoostpolder.roll survey object read, containing 282 parameters+++

2026-02-03T10:55:45     info       Plugin : Started on Windows 11 v(10.0.26200)
2026-02-03T10:55:45     info       Library: Numba version 0.62.1 available for JIT acceleration
2026-02-03T10:55:45     info       Parsing: survey object succesfully parsed
2026-02-03T10:55:53     info       Params : survey object read, containing 282 parameters
2026-02-03T10:56:07     info       Opening: D:/Roll/roll_samples/Noordoostpolder/Noordoostpolder.roll
2026-02-03T10:56:07     info       Parsing: D:/Roll/roll_samples/Noordoostpolder/Noordoostpolder.roll
2026-02-03T10:56:07     info       Parsing: D:/Roll/roll_samples/Noordoostpolder/Noordoostpolder.roll survey object succesfully parsed
2026-02-03T10:56:07     info       Reading: D:/Roll/roll_samples/Noordoostpolder/Noordoostpolder.roll, success: True
2026-02-03T10:56:07     info       Loading: D:/Roll/roll_samples/Noordoostpolder/Noordoostpolder.roll analysis files
2026-02-03T10:56:07     info       Loaded : . . . Fold map  : Min:0 - Max:209 
2026-02-03T10:56:07     info       Loaded : . . . Min-offset: Min:22.36m - Max:4998.13m 
2026-02-03T10:56:07     info       Loaded : . . . Max-offset: Min:22.36m - Max:5158.34m 
2026-02-03T10:56:07     info       Loaded : . . . Rms-offset: Min:0.00m - Max:1376.98m 
2026-02-03T10:56:07     info       Loaded : . . . offset histogram
2026-02-03T10:56:07     info       Loaded : . . . azi-offset histogram
2026-02-03T10:56:07     info       Loaded : . . . Analysis  : 671,044,500 traces (reserved space)
2026-02-03T10:56:07     info       Loaded : . . . Analysis: 671,044,500 traces available (showing 1,000,000 at a time)
2026-02-03T10:56:07     info       Loaded : . . . read 161,894 rec-records
2026-02-03T10:56:07     info       Loaded : . . . read 51,240 src-records
2026-02-03T10:56:07     info       Loaded : . . . read 1,795,499 rel-records
2026-02-03T10:56:11     info       Params : D:/Roll/roll_samples/Noordoostpolder/Noordoostpolder.roll survey object read, containing 282 parameters
2026-02-03T10:57:35     info       Export : exported 161,894 lines to 'D:/Roll/roll_samples/Noordoostpolder/SPS/Noordoostpolder-re-exported.roll.rec.r01'
2026-02-03T10:59:06     info       Import : importing SPS-data using the 'SEG rev2.1' SPS-dialect
2026-02-03T10:59:06     info       Import : importing 1 rps-file(s), 0 sps-file(s) and 0 xps-file(s)
2026-02-03T10:59:06     info       Import : imported 0 sps-records, 0 xps-records and 161896 rps-records
2026-02-03T10:59:06     info       Import : . . . analysed rps-records; found 161,894 unique records and 0 duplicates
2026-02-03T11:04:05     info       Import : . . . . . . Survey grid -> Global grid: RPS origin = (E169010.00m, N514000.00m), azimuth = 0.000deg for rec lines ∥ x-axis
2026-02-03T11:04:05     info       Import : . . . . . . Survey grid -> Stake @ origin = (PNT1000.0, LIN1000.0), stake increments (PNT10.00m, LIN20.00m)
2026-02-03T11:04:16     info       Parsing: D:/Roll/roll_samples/Noordoostpolder/Noordoostpolder.roll survey object succesfully parsed
2026-02-03T11:04:17     info       Params : D:/Roll/roll_samples/Noordoostpolder/Noordoostpolder.roll survey object read, containing 282 parameters+++

2026-02-03T11:17:07     info       Plugin : Started on Windows 11 v(10.0.26200)
2026-02-03T11:17:07     info       Library: Numba version 0.62.1 available for JIT acceleration
2026-02-03T11:17:07     info       Parsing: survey object succesfully parsed
2026-02-03T11:17:07     info       Params : survey object read, containing 282 parameters
2026-02-03T11:17:18     info       Opening: D:/Roll/roll_samples/Noordoostpolder/Noordoostpolder.roll
2026-02-03T11:17:18     info       Parsing: D:/Roll/roll_samples/Noordoostpolder/Noordoostpolder.roll
2026-02-03T11:17:18     info       Parsing: D:/Roll/roll_samples/Noordoostpolder/Noordoostpolder.roll survey object succesfully parsed
2026-02-03T11:17:18     info       Reading: D:/Roll/roll_samples/Noordoostpolder/Noordoostpolder.roll, success: True
2026-02-03T11:17:18     info       Loading: D:/Roll/roll_samples/Noordoostpolder/Noordoostpolder.roll analysis files
2026-02-03T11:17:18     info       Loaded : . . . Fold map  : Min:0 - Max:209 
2026-02-03T11:17:18     info       Loaded : . . . Min-offset: Min:22.36m - Max:4998.13m 
2026-02-03T11:17:18     info       Loaded : . . . Max-offset: Min:22.36m - Max:5158.34m 
2026-02-03T11:17:18     info       Loaded : . . . Rms-offset: Min:0.00m - Max:1376.98m 
2026-02-03T11:17:18     info       Loaded : . . . offset histogram
2026-02-03T11:17:18     info       Loaded : . . . azi-offset histogram
2026-02-03T11:17:18     info       Loaded : . . . Analysis  : 671,044,500 traces (reserved space)
2026-02-03T11:17:18     info       Loaded : . . . Analysis: 671,044,500 traces available (showing 1,000,000 at a time)
2026-02-03T11:17:18     info       Loaded : . . . read 161,894 rec-records
2026-02-03T11:17:18     info       Loaded : . . . read 51,240 src-records
2026-02-03T11:17:18     info       Loaded : . . . read 1,795,499 rel-records
2026-02-03T11:17:21     info       Params : D:/Roll/roll_samples/Noordoostpolder/Noordoostpolder.roll survey object read, containing 282 parameters
2026-02-03T11:17:40     info       Export : exported 117,398 lines to 'D:/Roll/roll_samples/Noordoostpolder/SPS/Noordoostpolder-re-exported.roll.rec.r01'
2026-02-03T11:18:45     info       Import : importing SPS-data using the 'SEG rev2.1' SPS-dialect
2026-02-03T11:18:45     info       Import : importing 1 rps-file(s), 0 sps-file(s) and 0 xps-file(s)
2026-02-03T11:18:46     info       Import : imported 0 sps-records, 0 xps-records and 117400 rps-records
2026-02-03T11:18:46     info       Import : . . . analysed rps-records; found 117,398 unique records and 0 duplicates
2026-02-03T11:18:53     info       Import : . . . . . . Survey grid -> Global grid: RPS origin = (E173370.00m, N514000.00m), azimuth = 0.000deg for rec lines ∥ x-axis
2026-02-03T11:18:53     info       Import : . . . . . . Survey grid -> Stake @ origin = (PNT1436.0, LIN1000.0), stake increments (PNT10.00m, LIN20.00m)
2026-02-03T11:51:53     info       Parsing: D:/Roll/roll_samples/Noordoostpolder/Noordoostpolder.roll survey object succesfully parsed
2026-02-03T11:51:54     info       Params : D:/Roll/roll_samples/Noordoostpolder/Noordoostpolder.roll survey object read, containing 282 parameters+++

2026-02-03T11:51:59     info       Plugin : Started on Windows 11 v(10.0.26200)
2026-02-03T11:51:59     info       Library: Numba version 0.62.1 available for JIT acceleration
2026-02-03T11:51:59     info       Parsing: survey object succesfully parsed
2026-02-03T11:51:59     info       Params : survey object read, containing 282 parameters
2026-02-03T11:52:15     info       Import : importing SPS-data using the 'SEG rev2.1' SPS-dialect
2026-02-03T11:52:15     info       Import : importing 1 rps-file(s), 0 sps-file(s) and 0 xps-file(s)
2026-02-03T11:52:16     info       Import : imported 0 sps-records, 0 xps-records and 117400 rps-records
2026-02-03T11:52:16     info       Import : . . . analysed rps-records; found 117,398 unique records and 0 duplicates
2026-02-03T11:52:21     info       Import : . . . . . . Origin: (E173370.00m, N514000.00m) @ (PNT1436.0, LIN1000.0)
2026-02-03T11:52:21     info       Import : . . . . . . Orientation 0.000deg for rec lines ∥ x-axis
2026-02-03T11:52:21     info       Import : . . . . . . Intervals for (Line, point) in design (LIN240.0m, PNT20m)
2026-02-03T11:52:21     info       Import : . . . . . . Increments for (line, point in grid (LIN20.00m), PNT10.00m
2026-02-03T11:56:26     info       Sorting: RPS-data sorted on ['Line']
2026-02-03T11:56:28     info       Sorting: RPS-data sorted on []
2026-02-03T12:06:25     info       Sorting: RPS-data sorted on ['Line']
2026-02-03T12:06:28     info       Sorting: RPS-data sorted on []
2026-02-03T12:06:33     info       Sorting: RPS-data sorted on ['Line']
2026-02-03T12:06:38     info       Sorting: RPS-data sorted on ['Point', 'Line']
2026-02-03T12:06:40     info       Sorting: RPS-data sorted on ['Index', 'Point', 'Line']
2026-02-03T12:06:44     info       Sorting: RPS-data sorted on ['Line', 'Index']
2026-02-03T12:07:03     info       Sorting: RPS-data sorted on ['Line']
2026-02-03T12:07:05     info       Sorting: RPS-data sorted on []
2026-02-03T12:07:59     info       Parsing: survey object succesfully parsed
2026-02-03T12:07:59     info       Params : survey object read, containing 282 parameters+++

2026-02-03T12:08:08     info       Plugin : Started on Windows 11 v(10.0.26200)
2026-02-03T12:08:08     info       Library: Numba version 0.62.1 available for JIT acceleration
2026-02-03T12:08:08     info       Parsing: survey object succesfully parsed
2026-02-03T12:08:08     info       Params : survey object read, containing 282 parameters
2026-02-03T12:08:13     info       Opening: D:/Roll/roll_samples/Noordoostpolder/Noordoostpolder.roll
2026-02-03T12:08:13     info       Parsing: D:/Roll/roll_samples/Noordoostpolder/Noordoostpolder.roll
2026-02-03T12:08:13     info       Parsing: D:/Roll/roll_samples/Noordoostpolder/Noordoostpolder.roll survey object succesfully parsed
2026-02-03T12:08:13     info       Reading: D:/Roll/roll_samples/Noordoostpolder/Noordoostpolder.roll, success: True
2026-02-03T12:08:13     info       Loading: D:/Roll/roll_samples/Noordoostpolder/Noordoostpolder.roll analysis files
2026-02-03T12:08:13     info       Loaded : . . . Fold map  : Min:0 - Max:209 
2026-02-03T12:08:13     info       Loaded : . . . Min-offset: Min:22.36m - Max:4998.13m 
2026-02-03T12:08:13     info       Loaded : . . . Max-offset: Min:22.36m - Max:5158.34m 
2026-02-03T12:08:13     info       Loaded : . . . Rms-offset: Min:0.00m - Max:1376.98m 
2026-02-03T12:08:13     info       Loaded : . . . offset histogram
2026-02-03T12:08:13     info       Loaded : . . . azi-offset histogram
2026-02-03T12:08:13     info       Loaded : . . . Analysis  : 671,044,500 traces (reserved space)
2026-02-03T12:08:13     info       Loaded : . . . Analysis: 671,044,500 traces available (showing 1,000,000 at a time)
2026-02-03T12:08:13     info       Loaded : . . . read 161,894 rec-records
2026-02-03T12:08:13     info       Loaded : . . . read 51,240 src-records
2026-02-03T12:08:13     info       Loaded : . . . read 1,795,499 rel-records
2026-02-03T12:08:17     info       Params : D:/Roll/roll_samples/Noordoostpolder/Noordoostpolder.roll survey object read, containing 282 parameters
2026-02-03T12:08:31     info       Import : importing SPS-data using the 'SEG rev2.1' SPS-dialect
2026-02-03T12:08:31     info       Import : importing 1 rps-file(s), 0 sps-file(s) and 0 xps-file(s)
2026-02-03T12:08:34     info       Import : imported 0 sps-records, 0 xps-records and 117400 rps-records
2026-02-03T12:08:34     info       Import : . . . analysed rps-records; found 117,398 unique records and 0 duplicates
2026-02-03T12:08:42     info       Import : . . . . . . Origin: (E173370.00m, N514000.00m) @ (PNT1436.0, LIN1000.0)
2026-02-03T12:08:42     info       Import : . . . . . . Orientation 0.000deg for rec lines ∥ x-axis
2026-02-03T12:08:42     info       Import : . . . . . . Intervals for (line, point) in design (LIN240.0m, PNT20m)
2026-02-03T12:08:42     info       Import : . . . . . . Increments for (line, point) in grid (LIN20.00m, PNT10.00m)
2026-02-03T12:29:58     info       Parsing: D:/Roll/roll_samples/Noordoostpolder/Noordoostpolder.roll survey object succesfully parsed
2026-02-03T12:29:58     info       Params : D:/Roll/roll_samples/Noordoostpolder/Noordoostpolder.roll survey object read, containing 282 parameters+++

2026-02-03T12:30:07     info       Plugin : Started on Windows 11 v(10.0.26200)
2026-02-03T12:30:07     info       Library: Numba version 0.62.1 available for JIT acceleration
2026-02-03T12:30:07     info       Parsing: survey object succesfully parsed
2026-02-03T12:30:07     info       Params : survey object read, containing 282 parameters
2026-02-03T12:30:16     info       Opening: D:/Roll/roll_samples/Noordoostpolder/Noordoostpolder.roll
2026-02-03T12:30:16     info       Parsing: D:/Roll/roll_samples/Noordoostpolder/Noordoostpolder.roll
2026-02-03T12:30:16     info       Parsing: D:/Roll/roll_samples/Noordoostpolder/Noordoostpolder.roll survey object succesfully parsed
2026-02-03T12:30:16     info       Reading: D:/Roll/roll_samples/Noordoostpolder/Noordoostpolder.roll, success: True
2026-02-03T12:30:16     info       Loading: D:/Roll/roll_samples/Noordoostpolder/Noordoostpolder.roll analysis files
2026-02-03T12:30:16     info       Loaded : . . . Fold map  : Min:0 - Max:209 
2026-02-03T12:30:16     info       Loaded : . . . Min-offset: Min:22.36m - Max:4998.13m 
2026-02-03T12:30:16     info       Loaded : . . . Max-offset: Min:22.36m - Max:5158.34m 
2026-02-03T12:30:16     info       Loaded : . . . Rms-offset: Min:0.00m - Max:1376.98m 
2026-02-03T12:30:16     info       Loaded : . . . offset histogram
2026-02-03T12:30:16     info       Loaded : . . . azi-offset histogram
2026-02-03T12:30:16     info       Loaded : . . . Analysis  : 671,044,500 traces (reserved space)
2026-02-03T12:30:16     info       Loaded : . . . Analysis: 671,044,500 traces available (showing 1,000,000 at a time)
2026-02-03T12:30:16     info       Loaded : . . . read 161,894 rec-records
2026-02-03T12:30:16     info       Loaded : . . . read 51,240 src-records
2026-02-03T12:30:16     info       Loaded : . . . read 1,795,499 rel-records
2026-02-03T12:30:19     info       Params : D:/Roll/roll_samples/Noordoostpolder/Noordoostpolder.roll survey object read, containing 282 parameters
2026-02-03T12:30:58     info       Import : importing SPS-data using the 'SEG rev2.1' SPS-dialect
2026-02-03T12:30:58     info       Import : importing 1 rps-file(s), 0 sps-file(s) and 0 xps-file(s)
2026-02-03T12:30:58     info       Import : imported 0 sps-records, 0 xps-records and 117400 rps-records
2026-02-03T12:30:59     info       Import : . . . analysed rps-records; found 117,398 unique records and 0 duplicates
2026-02-03T12:31:05     info       Import : . . . . . . Origin: (E173370.00m, N514000.00m) @ (PNT1436.0, LIN1000.0)
2026-02-03T12:31:05     info       Import : . . . . . . Orientation 0.000deg for rec lines ∥ x-axis
2026-02-03T12:31:05     info       Import : . . . . . . Intervals for (line, point) in design (LIN200.00m, PNT20.00m)
2026-02-03T12:31:05     info       Import : . . . . . . Increments for (line, point) in grid (LIN20.00m, PNT10.00m)
2026-02-03T12:32:22     info       Sorting: RPS-data sorted on ['Line']
2026-02-03T12:32:35     info       Sorting: RPS-data sorted on ['Point', 'Line']
2026-02-03T12:32:37     info       Sorting: RPS-data sorted on ['Point']
2026-02-03T12:32:38     info       Sorting: RPS-data sorted on []
2026-02-03T12:32:39     info       Sorting: RPS-data sorted on ['Point']
2026-02-03T12:32:56     info       Sorting: RPS-data sorted on ['Line', 'Point']
2026-02-03T12:38:48     info       Parsing: D:/Roll/roll_samples/Noordoostpolder/Noordoostpolder.roll survey object succesfully parsed
2026-02-03T12:38:48     info       Params : D:/Roll/roll_samples/Noordoostpolder/Noordoostpolder.roll survey object read, containing 282 parameters+++

2026-02-24T13:31:24     info       Plugin : Started on Windows 11 v(10.0.26200)
2026-02-24T13:31:24     info       Library: Numba version 0.62.1 available for JIT acceleration
2026-02-24T13:31:24     info       Parsing: survey object succesfully parsed
2026-02-24T13:31:24     info       Params : survey object read, containing 282 parameters
2026-02-24T13:31:37     info       Opening: D:/Roll/roll_samples/Noordoostpolder/Noordoostpolder.roll
2026-02-24T13:31:37     info       Parsing: D:/Roll/roll_samples/Noordoostpolder/Noordoostpolder.roll
2026-02-24T13:31:37     info       Parsing: D:/Roll/roll_samples/Noordoostpolder/Noordoostpolder.roll survey object succesfully parsed
2026-02-24T13:31:37     info       Reading: D:/Roll/roll_samples/Noordoostpolder/Noordoostpolder.roll, success: True
2026-02-24T13:31:37     info       Loading: D:/Roll/roll_samples/Noordoostpolder/Noordoostpolder.roll analysis files
2026-02-24T13:31:37     info       Analysis dims: nx=2630, ny=1215, binSize=(10.000,20.000)
2026-02-24T13:31:37     info       Analysis file: .bin.npy exists=True
2026-02-24T13:31:37     info       Analysis file: .min.npy exists=True
2026-02-24T13:31:37     info       Analysis file: .max.npy exists=True
2026-02-24T13:31:37     info       Analysis file: .rms.npy exists=True
2026-02-24T13:31:37     info       Analysis file: .off.npy exists=True
2026-02-24T13:31:37     info       Analysis file: .azi.npy exists=True
2026-02-24T13:31:37     info       Analysis file: .ana.npy exists=True
2026-02-24T13:31:37     info       Loaded : . . . Fold map  : Min:0 - Max:209 
2026-02-24T13:31:37     info       Loaded : . . . Min-offset: Min:22.36m - Max:4998.13m 
2026-02-24T13:31:37     info       Loaded : . . . Max-offset: Min:22.36m - Max:5158.34m 
2026-02-24T13:31:37     info       Loaded : . . . Rms-offset: Min:0.00m - Max:1376.98m 
2026-02-24T13:31:37     info       Loaded : . . . offset histogram
2026-02-24T13:31:37     info       Loaded : . . . azi-offset histogram
2026-02-24T13:31:37     info       Analysis load: fold=210, maxFold=209
2026-02-24T13:31:37     info       Analysis load: nT=8723578500, expected=8723578500, delta=0
2026-02-24T13:31:37     info       Analysis load: D2_Output.shape=(671044500, 13)
2026-02-24T13:31:37     info       Loaded : . . . Analysis  : 671,044,500 traces (reserved space)
2026-02-24T13:31:37     info       Loaded : . . . Analysis: 671,044,500 traces available (showing 1,000,000 at a time)
2026-02-24T13:31:37     info       Loaded : . . . read 161,894 rec-records
2026-02-24T13:31:37     info       Loaded : . . . read 51,240 src-records
2026-02-24T13:31:37     info       Loaded : . . . read 1,795,499 rel-records
2026-02-24T13:31:41     info       Params : D:/Roll/roll_samples/Noordoostpolder/Noordoostpolder.roll survey object read, containing 282 parameters
2026-02-24T13:43:11     info       Parsing: D:/Roll/roll_samples/Noordoostpolder/Noordoostpolder.roll survey object succesfully parsed
2026-02-24T13:43:11     info       Params : D:/Roll/roll_samples/Noordoostpolder/Noordoostpolder.roll survey object read, containing 282 parameters+++

2026-02-24T13:46:30     info       Plugin : Started on Windows 11 v(10.0.26200)
2026-02-24T13:46:30     warning    Library: Numba not available, running pure Python code only
2026-02-24T13:46:30     warning    Library: Debugpy not available, (remote) debugging will not work
2026-02-24T13:46:30     info       Parsing: survey object succesfully parsed
2026-02-24T13:46:30     info       Params : survey object read, containing 282 parameters
2026-02-24T13:47:28     info       Parsing: survey object succesfully parsed
2026-02-24T13:47:28     info       Params : survey object read, containing 282 parameters+++

2026-02-24T14:04:34     info       Plugin : Started on Windows 11 v(10.0.26200)
2026-02-24T14:04:34     warning    Library: Numba not available, running pure Python code only
2026-02-24T14:04:34     warning    Library: Debugpy not available, (remote) debugging will not work
2026-02-24T14:04:34     info       Parsing: survey object succesfully parsed
2026-02-24T14:04:34     info       Params : survey object read, containing 282 parameters
2026-02-24T14:04:34     info       Opening: D:\Roll\roll_samples\Noordoostpolder\Noordoostpolder.roll
2026-02-24T14:04:34     info       Parsing: D:\Roll\roll_samples\Noordoostpolder\Noordoostpolder.roll
2026-02-24T14:04:34     info       Parsing: D:\Roll\roll_samples\Noordoostpolder\Noordoostpolder.roll survey object succesfully parsed
2026-02-24T14:04:34     info       Reading: D:\Roll\roll_samples\Noordoostpolder\Noordoostpolder.roll, success: True
2026-02-24T14:04:34     info       Loading: D:\Roll\roll_samples\Noordoostpolder\Noordoostpolder.roll analysis files
2026-02-24T14:04:34     info       Analysis dims: nx=2630, ny=1215, binSize=(10.000,20.000)
2026-02-24T14:04:34     info       Analysis file: .bin.npy exists=True
2026-02-24T14:04:34     info       Analysis file: .min.npy exists=True
2026-02-24T14:04:34     info       Analysis file: .max.npy exists=True
2026-02-24T14:04:34     info       Analysis file: .rms.npy exists=True
2026-02-24T14:04:34     info       Analysis file: .off.npy exists=True
2026-02-24T14:04:34     info       Analysis file: .azi.npy exists=True
2026-02-24T14:04:34     info       Analysis file: .ana.npy exists=True
2026-02-24T14:04:34     info       Loaded : . . . Fold map  : Min:0 - Max:209 
2026-02-24T14:04:34     info       Loaded : . . . Min-offset: Min:22.36m - Max:4998.13m 
2026-02-24T14:04:34     info       Loaded : . . . Max-offset: Min:22.36m - Max:5158.34m 
2026-02-24T14:04:34     info       Loaded : . . . Rms-offset: Min:0.00m - Max:1376.98m 
2026-02-24T14:04:34     info       Loaded : . . . offset histogram
2026-02-24T14:04:34     info       Loaded : . . . azi-offset histogram
2026-02-24T14:04:34     info       Analysis load: fold=210, maxFold=209
2026-02-24T14:04:34     info       Analysis load: nT=8723578500, expected=8723578500, delta=0
2026-02-24T14:04:34     info       Analysis load: D2_Output.shape=(671044500, 13)
2026-02-24T14:04:34     info       Loaded : . . . Analysis  : 671,044,500 traces (reserved space)
2026-02-24T14:04:34     info       Loaded : . . . Analysis: 671,044,500 traces available (showing 1,000,000 at a time)
2026-02-24T14:04:34     info       Loaded : . . . read 161,894 rec-records
2026-02-24T14:04:34     info       Loaded : . . . read 51,240 src-records
2026-02-24T14:04:34     info       Loaded : . . . read 1,795,499 rel-records
2026-02-24T14:04:38     info       Params : D:\Roll\roll_samples\Noordoostpolder\Noordoostpolder.roll survey object read, containing 282 parameters
2026-02-24T14:08:27     info       Parsing: D:\Roll\roll_samples\Noordoostpolder\Noordoostpolder.roll survey object succesfully parsed
2026-02-24T14:08:27     info       Params : D:\Roll\roll_samples\Noordoostpolder\Noordoostpolder.roll survey object read, containing 282 parameters+++

2026-02-24T14:24:02     info       Plugin : Started on Windows 11 v(10.0.26200)
2026-02-24T14:24:02     warning    Library: Numba not available, running pure Python code only
2026-02-24T14:24:02     warning    Library: Debugpy not available, (remote) debugging will not work
2026-02-24T14:24:02     info       Parsing: survey object succesfully parsed
2026-02-24T14:24:02     info       Params : survey object read, containing 282 parameters
2026-02-24T14:24:02     info       Opening: D:\Roll\roll_samples\Noordoostpolder\Noordoostpolder.roll
2026-02-24T14:24:02     info       Parsing: D:\Roll\roll_samples\Noordoostpolder\Noordoostpolder.roll
2026-02-24T14:24:02     info       Parsing: D:\Roll\roll_samples\Noordoostpolder\Noordoostpolder.roll survey object succesfully parsed
2026-02-24T14:24:02     info       Reading: D:\Roll\roll_samples\Noordoostpolder\Noordoostpolder.roll, success: True
2026-02-24T14:24:02     info       Loading: D:\Roll\roll_samples\Noordoostpolder\Noordoostpolder.roll analysis files
2026-02-24T14:24:02     info       Analysis dims: nx=2630, ny=1215, binSize=(10.000,20.000)
2026-02-24T14:24:02     info       Analysis file: .bin.npy exists=True
2026-02-24T14:24:02     info       Analysis file: .min.npy exists=True
2026-02-24T14:24:02     info       Analysis file: .max.npy exists=True
2026-02-24T14:24:02     info       Analysis file: .rms.npy exists=True
2026-02-24T14:24:02     info       Analysis file: .off.npy exists=True
2026-02-24T14:24:02     info       Analysis file: .azi.npy exists=True
2026-02-24T14:24:02     info       Analysis file: .ana.npy exists=True
2026-02-24T14:24:02     info       Loaded : . . . Fold map  : Min:0 - Max:209 
2026-02-24T14:24:02     info       Loaded : . . . Min-offset: Min:22.36m - Max:4998.13m 
2026-02-24T14:24:02     info       Loaded : . . . Max-offset: Min:22.36m - Max:5158.34m 
2026-02-24T14:24:02     info       Loaded : . . . Rms-offset: Min:0.00m - Max:1376.98m 
2026-02-24T14:24:02     info       Loaded : . . . offset histogram
2026-02-24T14:24:02     info       Loaded : . . . azi-offset histogram
2026-02-24T14:24:02     info       Analysis load: fold=210, maxFold=209
2026-02-24T14:24:02     info       Analysis load: nT=8723578500, expected=8723578500, delta=0
2026-02-24T14:24:02     info       Analysis load: D2_Output.shape=(671044500, 13)
2026-02-24T14:24:02     info       Loaded : . . . Analysis  : 671,044,500 traces (reserved space)
2026-02-24T14:24:02     info       Loaded : . . . Analysis: 671,044,500 traces available (showing 1,000,000 at a time)
2026-02-24T14:24:02     info       Loaded : . . . read 161,894 rec-records
2026-02-24T14:24:02     info       Loaded : . . . read 51,240 src-records
2026-02-24T14:24:02     info       Loaded : . . . read 1,795,499 rel-records
2026-02-24T14:24:06     info       Params : D:\Roll\roll_samples\Noordoostpolder\Noordoostpolder.roll survey object read, containing 282 parameters
2026-02-24T14:24:18     info       Parsing: D:\Roll\roll_samples\Noordoostpolder\Noordoostpolder.roll survey object succesfully parsed
2026-02-24T14:24:19     info       Params : D:\Roll\roll_samples\Noordoostpolder\Noordoostpolder.roll survey object read, containing 282 parameters+++

2026-02-24T14:28:08     info       Plugin : Started on Windows 11 v(10.0.26200)
2026-02-24T14:28:08     info       Library: Numba version 0.62.1 available for JIT acceleration
2026-02-24T14:28:08     info       Parsing: survey object succesfully parsed
2026-02-24T14:28:08     info       Params : survey object read, containing 282 parameters
2026-02-24T14:28:12     info       Opening: D:\Roll\roll_samples\Noordoostpolder\Noordoostpolder.roll
2026-02-24T14:28:12     info       Parsing: D:\Roll\roll_samples\Noordoostpolder\Noordoostpolder.roll
2026-02-24T14:28:12     info       Parsing: D:\Roll\roll_samples\Noordoostpolder\Noordoostpolder.roll survey object succesfully parsed
2026-02-24T14:28:12     info       Reading: D:\Roll\roll_samples\Noordoostpolder\Noordoostpolder.roll, success: True
2026-02-24T14:28:12     info       Loading: D:\Roll\roll_samples\Noordoostpolder\Noordoostpolder.roll analysis files
2026-02-24T14:28:12     info       Analysis dims: nx=2630, ny=1215, binSize=(10.000,20.000)
2026-02-24T14:28:12     info       Analysis file: .bin.npy exists=True
2026-02-24T14:28:12     info       Analysis file: .min.npy exists=True
2026-02-24T14:28:12     info       Analysis file: .max.npy exists=True
2026-02-24T14:28:12     info       Analysis file: .rms.npy exists=True
2026-02-24T14:28:12     info       Analysis file: .off.npy exists=True
2026-02-24T14:28:12     info       Analysis file: .azi.npy exists=True
2026-02-24T14:28:12     info       Analysis file: .ana.npy exists=True
2026-02-24T14:28:12     info       Loaded : . . . Fold map  : Min:0 - Max:209 
2026-02-24T14:28:12     info       Loaded : . . . Min-offset: Min:22.36m - Max:4998.13m 
2026-02-24T14:28:12     info       Loaded : . . . Max-offset: Min:22.36m - Max:5158.34m 
2026-02-24T14:28:12     info       Loaded : . . . Rms-offset: Min:0.00m - Max:1376.98m 
2026-02-24T14:28:12     info       Loaded : . . . offset histogram
2026-02-24T14:28:12     info       Loaded : . . . azi-offset histogram
2026-02-24T14:28:12     info       Analysis load: fold=210, maxFold=209
2026-02-24T14:28:12     info       Analysis load: nT=8723578500, expected=8723578500, delta=0
2026-02-24T14:28:12     info       Analysis load: D2_Output.shape=(671044500, 13)
2026-02-24T14:28:12     info       Loaded : . . . Analysis  : 671,044,500 traces (reserved space)
2026-02-24T14:28:12     info       Loaded : . . . Analysis: 671,044,500 traces available (showing 1,000,000 at a time)
2026-02-24T14:28:12     info       Loaded : . . . read 161,894 rec-records
2026-02-24T14:28:12     info       Loaded : . . . read 51,240 src-records
2026-02-24T14:28:12     info       Loaded : . . . read 1,795,499 rel-records
2026-02-24T14:28:16     info       Params : D:\Roll\roll_samples\Noordoostpolder\Noordoostpolder.roll survey object read, containing 282 parameters
2026-02-24T14:36:51     info       Parsing: D:\Roll\roll_samples\Noordoostpolder\Noordoostpolder.roll survey object succesfully parsed
2026-02-24T14:36:52     info       Params : D:\Roll\roll_samples\Noordoostpolder\Noordoostpolder.roll survey object read, containing 282 parameters+++

2026-03-10T12:40:26     info       Plugin : Started on Windows 11 v(10.0.26200)
2026-03-10T12:40:26     warning    Library: Numba not available, running pure Python code only
2026-03-10T12:40:26     warning    Library: Debugpy not available, (remote) debugging will not work
2026-03-10T12:40:26     info       Parsing: survey object succesfully parsed
2026-03-10T12:40:27     info       Params : survey object read, containing 282 parameters
2026-03-10T12:40:39     info       Opening: D:\Roll\roll_samples\Noordoostpolder\Noordoostpolder.roll
2026-03-10T12:40:39     info       Parsing: D:\Roll\roll_samples\Noordoostpolder\Noordoostpolder.roll
2026-03-10T12:40:39     info       Parsing: D:\Roll\roll_samples\Noordoostpolder\Noordoostpolder.roll survey object succesfully parsed
2026-03-10T12:40:39     info       Reading: D:\Roll\roll_samples\Noordoostpolder\Noordoostpolder.roll, success: True
2026-03-10T12:40:39     info       Loading: D:\Roll\roll_samples\Noordoostpolder\Noordoostpolder.roll analysis files
2026-03-10T12:40:39     info       Analysis dims: nx=2630, ny=1215, binSize=(10.000,20.000)
2026-03-10T12:40:39     info       Analysis file: .bin.npy exists=True
2026-03-10T12:40:39     info       Analysis file: .min.npy exists=True
2026-03-10T12:40:39     info       Analysis file: .max.npy exists=True
2026-03-10T12:40:39     info       Analysis file: .rms.npy exists=True
2026-03-10T12:40:39     info       Analysis file: .off.npy exists=True
2026-03-10T12:40:39     info       Analysis file: .azi.npy exists=True
2026-03-10T12:40:39     info       Analysis file: .ana.npy exists=True
2026-03-10T12:40:39     info       Loaded : . . . Fold map  : Min:0 - Max:209 
2026-03-10T12:40:39     info       Loaded : . . . Min-offset: Min:22.36m - Max:4998.13m 
2026-03-10T12:40:39     info       Loaded : . . . Max-offset: Min:22.36m - Max:5158.34m 
2026-03-10T12:40:39     info       Loaded : . . . Rms-offset: Min:0.00m - Max:1376.98m 
2026-03-10T12:40:39     info       Loaded : . . . offset histogram
2026-03-10T12:40:39     info       Loaded : . . . azi-offset histogram
2026-03-10T12:40:39     info       Analysis load: fold=210, maxFold=209
2026-03-10T12:40:39     info       Analysis load: nT=8723578500, expected=8723578500, delta=0
2026-03-10T12:40:39     info       Analysis load: an2Output.shape=(671044500, 13)
2026-03-10T12:40:39     info       Loaded : . . . Analysis  : 671,044,500 traces (reserved space)
2026-03-10T12:40:39     info       Loaded : . . . Analysis: 671,044,500 traces available (showing 1,000,000 at a time)
2026-03-10T12:40:39     info       Loaded : . . . read 161,894 rec-records
2026-03-10T12:40:39     info       Loaded : . . . read 51,240 src-records
2026-03-10T12:40:39     info       Loaded : . . . read 1,795,499 rel-records
2026-03-10T12:40:43     info       Params : D:\Roll\roll_samples\Noordoostpolder\Noordoostpolder.roll survey object read, containing 282 parameters
2026-03-10T12:41:32     info       Parsing: D:\Roll\roll_samples\Noordoostpolder\Noordoostpolder.roll survey object succesfully parsed
2026-03-10T12:41:33     info       Params : D:\Roll\roll_samples\Noordoostpolder\Noordoostpolder.roll survey object read, containing 282 parameters+++

2026-03-10T12:44:21     info       Plugin : Started on Windows 11 v(10.0.26200)
2026-03-10T12:44:21     info       Library: Numba version 0.62.1 available for JIT acceleration
2026-03-10T12:44:21     info       Library: Numba is enabled, running in JIT mode
2026-03-10T12:44:21     info       Parsing: survey object succesfully parsed
2026-03-10T12:44:21     info       Params : survey object read, containing 282 parameters
2026-03-10T12:44:47     info       Parsing: survey object succesfully parsed
2026-03-10T12:44:48     info       Params : survey object read, containing 282 parameters+++

2026-03-12T18:54:32     info       Plugin : Started on Windows 11 v(10.0.26200)
2026-03-12T18:54:32     info       Library: Numba version 0.64.0 available for JIT acceleration
2026-03-12T18:54:32     info       Library: Numba is enabled, running in JIT mode
2026-03-12T18:54:32     warning    Library: Debugpy not available, (remote) debugging will not work
2026-03-12T18:54:32     info       Parsing: survey object succesfully parsed
2026-03-12T18:54:33     info       Params : survey object read, containing 282 parameters
2026-03-12T18:54:58     info       Opening: D:\Tellus\Roll\Andijk-crossspreads\Andijk-crossspreads.roll
2026-03-12T18:54:58     info       Parsing: D:\Tellus\Roll\Andijk-crossspreads\Andijk-crossspreads.roll
2026-03-12T18:54:58     info       Parsing: D:\Tellus\Roll\Andijk-crossspreads\Andijk-crossspreads.roll survey object succesfully parsed
2026-03-12T18:54:58     info       Reading: D:\Tellus\Roll\Andijk-crossspreads\Andijk-crossspreads.roll, success: True
2026-03-12T18:54:58     info       Loading: D:\Tellus\Roll\Andijk-crossspreads\Andijk-crossspreads.roll analysis files
2026-03-12T18:54:58     info       Analysis dims: nx=700, ny=460, binSize=(10.000,10.000)
2026-03-12T18:54:58     info       Analysis file: .bin.npy exists=True
2026-03-12T18:54:58     info       Analysis file: .min.npy exists=True
2026-03-12T18:54:58     info       Analysis file: .max.npy exists=True
2026-03-12T18:54:58     info       Analysis file: .rms.npy exists=True
2026-03-12T18:54:58     info       Analysis file: .off.npy exists=True
2026-03-12T18:54:58     info       Analysis file: .azi.npy exists=True
2026-03-12T18:54:58     info       Analysis file: .ana.npy exists=True
2026-03-12T18:54:58     info       Loaded : . . . Fold map  : Min:0 - Max:94 
2026-03-12T18:54:58     info       Loaded : . . . Min-offset: Min:3.21m - Max:2000.00m 
2026-03-12T18:54:58     info       Loaded : . . . Max-offset: Min:6.52m - Max:2000.00m 
2026-03-12T18:54:58     info       Loaded : . . . Rms-offset: Min:0.00m - Max:999.75m 
2026-03-12T18:54:58     info       Loaded : . . . offset histogram
2026-03-12T18:54:58     info       Loaded : . . . azi-offset histogram
2026-03-12T18:54:58     info       Analysis load: fold=100, maxFold=94
2026-03-12T18:54:58     info       Analysis load: nT=418600000, expected=418600000, delta=0
2026-03-12T18:54:58     info       Analysis load: an2Output.shape=(32200000, 13)
2026-03-12T18:54:58     info       Loaded : . . . Analysis  : 32,200,000 traces (reserved space)
2026-03-12T18:54:58     info       Loaded : . . . Analysis: 32,200,000 traces available (showing 1,000,000 at a time)
2026-03-12T18:54:58     info       Loaded : . . . read 2,708 rps-records
2026-03-12T18:54:58     info       Loaded : . . . read 2,927 sps-records
2026-03-12T18:54:58     info       Loaded : . . . read 7,323,354 xps-records
2026-03-12T18:54:58     info       Params : D:\Tellus\Roll\Andijk-crossspreads\Andijk-crossspreads.roll survey object read, containing 282 parameters
2026-03-12T18:55:26     info       Opening: D:\Roll\roll_samples\Noordoostpolder\Noordoostpolder.roll
2026-03-12T18:55:26     info       Parsing: D:\Roll\roll_samples\Noordoostpolder\Noordoostpolder.roll
2026-03-12T18:55:26     info       Parsing: D:\Roll\roll_samples\Noordoostpolder\Noordoostpolder.roll survey object succesfully parsed
2026-03-12T18:55:26     info       Reading: D:\Roll\roll_samples\Noordoostpolder\Noordoostpolder.roll, success: True
2026-03-12T18:55:26     info       Loading: D:\Roll\roll_samples\Noordoostpolder\Noordoostpolder.roll analysis files
2026-03-12T18:55:26     info       Analysis dims: nx=2630, ny=1215, binSize=(10.000,20.000)
2026-03-12T18:55:26     info       Analysis file: .bin.npy exists=True
2026-03-12T18:55:26     info       Analysis file: .min.npy exists=True
2026-03-12T18:55:26     info       Analysis file: .max.npy exists=True
2026-03-12T18:55:26     info       Analysis file: .rms.npy exists=True
2026-03-12T18:55:26     info       Analysis file: .off.npy exists=True
2026-03-12T18:55:26     info       Analysis file: .azi.npy exists=True
2026-03-12T18:55:26     info       Analysis file: .ana.npy exists=True
2026-03-12T18:55:26     info       Loaded : . . . Fold map  : Min:0 - Max:209 
2026-03-12T18:55:26     info       Loaded : . . . Min-offset: Min:22.36m - Max:4998.13m 
2026-03-12T18:55:26     info       Loaded : . . . Max-offset: Min:22.36m - Max:5158.34m 
2026-03-12T18:55:26     info       Loaded : . . . Rms-offset: Min:0.00m - Max:1376.98m 
2026-03-12T18:55:26     info       Loaded : . . . offset histogram
2026-03-12T18:55:26     info       Loaded : . . . azi-offset histogram
2026-03-12T18:55:26     info       Analysis load: fold=210, maxFold=209
2026-03-12T18:55:26     info       Analysis load: nT=8723578500, expected=8723578500, delta=0
2026-03-12T18:55:26     info       Analysis load: an2Output.shape=(671044500, 13)
2026-03-12T18:55:26     info       Loaded : . . . Analysis  : 671,044,500 traces (reserved space)
2026-03-12T18:55:26     info       Loaded : . . . Analysis: 671,044,500 traces available (showing 1,000,000 at a time)
2026-03-12T18:55:26     info       Loaded : . . . read 161,894 rec-records
2026-03-12T18:55:26     info       Loaded : . . . read 51,240 src-records
2026-03-12T18:55:26     info       Loaded : . . . read 1,795,499 rel-records
2026-03-12T18:55:32     info       Params : D:\Roll\roll_samples\Noordoostpolder\Noordoostpolder.roll survey object read, containing 282 parameters
2026-03-12T19:05:31     info       Parsing: D:\Roll\roll_samples\Noordoostpolder\Noordoostpolder.roll survey object succesfully parsed
2026-03-12T19:05:32     info       Params : D:\Roll\roll_samples\Noordoostpolder\Noordoostpolder.roll survey object read, containing 282 parameters+++

2026-03-13T11:23:43     info       Plugin : Started on Windows 11 v(10.0.26200)
2026-03-13T11:23:43     info       Library: Numba version 0.64.0 available for JIT acceleration
2026-03-13T11:23:43     info       Library: Numba is enabled, running in JIT mode
2026-03-13T11:23:43     info       Parsing: survey object succesfully parsed
2026-03-13T11:23:43     info       Params : survey object read, containing 282 parameters
2026-03-13T11:23:48     info       Opening: D:\Roll\roll_samples\Noordoostpolder\Noordoostpolder.roll
2026-03-13T11:23:48     info       Parsing: D:\Roll\roll_samples\Noordoostpolder\Noordoostpolder.roll
2026-03-13T11:23:48     info       Parsing: D:\Roll\roll_samples\Noordoostpolder\Noordoostpolder.roll survey object succesfully parsed
2026-03-13T11:23:48     info       Reading: D:\Roll\roll_samples\Noordoostpolder\Noordoostpolder.roll, success: True
2026-03-13T11:23:48     info       Loading: D:\Roll\roll_samples\Noordoostpolder\Noordoostpolder.roll analysis files
2026-03-13T11:23:48     info       Analysis dims: nx=2630, ny=1215, binSize=(10.000,20.000)
2026-03-13T11:23:48     info       Analysis file: .bin.npy exists=True
2026-03-13T11:23:48     info       Analysis file: .min.npy exists=True
2026-03-13T11:23:48     info       Analysis file: .max.npy exists=True
2026-03-13T11:23:48     info       Analysis file: .rms.npy exists=True
2026-03-13T11:23:48     info       Analysis file: .off.npy exists=True
2026-03-13T11:23:48     info       Analysis file: .azi.npy exists=True
2026-03-13T11:23:48     info       Analysis file: .ana.npy exists=True
2026-03-13T11:23:48     info       Loaded : . . . Fold map  : Min:0 - Max:209 
2026-03-13T11:23:48     info       Loaded : . . . Min-offset: Min:22.36m - Max:4998.13m 
2026-03-13T11:23:48     info       Loaded : . . . Max-offset: Min:22.36m - Max:5158.34m 
2026-03-13T11:23:48     info       Loaded : . . . Rms-offset: Min:0.00m - Max:1376.98m 
2026-03-13T11:23:48     info       Loaded : . . . offset histogram
2026-03-13T11:23:48     info       Loaded : . . . azi-offset histogram
2026-03-13T11:23:48     info       Analysis load: fold=210, maxFold=209
2026-03-13T11:23:48     info       Analysis load: nT=8723578500, expected=8723578500, delta=0
2026-03-13T11:23:48     info       Analysis load: an2Output.shape=(671044500, 13)
2026-03-13T11:23:48     info       Loaded : . . . Analysis  : 671,044,500 traces (reserved space)
2026-03-13T11:23:48     info       Loaded : . . . Analysis: 671,044,500 traces available (showing 1,000,000 at a time)
2026-03-13T11:23:48     info       Loaded : . . . read 161,894 rec-records
2026-03-13T11:23:48     info       Loaded : . . . read 51,240 src-records
2026-03-13T11:23:48     info       Loaded : . . . read 1,795,499 rel-records
2026-03-13T11:23:52     info       Params : D:\Roll\roll_samples\Noordoostpolder\Noordoostpolder.roll survey object read, containing 282 parameters
2026-03-13T11:24:27     info       Parsing: D:\Roll\roll_samples\Noordoostpolder\Noordoostpolder.roll survey object succesfully parsed
2026-03-13T11:24:27     info       Params : D:\Roll\roll_samples\Noordoostpolder\Noordoostpolder.roll survey object read, containing 282 parameters+++

2026-03-13T11:26:58     info       Plugin : Started on Windows 11 v(10.0.26200)
2026-03-13T11:26:58     info       Library: Numba version 0.64.0 available for JIT acceleration
2026-03-13T11:26:58     info       Library: Numba is enabled, running in JIT mode
2026-03-13T11:26:58     warning    Library: Debugpy not available, (remote) debugging will not work
2026-03-13T11:26:58     info       Parsing: survey object succesfully parsed
2026-03-13T11:26:58     info       Params : survey object read, containing 282 parameters
2026-03-13T11:26:58     info       Parsing: survey object succesfully parsed
2026-03-13T11:27:01     info       Params : survey object read, containing 282 parameters+++

2026-03-13T11:27:56     info       Plugin : Started on Windows 11 v(10.0.26200)
2026-03-13T11:27:56     info       Library: Numba version 0.64.0 available for JIT acceleration
2026-03-13T11:27:56     info       Library: Numba is enabled, running in JIT mode
2026-03-13T11:27:56     warning    Library: Debugpy not available, (remote) debugging will not work
2026-03-13T11:27:56     info       Parsing: survey object succesfully parsed
2026-03-13T11:27:56     info       Params : survey object read, containing 282 parameters
2026-03-13T11:27:56     info       Parsing: survey object succesfully parsed
2026-03-13T11:27:58     info       Params : survey object read, containing 282 parameters+++

2026-03-13T12:35:33     info       Plugin : Started on Windows 11 v(10.0.26200)
2026-03-13T12:35:33     info       Library: Numba version 0.64.0 available for JIT acceleration
2026-03-13T12:35:33     info       Library: Numba is enabled, running in JIT mode
2026-03-13T12:35:33     warning    Library: Debugpy not available, (remote) debugging will not work
2026-03-13T12:35:33     info       Parsing: survey object succesfully parsed
2026-03-13T12:35:33     info       Params : survey object read, containing 282 parameters
2026-03-13T12:35:33     info       Parsing: survey object succesfully parsed
2026-03-13T12:35:34     info       Params : survey object read, containing 282 parameters+++

2026-03-13T12:37:16     info       Plugin : Started on Windows 11 v(10.0.26200)
2026-03-13T12:37:16     info       Library: Numba version 0.64.0 available for JIT acceleration
2026-03-13T12:37:16     info       Library: Numba is enabled, running in JIT mode
2026-03-13T12:37:16     warning    Library: Debugpy not available, (remote) debugging will not work
2026-03-13T12:37:16     info       Parsing: survey object succesfully parsed
2026-03-13T12:37:16     info       Params : survey object read, containing 282 parameters
2026-03-13T12:37:16     info       Parsing: survey object succesfully parsed
2026-03-13T12:37:17     info       Params : survey object read, containing 282 parameters+++

2026-03-13T12:39:01     info       Plugin : Started on Windows 11 v(10.0.26200)
2026-03-13T12:39:01     info       Library: Numba version 0.64.0 available for JIT acceleration
2026-03-13T12:39:01     info       Library: Numba is enabled, running in JIT mode
2026-03-13T12:39:01     warning    Library: Debugpy not available, (remote) debugging will not work
2026-03-13T12:39:01     info       Parsing: survey object succesfully parsed
2026-03-13T12:39:01     info       Params : survey object read, containing 282 parameters
2026-03-13T12:39:01     info       Parsing: survey object succesfully parsed
2026-03-13T12:39:02     info       Params : survey object read, containing 282 parameters+++

2026-03-13T12:41:29     info       Plugin : Started on Windows 11 v(10.0.26200)
2026-03-13T12:41:29     info       Library: Numba version 0.64.0 available for JIT acceleration
2026-03-13T12:41:29     info       Library: Numba is enabled, running in JIT mode
2026-03-13T12:41:29     warning    Library: Debugpy not available, (remote) debugging will not work
2026-03-13T12:41:29     info       Parsing: survey object succesfully parsed
2026-03-13T12:41:29     info       Params : survey object read, containing 282 parameters
2026-03-13T12:41:29     info       Parsing: survey object succesfully parsed
2026-03-13T12:41:30     info       Params : survey object read, containing 282 parameters+++

2026-03-13T12:43:21     info       Plugin : Started on Windows 11 v(10.0.26200)
2026-03-13T12:43:21     info       Library: Numba version 0.64.0 available for JIT acceleration
2026-03-13T12:43:21     info       Library: Numba is enabled, running in JIT mode
2026-03-13T12:43:21     warning    Library: Debugpy not available, (remote) debugging will not work
2026-03-13T12:43:21     info       Parsing: survey object succesfully parsed
2026-03-13T12:43:21     info       Params : survey object read, containing 282 parameters
2026-03-13T12:43:21     info       Parsing: survey object succesfully parsed
2026-03-13T12:43:22     info       Params : survey object read, containing 282 parameters+++

2026-03-13T12:49:05     info       Plugin : Started on Windows 11 v(10.0.26200)
2026-03-13T12:49:05     info       Library: Numba version 0.64.0 available for JIT acceleration
2026-03-13T12:49:05     info       Library: Numba is enabled, running in JIT mode
2026-03-13T12:49:05     warning    Library: Debugpy not available, (remote) debugging will not work
2026-03-13T12:49:05     info       Parsing: survey object succesfully parsed
2026-03-13T12:49:06     info       Params : survey object read, containing 282 parameters
2026-03-13T12:49:22     info       Opening: D:\Roll\roll_samples\Noordoostpolder\Noordoostpolder.roll
2026-03-13T12:49:22     info       Parsing: D:\Roll\roll_samples\Noordoostpolder\Noordoostpolder.roll
2026-03-13T12:49:22     info       Parsing: D:\Roll\roll_samples\Noordoostpolder\Noordoostpolder.roll survey object succesfully parsed
2026-03-13T12:49:22     info       Reading: D:\Roll\roll_samples\Noordoostpolder\Noordoostpolder.roll, success: True
2026-03-13T12:49:22     info       Loading: D:\Roll\roll_samples\Noordoostpolder\Noordoostpolder.roll analysis files
2026-03-13T12:49:22     info       Analysis dims: nx=2630, ny=1215, binSize=(10.000,20.000)
2026-03-13T12:49:22     info       Analysis file: .bin.npy exists=True
2026-03-13T12:49:22     info       Analysis file: .min.npy exists=True
2026-03-13T12:49:22     info       Analysis file: .max.npy exists=True
2026-03-13T12:49:22     info       Analysis file: .rms.npy exists=True
2026-03-13T12:49:22     info       Analysis file: .off.npy exists=True
2026-03-13T12:49:22     info       Analysis file: .azi.npy exists=True
2026-03-13T12:49:22     info       Analysis file: .ana.npy exists=True
2026-03-13T12:49:22     info       Loaded : . . . Fold map  : Min:0 - Max:209 
2026-03-13T12:49:22     info       Loaded : . . . Min-offset: Min:22.36m - Max:4998.13m 
2026-03-13T12:49:22     info       Loaded : . . . Max-offset: Min:22.36m - Max:5158.34m 
2026-03-13T12:49:22     info       Loaded : . . . Rms-offset: Min:0.00m - Max:1376.98m 
2026-03-13T12:49:22     info       Loaded : . . . offset histogram
2026-03-13T12:49:22     info       Loaded : . . . azi-offset histogram
2026-03-13T12:49:22     info       Analysis load: fold=210, maxFold=209
2026-03-13T12:49:22     info       Analysis load: nT=8723578500, expected=8723578500, delta=0
2026-03-13T12:49:22     info       Analysis load: an2Output.shape=(671044500, 13)
2026-03-13T12:49:22     info       Loaded : . . . Analysis  : 671,044,500 traces (reserved space)
2026-03-13T12:49:22     info       Loaded : . . . Analysis: 671,044,500 traces available (showing 1,000,000 at a time)
2026-03-13T12:49:22     info       Loaded : . . . read 161,894 rec-records
2026-03-13T12:49:22     info       Loaded : . . . read 51,240 src-records
2026-03-13T12:49:22     info       Loaded : . . . read 1,795,499 rel-records
2026-03-13T12:49:26     info       Params : D:\Roll\roll_samples\Noordoostpolder\Noordoostpolder.roll survey object read, containing 282 parameters
2026-03-13T12:56:05     info       Parsing: D:\Roll\roll_samples\Noordoostpolder\Noordoostpolder.roll survey object succesfully parsed
2026-03-13T12:56:06     info       Params : D:\Roll\roll_samples\Noordoostpolder\Noordoostpolder.roll survey object read, containing 282 parameters+++

2026-03-13T12:56:16     info       Plugin : Started on Windows 11 v(10.0.26200)
2026-03-13T12:56:16     info       Library: Numba version 0.64.0 available for JIT acceleration
2026-03-13T12:56:16     info       Library: Numba is enabled, running in JIT mode
2026-03-13T12:56:16     warning    Library: Debugpy not available, (remote) debugging will not work
2026-03-13T12:56:16     info       Parsing: survey object succesfully parsed
2026-03-13T12:56:17     info       Params : survey object read, containing 282 parameters
2026-03-13T12:56:41     info       Opening: D:\Roll\roll_samples\Noordoostpolder\Noordoostpolder.roll
2026-03-13T12:56:41     info       Parsing: D:\Roll\roll_samples\Noordoostpolder\Noordoostpolder.roll
2026-03-13T12:56:41     info       Parsing: D:\Roll\roll_samples\Noordoostpolder\Noordoostpolder.roll survey object succesfully parsed
2026-03-13T12:56:41     info       Reading: D:\Roll\roll_samples\Noordoostpolder\Noordoostpolder.roll, success: True
2026-03-13T12:56:41     info       Loading: D:\Roll\roll_samples\Noordoostpolder\Noordoostpolder.roll analysis files
2026-03-13T12:56:41     info       Analysis dims: nx=2630, ny=1215, binSize=(10.000,20.000)
2026-03-13T12:56:41     info       Analysis file: .bin.npy exists=True
2026-03-13T12:56:41     info       Analysis file: .min.npy exists=True
2026-03-13T12:56:41     info       Analysis file: .max.npy exists=True
2026-03-13T12:56:41     info       Analysis file: .rms.npy exists=True
2026-03-13T12:56:41     info       Analysis file: .off.npy exists=True
2026-03-13T12:56:41     info       Analysis file: .azi.npy exists=True
2026-03-13T12:56:41     info       Analysis file: .ana.npy exists=True
2026-03-13T12:56:41     info       Loaded : . . . Fold map  : Min:0 - Max:209 
2026-03-13T12:56:41     info       Loaded : . . . Min-offset: Min:22.36m - Max:4998.13m 
2026-03-13T12:56:41     info       Loaded : . . . Max-offset: Min:22.36m - Max:5158.34m 
2026-03-13T12:56:41     info       Loaded : . . . Rms-offset: Min:0.00m - Max:1376.98m 
2026-03-13T12:56:41     info       Loaded : . . . offset histogram
2026-03-13T12:56:41     info       Loaded : . . . azi-offset histogram
2026-03-13T12:56:41     info       Analysis load: fold=210, maxFold=209
2026-03-13T12:56:41     info       Analysis load: nT=8723578500, expected=8723578500, delta=0
2026-03-13T12:56:41     info       Analysis load: an2Output.shape=(671044500, 13)
2026-03-13T12:56:41     info       Loaded : . . . Analysis  : 671,044,500 traces (reserved space)
2026-03-13T12:56:41     info       Loaded : . . . Analysis: 671,044,500 traces available (showing 1,000,000 at a time)
2026-03-13T12:56:41     info       Loaded : . . . read 161,894 rec-records
2026-03-13T12:56:41     info       Loaded : . . . read 51,240 src-records
2026-03-13T12:56:41     info       Loaded : . . . read 1,795,499 rel-records
2026-03-13T12:56:45     info       Params : D:\Roll\roll_samples\Noordoostpolder\Noordoostpolder.roll survey object read, containing 282 parameters
2026-03-13T12:57:57     info       Parsing: D:\Roll\roll_samples\Noordoostpolder\Noordoostpolder.roll survey object succesfully parsed
2026-03-13T12:57:57     info       Params : D:\Roll\roll_samples\Noordoostpolder\Noordoostpolder.roll survey object read, containing 282 parameters+++

2026-03-13T12:58:03     info       Plugin : Started on Windows 11 v(10.0.26200)
2026-03-13T12:58:03     info       Library: Numba version 0.64.0 available for JIT acceleration
2026-03-13T12:58:03     info       Library: Numba is enabled, running in JIT mode
2026-03-13T12:58:03     info       Parsing: survey object succesfully parsed
2026-03-13T12:58:04     info       Params : survey object read, containing 282 parameters
2026-03-13T12:58:13     info       Opening: D:/Roll/roll_samples/wells/Wells-wws.roll
2026-03-13T12:58:13     info       Parsing: D:/Roll/roll_samples/wells/Wells-wws.roll
2026-03-13T12:58:14     info       Parsing: D:/Roll/roll_samples/wells/Wells-wws.roll survey object succesfully parsed
2026-03-13T12:58:14     info       Reading: D:/Roll/roll_samples/wells/Wells-wws.roll, success: True
2026-03-13T12:58:14     info       Loading: D:/Roll/roll_samples/wells/Wells-wws.roll analysis files
2026-03-13T12:58:14     info       Analysis dims: nx=10, ny=16, binSize=(25.000,25.000)
2026-03-13T12:58:14     info       Analysis file: .bin.npy exists=False
2026-03-13T12:58:14     info       Analysis file: .min.npy exists=False
2026-03-13T12:58:14     info       Analysis file: .max.npy exists=False
2026-03-13T12:58:14     info       Analysis file: .rms.npy exists=False
2026-03-13T12:58:14     info       Analysis file: .off.npy exists=False
2026-03-13T12:58:14     info       Analysis file: .azi.npy exists=False
2026-03-13T12:58:14     info       Analysis file: .ana.npy exists=False
2026-03-13T12:58:20     info       Params : D:/Roll/roll_samples/wells/Wells-wws.roll survey object read, containing 695 parameters
2026-03-13T12:58:36     info       Opening: D:\Roll\roll_samples\Noordoostpolder\Noordoostpolder.roll
2026-03-13T12:58:36     info       Parsing: D:\Roll\roll_samples\Noordoostpolder\Noordoostpolder.roll
2026-03-13T12:58:36     info       Parsing: D:\Roll\roll_samples\Noordoostpolder\Noordoostpolder.roll survey object succesfully parsed
2026-03-13T12:58:36     info       Reading: D:\Roll\roll_samples\Noordoostpolder\Noordoostpolder.roll, success: True
2026-03-13T12:58:36     info       Loading: D:\Roll\roll_samples\Noordoostpolder\Noordoostpolder.roll analysis files
2026-03-13T12:58:36     info       Analysis dims: nx=2630, ny=1215, binSize=(10.000,20.000)
2026-03-13T12:58:36     info       Analysis file: .bin.npy exists=True
2026-03-13T12:58:36     info       Analysis file: .min.npy exists=True
2026-03-13T12:58:36     info       Analysis file: .max.npy exists=True
2026-03-13T12:58:36     info       Analysis file: .rms.npy exists=True
2026-03-13T12:58:36     info       Analysis file: .off.npy exists=True
2026-03-13T12:58:36     info       Analysis file: .azi.npy exists=True
2026-03-13T12:58:36     info       Analysis file: .ana.npy exists=True
2026-03-13T12:58:36     info       Loaded : . . . Fold map  : Min:0 - Max:209 
2026-03-13T12:58:36     info       Loaded : . . . Min-offset: Min:22.36m - Max:4998.13m 
2026-03-13T12:58:36     info       Loaded : . . . Max-offset: Min:22.36m - Max:5158.34m 
2026-03-13T12:58:36     info       Loaded : . . . Rms-offset: Min:0.00m - Max:1376.98m 
2026-03-13T12:58:36     info       Loaded : . . . offset histogram
2026-03-13T12:58:36     info       Loaded : . . . azi-offset histogram
2026-03-13T12:58:36     info       Analysis load: fold=210, maxFold=209
2026-03-13T12:58:36     info       Analysis load: nT=8723578500, expected=8723578500, delta=0
2026-03-13T12:58:36     info       Analysis load: an2Output.shape=(671044500, 13)
2026-03-13T12:58:36     info       Loaded : . . . Analysis  : 671,044,500 traces (reserved space)
2026-03-13T12:58:36     info       Loaded : . . . Analysis: 671,044,500 traces available (showing 1,000,000 at a time)
2026-03-13T12:58:36     info       Loaded : . . . read 161,894 rec-records
2026-03-13T12:58:36     info       Loaded : . . . read 51,240 src-records
2026-03-13T12:58:36     info       Loaded : . . . read 1,795,499 rel-records
2026-03-13T12:58:40     info       Params : D:\Roll\roll_samples\Noordoostpolder\Noordoostpolder.roll survey object read, containing 282 parameters
2026-03-13T12:58:56     info       Parsing: D:\Roll\roll_samples\Noordoostpolder\Noordoostpolder.roll survey object succesfully parsed
2026-03-13T12:58:57     info       Params : D:\Roll\roll_samples\Noordoostpolder\Noordoostpolder.roll survey object read, containing 282 parameters+++

2026-03-13T12:59:24     info       Plugin : Started on Windows 11 v(10.0.26200)
2026-03-13T12:59:24     info       Library: Numba version 0.64.0 available for JIT acceleration
2026-03-13T12:59:24     info       Library: Numba is enabled, running in JIT mode
2026-03-13T12:59:24     info       Parsing: survey object succesfully parsed
2026-03-13T12:59:24     info       Params : survey object read, containing 282 parameters
2026-03-13T13:00:26     info       Parsing: survey object succesfully parsed
2026-03-13T13:00:27     info       Params : survey object read, containing 282 parameters+++

2026-03-13T13:01:08     info       Plugin : Started on Windows 11 v(10.0.26200)
2026-03-13T13:01:08     info       Library: Numba version 0.64.0 available for JIT acceleration
2026-03-13T13:01:08     info       Library: Numba is enabled, running in JIT mode
2026-03-13T13:01:08     info       Parsing: survey object succesfully parsed
2026-03-13T13:01:08     info       Params : survey object read, containing 282 parameters
2026-03-13T13:01:42     info       Opening: D:\Roll\roll_samples\Noordoostpolder\Noordoostpolder.roll
2026-03-13T13:01:42     info       Parsing: D:\Roll\roll_samples\Noordoostpolder\Noordoostpolder.roll
2026-03-13T13:01:42     info       Parsing: D:\Roll\roll_samples\Noordoostpolder\Noordoostpolder.roll survey object succesfully parsed
2026-03-13T13:01:42     info       Reading: D:\Roll\roll_samples\Noordoostpolder\Noordoostpolder.roll, success: True
2026-03-13T13:01:42     info       Loading: D:\Roll\roll_samples\Noordoostpolder\Noordoostpolder.roll analysis files
2026-03-13T13:01:42     info       Analysis dims: nx=2630, ny=1215, binSize=(10.000,20.000)
2026-03-13T13:01:42     info       Analysis file: .bin.npy exists=True
2026-03-13T13:01:42     info       Analysis file: .min.npy exists=True
2026-03-13T13:01:42     info       Analysis file: .max.npy exists=True
2026-03-13T13:01:42     info       Analysis file: .rms.npy exists=True
2026-03-13T13:01:42     info       Analysis file: .off.npy exists=True
2026-03-13T13:01:42     info       Analysis file: .azi.npy exists=True
2026-03-13T13:01:42     info       Analysis file: .ana.npy exists=True
2026-03-13T13:01:42     info       Loaded : . . . Fold map  : Min:0 - Max:209 
2026-03-13T13:01:42     info       Loaded : . . . Min-offset: Min:22.36m - Max:4998.13m 
2026-03-13T13:01:42     info       Loaded : . . . Max-offset: Min:22.36m - Max:5158.34m 
2026-03-13T13:01:42     info       Loaded : . . . Rms-offset: Min:0.00m - Max:1376.98m 
2026-03-13T13:01:42     info       Loaded : . . . offset histogram
2026-03-13T13:01:42     info       Loaded : . . . azi-offset histogram
2026-03-13T13:01:42     info       Analysis load: fold=210, maxFold=209
2026-03-13T13:01:42     info       Analysis load: nT=8723578500, expected=8723578500, delta=0
2026-03-13T13:01:42     info       Analysis load: an2Output.shape=(671044500, 13)
2026-03-13T13:01:42     info       Loaded : . . . Analysis  : 671,044,500 traces (reserved space)
2026-03-13T13:01:42     info       Loaded : . . . Analysis: 671,044,500 traces available (showing 1,000,000 at a time)
2026-03-13T13:01:42     info       Loaded : . . . read 161,894 rec-records
2026-03-13T13:01:42     info       Loaded : . . . read 51,240 src-records
2026-03-13T13:01:43     info       Loaded : . . . read 1,795,499 rel-records
2026-03-13T13:01:47     info       Params : D:\Roll\roll_samples\Noordoostpolder\Noordoostpolder.roll survey object read, containing 282 parameters
2026-03-13T13:02:15     info       Parsing: D:\Roll\roll_samples\Noordoostpolder\Noordoostpolder.roll survey object succesfully parsed
2026-03-13T13:02:15     info       Params : D:\Roll\roll_samples\Noordoostpolder\Noordoostpolder.roll survey object read, containing 282 parameters+++

2026-03-13T13:02:28     info       Plugin : Started on Windows 11 v(10.0.26200)
2026-03-13T13:02:28     info       Library: Numba version 0.64.0 available for JIT acceleration
2026-03-13T13:02:28     info       Library: Numba is enabled, running in JIT mode
2026-03-13T13:02:28     warning    Library: Debugpy not available, (remote) debugging will not work
2026-03-13T13:02:28     info       Parsing: survey object succesfully parsed
2026-03-13T13:02:29     info       Params : survey object read, containing 282 parameters
2026-03-13T13:03:23     info       Parsing: survey object succesfully parsed
2026-03-13T13:03:23     info       Params : survey object read, containing 282 parameters+++

2026-03-13T13:03:31     info       Plugin : Started on Windows 11 v(10.0.26200)
2026-03-13T13:03:31     info       Library: Numba version 0.64.0 available for JIT acceleration
2026-03-13T13:03:31     info       Library: Numba is enabled, running in JIT mode
2026-03-13T13:03:31     info       Parsing: survey object succesfully parsed
2026-03-13T13:03:31     info       Params : survey object read, containing 282 parameters
2026-03-13T13:09:38     info       Parsing: survey object succesfully parsed
2026-03-13T13:09:38     info       Params : survey object read, containing 282 parameters+++

2026-03-13T13:18:40     info       Plugin : Started on Windows 11 v(10.0.26200)
2026-03-13T13:18:40     info       Library: Numba version 0.64.0 available for JIT acceleration
2026-03-13T13:18:40     info       Library: Numba is enabled, running in JIT mode
2026-03-13T13:18:40     info       Parsing: survey object succesfully parsed
2026-03-13T13:18:40     info       Params : survey object read, containing 282 parameters
2026-03-13T13:19:14     info       Opening: D:\Roll\roll_samples\Noordoostpolder\Noordoostpolder.roll
2026-03-13T13:19:14     info       Parsing: D:\Roll\roll_samples\Noordoostpolder\Noordoostpolder.roll
2026-03-13T13:19:14     info       Parsing: D:\Roll\roll_samples\Noordoostpolder\Noordoostpolder.roll survey object succesfully parsed
2026-03-13T13:19:14     info       Reading: D:\Roll\roll_samples\Noordoostpolder\Noordoostpolder.roll, success: True
2026-03-13T13:19:14     info       Loading: D:\Roll\roll_samples\Noordoostpolder\Noordoostpolder.roll analysis files
2026-03-13T13:19:14     info       Analysis dims: nx=2630, ny=1215, binSize=(10.000,20.000)
2026-03-13T13:19:14     info       Analysis file: .bin.npy exists=True
2026-03-13T13:19:14     info       Analysis file: .min.npy exists=True
2026-03-13T13:19:14     info       Analysis file: .max.npy exists=True
2026-03-13T13:19:14     info       Analysis file: .rms.npy exists=True
2026-03-13T13:19:14     info       Analysis file: .off.npy exists=True
2026-03-13T13:19:14     info       Analysis file: .azi.npy exists=True
2026-03-13T13:19:14     info       Analysis file: .ana.npy exists=True
2026-03-13T13:19:14     info       Loaded : . . . Fold map  : Min:0 - Max:209 
2026-03-13T13:19:14     info       Loaded : . . . Min-offset: Min:22.36m - Max:4998.13m 
2026-03-13T13:19:14     info       Loaded : . . . Max-offset: Min:22.36m - Max:5158.34m 
2026-03-13T13:19:14     info       Loaded : . . . Rms-offset: Min:0.00m - Max:1376.98m 
2026-03-13T13:19:14     info       Loaded : . . . offset histogram
2026-03-13T13:19:14     info       Loaded : . . . azi-offset histogram
2026-03-13T13:19:14     info       Analysis load: fold=210, maxFold=209
2026-03-13T13:19:14     info       Analysis load: nT=8723578500, expected=8723578500, delta=0
2026-03-13T13:19:14     info       Analysis load: an2Output.shape=(671044500, 13)
2026-03-13T13:19:14     info       Loaded : . . . Analysis  : 671,044,500 traces (reserved space)
2026-03-13T13:19:14     info       Loaded : . . . Analysis: 671,044,500 traces available (showing 1,000,000 at a time)
2026-03-13T13:19:14     info       Loaded : . . . read 161,894 rec-records
2026-03-13T13:19:14     info       Loaded : . . . read 51,240 src-records
2026-03-13T13:19:14     info       Loaded : . . . read 1,795,499 rel-records
2026-03-13T13:19:20     info       Params : D:\Roll\roll_samples\Noordoostpolder\Noordoostpolder.roll survey object read, containing 282 parameters
2026-03-13T13:21:11     info       Parsing: D:\Roll\roll_samples\Noordoostpolder\Noordoostpolder.roll survey object succesfully parsed
2026-03-13T13:21:11     info       Params : D:\Roll\roll_samples\Noordoostpolder\Noordoostpolder.roll survey object read, containing 282 parameters+++

2026-03-26T13:57:45     info       Plugin : Started on Windows 11 v(10.0.26200)
2026-03-26T13:57:45     info       Library: Numba version 0.62.1 available for JIT acceleration
2026-03-26T13:57:45     info       Parsing: survey object succesfully parsed
2026-03-26T13:57:45     info       Params : survey object read, containing 282 parameters
2026-03-26T13:58:00     info       Opening: D:\Roll\roll_samples\Noordoostpolder\Noordoostpolder.roll
2026-03-26T13:58:00     info       Parsing: D:\Roll\roll_samples\Noordoostpolder\Noordoostpolder.roll
2026-03-26T13:58:00     info       Parsing: D:\Roll\roll_samples\Noordoostpolder\Noordoostpolder.roll survey object succesfully parsed
2026-03-26T13:58:00     info       Reading: D:\Roll\roll_samples\Noordoostpolder\Noordoostpolder.roll, success: True
2026-03-26T13:58:00     info       Loading: D:\Roll\roll_samples\Noordoostpolder\Noordoostpolder.roll analysis files
2026-03-26T13:58:00     info       Analysis dims: nx=2630, ny=1215, binSize=(10.000,20.000)
2026-03-26T13:58:00     info       Analysis file: .bin.npy exists=True
2026-03-26T13:58:00     info       Analysis file: .min.npy exists=True
2026-03-26T13:58:00     info       Analysis file: .max.npy exists=True
2026-03-26T13:58:00     info       Analysis file: .rms.npy exists=True
2026-03-26T13:58:00     info       Analysis file: .off.npy exists=True
2026-03-26T13:58:00     info       Analysis file: .azi.npy exists=True
2026-03-26T13:58:00     info       Analysis file: .ana.npy exists=True
2026-03-26T13:58:00     info       Loaded : . . . Fold map  : Min:0 - Max:209 
2026-03-26T13:58:00     info       Loaded : . . . Min-offset: Min:22.36m - Max:4998.13m 
2026-03-26T13:58:00     info       Loaded : . . . Max-offset: Min:22.36m - Max:5158.34m 
2026-03-26T13:58:00     info       Loaded : . . . Rms-offset: Min:0.00m - Max:1376.98m 
2026-03-26T13:58:00     info       Loaded : . . . offset histogram
2026-03-26T13:58:00     info       Loaded : . . . azi-offset histogram
2026-03-26T13:58:00     info       Analysis load: fold=210, maxFold=209
2026-03-26T13:58:00     info       Analysis load: nT=8723578500, expected=8723578500, delta=0
2026-03-26T13:58:00     info       Analysis load: an2Output.shape=(671044500, 13)
2026-03-26T13:58:00     info       Loaded : . . . Analysis  : 671,044,500 traces (reserved space)
2026-03-26T13:58:00     info       Loaded : . . . Analysis: 671,044,500 traces available (showing 1,000,000 at a time)
2026-03-26T13:58:00     info       Loaded : . . . read 161,894 rec-records
2026-03-26T13:58:00     info       Loaded : . . . read 51,240 src-records
2026-03-26T13:58:00     info       Loaded : . . . read 1,795,499 rel-records
2026-03-26T13:58:04     info       Params : D:\Roll\roll_samples\Noordoostpolder\Noordoostpolder.roll survey object read, containing 282 parameters
2026-03-26T13:59:16     info       Parsing: D:\Roll\roll_samples\Noordoostpolder\Noordoostpolder.roll survey object succesfully parsed
2026-03-26T13:59:17     info       Params : D:\Roll\roll_samples\Noordoostpolder\Noordoostpolder.roll survey object read, containing 282 parameters+++

2026-03-26T13:59:30     info       Plugin : Started on Windows 11 v(10.0.26200)
2026-03-26T13:59:30     info       Library: Numba version 0.62.1 available for JIT acceleration
2026-03-26T13:59:30     info       Parsing: survey object succesfully parsed
2026-03-26T13:59:31     info       Params : survey object read, containing 282 parameters
2026-03-26T13:59:36     info       Opening: D:\Roll\roll_samples\Noordoostpolder\Noordoostpolder.roll
2026-03-26T13:59:36     info       Parsing: D:\Roll\roll_samples\Noordoostpolder\Noordoostpolder.roll
2026-03-26T13:59:36     info       Parsing: D:\Roll\roll_samples\Noordoostpolder\Noordoostpolder.roll survey object succesfully parsed
2026-03-26T13:59:36     info       Reading: D:\Roll\roll_samples\Noordoostpolder\Noordoostpolder.roll, success: True
2026-03-26T13:59:36     info       Loading: D:\Roll\roll_samples\Noordoostpolder\Noordoostpolder.roll analysis files
2026-03-26T13:59:36     info       Analysis dims: nx=2630, ny=1215, binSize=(10.000,20.000)
2026-03-26T13:59:36     info       Analysis file: .bin.npy exists=True
2026-03-26T13:59:36     info       Analysis file: .min.npy exists=True
2026-03-26T13:59:36     info       Analysis file: .max.npy exists=True
2026-03-26T13:59:36     info       Analysis file: .rms.npy exists=True
2026-03-26T13:59:36     info       Analysis file: .off.npy exists=True
2026-03-26T13:59:36     info       Analysis file: .azi.npy exists=True
2026-03-26T13:59:36     info       Analysis file: .ana.npy exists=True
2026-03-26T13:59:36     info       Loaded : . . . Fold map  : Min:0 - Max:209 
2026-03-26T13:59:36     info       Loaded : . . . Min-offset: Min:22.36m - Max:4998.13m 
2026-03-26T13:59:36     info       Loaded : . . . Max-offset: Min:22.36m - Max:5158.34m 
2026-03-26T13:59:36     info       Loaded : . . . Rms-offset: Min:0.00m - Max:1376.98m 
2026-03-26T13:59:36     info       Loaded : . . . offset histogram
2026-03-26T13:59:36     info       Loaded : . . . azi-offset histogram
2026-03-26T13:59:36     info       Analysis load: fold=210, maxFold=209
2026-03-26T13:59:36     info       Analysis load: nT=8723578500, expected=8723578500, delta=0
2026-03-26T13:59:36     info       Analysis load: an2Output.shape=(671044500, 13)
2026-03-26T13:59:36     info       Loaded : . . . Analysis  : 671,044,500 traces (reserved space)
2026-03-26T13:59:36     info       Loaded : . . . Analysis: 671,044,500 traces available (showing 1,000,000 at a time)
2026-03-26T13:59:36     info       Loaded : . . . read 161,894 rec-records
2026-03-26T13:59:36     info       Loaded : . . . read 51,240 src-records
2026-03-26T13:59:36     info       Loaded : . . . read 1,795,499 rel-records
2026-03-26T13:59:41     info       Params : D:\Roll\roll_samples\Noordoostpolder\Noordoostpolder.roll survey object read, containing 282 parameters
2026-03-26T15:08:11     info       Parsing: D:\Roll\roll_samples\Noordoostpolder\Noordoostpolder.roll survey object succesfully parsed
2026-03-26T15:08:11     info       Params : D:\Roll\roll_samples\Noordoostpolder\Noordoostpolder.roll survey object read, containing 282 parameters+++

2026-03-26T15:08:42     info       Plugin : Started on Windows 11 v(10.0.26200)
2026-03-26T15:08:42     info       Library: Numba version 0.62.1 available for JIT acceleration
2026-03-26T15:08:42     info       Parsing: survey object succesfully parsed
2026-03-26T15:08:43     info       Params : survey object read, containing 282 parameters
2026-03-26T15:08:48     info       Opening: D:\Roll\roll_samples\Noordoostpolder\Noordoostpolder.roll
2026-03-26T15:08:48     info       Parsing: D:\Roll\roll_samples\Noordoostpolder\Noordoostpolder.roll
2026-03-26T15:08:48     info       Parsing: D:\Roll\roll_samples\Noordoostpolder\Noordoostpolder.roll survey object succesfully parsed
2026-03-26T15:08:48     info       Reading: D:\Roll\roll_samples\Noordoostpolder\Noordoostpolder.roll, success: True
2026-03-26T15:08:48     info       Loading: D:\Roll\roll_samples\Noordoostpolder\Noordoostpolder.roll analysis files
2026-03-26T15:08:48     info       Analysis dims: nx=2630, ny=1215, binSize=(10.000,20.000)
2026-03-26T15:08:48     info       Analysis file: .bin.npy exists=True
2026-03-26T15:08:48     info       Analysis file: .min.npy exists=True
2026-03-26T15:08:48     info       Analysis file: .max.npy exists=True
2026-03-26T15:08:48     info       Analysis file: .rms.npy exists=True
2026-03-26T15:08:48     info       Analysis file: .off.npy exists=True
2026-03-26T15:08:48     info       Analysis file: .azi.npy exists=True
2026-03-26T15:08:48     info       Analysis file: .ana.npy exists=True
2026-03-26T15:08:48     info       Loaded : . . . Fold map  : Min:0 - Max:209 
2026-03-26T15:08:48     info       Loaded : . . . Min-offset: Min:22.36m - Max:4998.13m 
2026-03-26T15:08:48     info       Loaded : . . . Max-offset: Min:22.36m - Max:5158.34m 
2026-03-26T15:08:48     info       Loaded : . . . Rms-offset: Min:0.00m - Max:1376.98m 
2026-03-26T15:08:48     info       Loaded : . . . offset histogram
2026-03-26T15:08:48     info       Loaded : . . . azi-offset histogram
2026-03-26T15:08:48     info       Analysis load: fold=210, maxFold=209
2026-03-26T15:08:48     info       Analysis load: nT=8723578500, expected=8723578500, delta=0
2026-03-26T15:08:48     info       Analysis load: an2Output.shape=(671044500, 13)
2026-03-26T15:08:48     info       Loaded : . . . Analysis  : 671,044,500 traces (reserved space)
2026-03-26T15:08:48     info       Loaded : . . . Analysis: 671,044,500 traces available (showing 1,000,000 at a time)
2026-03-26T15:08:48     info       Loaded : . . . read 161,894 rec-records
2026-03-26T15:08:48     info       Loaded : . . . read 51,240 src-records
2026-03-26T15:08:48     info       Loaded : . . . read 1,795,499 rel-records
2026-03-26T15:08:52     info       Params : D:\Roll\roll_samples\Noordoostpolder\Noordoostpolder.roll survey object read, containing 282 parameters
2026-03-26T15:10:17     info       Parsing: D:\Roll\roll_samples\Noordoostpolder\Noordoostpolder.roll survey object succesfully parsed
2026-03-26T15:10:17     info       Params : D:\Roll\roll_samples\Noordoostpolder\Noordoostpolder.roll survey object read, containing 282 parameters+++

2026-03-26T15:23:34     info       Plugin : Started on Windows 11 v(10.0.26200)
2026-03-26T15:23:34     warning    Library: Numba not available, running pure Python code only
2026-03-26T15:23:34     info       Parsing: survey object succesfully parsed
2026-03-26T15:23:35     info       Params : survey object read, containing 282 parameters
2026-03-26T15:24:01     info       Opening: D:\Roll\roll_samples\Noordoostpolder\Noordoostpolder.roll
2026-03-26T15:24:01     info       Parsing: D:\Roll\roll_samples\Noordoostpolder\Noordoostpolder.roll
2026-03-26T15:24:01     info       Parsing: D:\Roll\roll_samples\Noordoostpolder\Noordoostpolder.roll survey object succesfully parsed
2026-03-26T15:24:01     info       Reading: D:\Roll\roll_samples\Noordoostpolder\Noordoostpolder.roll, success: True
2026-03-26T15:24:01     info       Loading: D:\Roll\roll_samples\Noordoostpolder\Noordoostpolder.roll analysis files
2026-03-26T15:24:01     info       Analysis dims: nx=2630, ny=1215, binSize=(10.000,20.000)
2026-03-26T15:24:01     info       Analysis file: .bin.npy exists=True
2026-03-26T15:24:01     info       Analysis file: .min.npy exists=True
2026-03-26T15:24:01     info       Analysis file: .max.npy exists=True
2026-03-26T15:24:01     info       Analysis file: .rms.npy exists=True
2026-03-26T15:24:01     info       Analysis file: .off.npy exists=True
2026-03-26T15:24:01     info       Analysis file: .azi.npy exists=True
2026-03-26T15:24:01     info       Analysis file: .ana.npy exists=True
2026-03-26T15:24:01     info       Loaded : . . . Fold map  : Min:0 - Max:209 
2026-03-26T15:24:01     info       Loaded : . . . Min-offset: Min:22.36m - Max:4998.13m 
2026-03-26T15:24:01     info       Loaded : . . . Max-offset: Min:22.36m - Max:5158.34m 
2026-03-26T15:24:01     info       Loaded : . . . Rms-offset: Min:0.00m - Max:1376.98m 
2026-03-26T15:24:01     info       Loaded : . . . offset histogram
2026-03-26T15:24:01     info       Loaded : . . . azi-offset histogram
2026-03-26T15:24:01     info       Analysis load: fold=210, maxFold=209
2026-03-26T15:24:01     info       Analysis load: nT=8723578500, expected=8723578500, delta=0
2026-03-26T15:24:01     info       Analysis load: an2Output.shape=(671044500, 13)
2026-03-26T15:24:01     info       Loaded : . . . Analysis  : 671,044,500 traces (reserved space)
2026-03-26T15:24:01     info       Loaded : . . . Analysis: 671,044,500 traces available (showing 1,000,000 at a time)
2026-03-26T15:24:01     info       Loaded : . . . read 161,894 rec-records
2026-03-26T15:24:01     info       Loaded : . . . read 51,240 src-records
2026-03-26T15:24:01     info       Loaded : . . . read 1,795,499 rel-records
2026-03-26T15:24:05     info       Params : D:\Roll\roll_samples\Noordoostpolder\Noordoostpolder.roll survey object read, containing 282 parameters
2026-03-26T15:24:30     info       Parsing: D:\Roll\roll_samples\Noordoostpolder\Noordoostpolder.roll survey object succesfully parsed
2026-03-26T15:24:30     info       Params : D:\Roll\roll_samples\Noordoostpolder\Noordoostpolder.roll survey object read, containing 282 parameters+++

2026-03-26T15:27:35     info       Plugin : Started on Windows 11 v(10.0.26200)
2026-03-26T15:27:35     info       Library: Numba version 0.64.0 available for JIT acceleration
2026-03-26T15:27:35     info       Library: Numba is enabled, running in JIT mode
2026-03-26T15:27:35     info       Parsing: survey object succesfully parsed
2026-03-26T15:27:35     info       Params : survey object read, containing 282 parameters
2026-03-26T15:28:07     info       Opening: D:\Roll\roll_samples\Noordoostpolder\Noordoostpolder.roll
2026-03-26T15:28:07     info       Parsing: D:\Roll\roll_samples\Noordoostpolder\Noordoostpolder.roll
2026-03-26T15:28:07     info       Parsing: D:\Roll\roll_samples\Noordoostpolder\Noordoostpolder.roll survey object succesfully parsed
2026-03-26T15:28:07     info       Reading: D:\Roll\roll_samples\Noordoostpolder\Noordoostpolder.roll, success: True
2026-03-26T15:28:07     info       Loading: D:\Roll\roll_samples\Noordoostpolder\Noordoostpolder.roll analysis files
2026-03-26T15:28:07     info       Analysis dims: nx=2630, ny=1215, binSize=(10.000,20.000)
2026-03-26T15:28:07     info       Analysis file: .bin.npy exists=True
2026-03-26T15:28:07     info       Analysis file: .min.npy exists=True
2026-03-26T15:28:07     info       Analysis file: .max.npy exists=True
2026-03-26T15:28:07     info       Analysis file: .rms.npy exists=True
2026-03-26T15:28:07     info       Analysis file: .off.npy exists=True
2026-03-26T15:28:07     info       Analysis file: .azi.npy exists=True
2026-03-26T15:28:07     info       Analysis file: .ana.npy exists=True
2026-03-26T15:28:07     info       Loaded : . . . Fold map  : Min:0 - Max:209 
2026-03-26T15:28:07     info       Loaded : . . . Min-offset: Min:22.36m - Max:4998.13m 
2026-03-26T15:28:07     info       Loaded : . . . Max-offset: Min:22.36m - Max:5158.34m 
2026-03-26T15:28:07     info       Loaded : . . . Rms-offset: Min:0.00m - Max:1376.98m 
2026-03-26T15:28:07     info       Loaded : . . . offset histogram
2026-03-26T15:28:07     info       Loaded : . . . azi-offset histogram
2026-03-26T15:28:07     info       Analysis load: fold=210, maxFold=209
2026-03-26T15:28:07     info       Analysis load: nT=8723578500, expected=8723578500, delta=0
2026-03-26T15:28:07     info       Analysis load: an2Output.shape=(671044500, 13)
2026-03-26T15:28:07     info       Loaded : . . . Analysis  : 671,044,500 traces (reserved space)
2026-03-26T15:28:07     info       Loaded : . . . Analysis: 671,044,500 traces available (showing 1,000,000 at a time)
2026-03-26T15:28:07     info       Loaded : . . . read 161,894 rec-records
2026-03-26T15:28:07     info       Loaded : . . . read 51,240 src-records
2026-03-26T15:28:07     info       Loaded : . . . read 1,795,499 rel-records
2026-03-26T15:28:11     info       Params : D:\Roll\roll_samples\Noordoostpolder\Noordoostpolder.roll survey object read, containing 282 parameters
2026-03-26T15:28:33     info       Parsing: D:\Roll\roll_samples\Noordoostpolder\Noordoostpolder.roll survey object succesfully parsed
2026-03-26T15:28:33     info       Params : D:\Roll\roll_samples\Noordoostpolder\Noordoostpolder.roll survey object read, containing 282 parameters+++

2026-04-02T15:34:14     info       Plugin : Started on Windows 11 v(10.0.26200)
2026-04-02T15:34:14     warning    Library: Numba not available, running pure Python code only
2026-04-02T15:34:14     warning    Library: Debugpy not available, (remote) debugging will not work
2026-04-02T15:34:14     info       Parsing: survey object succesfully parsed
2026-04-02T15:34:15     info       Params : survey object read, containing 282 parameters
2026-04-02T15:34:30     info       Opening: D:/Roll/roll_testing/kapuni.roll
2026-04-02T15:34:30     info       Parsing: D:/Roll/roll_testing/kapuni.roll
2026-04-02T15:34:30     info       Parsing: D:/Roll/roll_testing/kapuni.roll survey object succesfully parsed
2026-04-02T15:34:30     info       Reading: D:/Roll/roll_testing/kapuni.roll, success: True
2026-04-02T15:34:30     info       Loading: D:/Roll/roll_testing/kapuni.roll analysis files
2026-04-02T15:34:30     info       Analysis dims: nx=800, ny=1024, binSize=(25.000,25.000)
2026-04-02T15:34:30     info       Analysis file: .bin.npy exists=True
2026-04-02T15:34:30     info       Analysis file: .min.npy exists=True
2026-04-02T15:34:30     info       Analysis file: .max.npy exists=True
2026-04-02T15:34:30     info       Analysis file: .rms.npy exists=True
2026-04-02T15:34:30     info       Analysis file: .off.npy exists=True
2026-04-02T15:34:30     info       Analysis file: .azi.npy exists=True
2026-04-02T15:34:30     info       Analysis file: .ana.npy exists=True
2026-04-02T15:34:30     info       Loaded : . . . Fold map  : Min:0 - Max:189 
2026-04-02T15:34:30     info       Loaded : . . . Min-offset: Min:10.00m - Max:4035.12m 
2026-04-02T15:34:30     info       Loaded : . . . Max-offset: Min:35.51m - Max:4142.01m 
2026-04-02T15:34:30     info       Loaded : . . . Rms-offset: Min:0.00m - Max:2024.36m 
2026-04-02T15:34:30     info       Loaded : . . . offset histogram
2026-04-02T15:34:30     info       Loaded : . . . azi-offset histogram
2026-04-02T15:34:30     info       Analysis load: fold=160, maxFold=189
2026-04-02T15:34:30     info       Analysis load: nT=1703936000, expected=1703936000, delta=0
2026-04-02T15:34:30     info       Analysis load: an2Output.shape=(131072000, 13)
2026-04-02T15:34:30     info       Loaded : . . . Analysis  : observed fold in binning file: 189. This is larger than allowed in the trace table (160), expect missing traces in spider plot !
2026-04-02T15:34:30     info       Loaded : . . . Analysis  : 131,072,000 traces (reserved space)
2026-04-02T15:34:30     info       Loaded : . . . read 76,119 rps-records
2026-04-02T15:34:30     info       Loaded : . . . read 26,731 sps-records
2026-04-02T15:34:30     info       Loaded : . . . read 598,465 xps-records
2026-04-02T15:34:30     info       Loaded : . . . Analysis: 131,072,000 traces available (showing 1,000,000 at a time)
2026-04-02T15:34:32     info       Params : D:/Roll/roll_testing/kapuni.roll survey object read, containing 282 parameters
2026-04-02T15:34:46     info       Opening: D:/Tellus/Roll/Andijk-crossspreads/Andijk-crossspreads.roll
2026-04-02T15:34:46     info       Parsing: D:/Tellus/Roll/Andijk-crossspreads/Andijk-crossspreads.roll
2026-04-02T15:34:46     info       Parsing: D:/Tellus/Roll/Andijk-crossspreads/Andijk-crossspreads.roll survey object succesfully parsed
2026-04-02T15:34:46     info       Reading: D:/Tellus/Roll/Andijk-crossspreads/Andijk-crossspreads.roll, success: True
2026-04-02T15:34:46     info       Loading: D:/Tellus/Roll/Andijk-crossspreads/Andijk-crossspreads.roll analysis files
2026-04-02T15:34:46     info       Analysis dims: nx=700, ny=460, binSize=(10.000,10.000)
2026-04-02T15:34:46     info       Analysis file: .bin.npy exists=True
2026-04-02T15:34:46     info       Analysis file: .min.npy exists=True
2026-04-02T15:34:46     info       Analysis file: .max.npy exists=True
2026-04-02T15:34:46     info       Analysis file: .rms.npy exists=True
2026-04-02T15:34:46     info       Analysis file: .off.npy exists=True
2026-04-02T15:34:46     info       Analysis file: .azi.npy exists=True
2026-04-02T15:34:46     info       Analysis file: .ana.npy exists=True
2026-04-02T15:34:46     info       Loaded : . . . Fold map  : Min:0 - Max:94 
2026-04-02T15:34:46     info       Loaded : . . . Min-offset: Min:3.21m - Max:2000.00m 
2026-04-02T15:34:46     info       Loaded : . . . Max-offset: Min:6.52m - Max:2000.00m 
2026-04-02T15:34:46     info       Loaded : . . . Rms-offset: Min:0.00m - Max:999.75m 
2026-04-02T15:34:46     info       Loaded : . . . offset histogram
2026-04-02T15:34:46     info       Loaded : . . . azi-offset histogram
2026-04-02T15:34:46     info       Analysis load: fold=100, maxFold=94
2026-04-02T15:34:46     info       Analysis load: nT=418600000, expected=418600000, delta=0
2026-04-02T15:34:46     info       Analysis load: an2Output.shape=(32200000, 13)
2026-04-02T15:34:46     info       Loaded : . . . Analysis  : 32,200,000 traces (reserved space)
2026-04-02T15:34:46     info       Loaded : . . . read 2,708 rps-records
2026-04-02T15:34:46     info       Loaded : . . . read 2,927 sps-records
2026-04-02T15:34:46     info       Loaded : . . . read 7,323,354 xps-records
2026-04-02T15:34:46     info       Loaded : . . . Analysis: 32,200,000 traces available (showing 1,000,000 at a time)
2026-04-02T15:34:47     info       Params : D:/Tellus/Roll/Andijk-crossspreads/Andijk-crossspreads.roll survey object read, containing 282 parameters
2026-04-02T15:44:21     info       Opening: D:/Roll/roll_samples/Noordoostpolder/Noordoostpolder.roll
2026-04-02T15:44:21     info       Parsing: D:/Roll/roll_samples/Noordoostpolder/Noordoostpolder.roll
2026-04-02T15:44:21     info       Parsing: D:/Roll/roll_samples/Noordoostpolder/Noordoostpolder.roll survey object succesfully parsed
2026-04-02T15:44:21     info       Reading: D:/Roll/roll_samples/Noordoostpolder/Noordoostpolder.roll, success: True
2026-04-02T15:44:21     info       Loading: D:/Roll/roll_samples/Noordoostpolder/Noordoostpolder.roll analysis files
2026-04-02T15:44:22     info       Analysis dims: nx=2630, ny=1215, binSize=(10.000,20.000)
2026-04-02T15:44:22     info       Analysis file: .bin.npy exists=True
2026-04-02T15:44:22     info       Analysis file: .min.npy exists=True
2026-04-02T15:44:22     info       Analysis file: .max.npy exists=True
2026-04-02T15:44:22     info       Analysis file: .rms.npy exists=True
2026-04-02T15:44:22     info       Analysis file: .off.npy exists=True
2026-04-02T15:44:22     info       Analysis file: .azi.npy exists=True
2026-04-02T15:44:22     info       Analysis file: .ana.npy exists=True
2026-04-02T15:44:22     info       Loaded : . . . Fold map  : Min:0 - Max:209 
2026-04-02T15:44:22     info       Loaded : . . . Min-offset: Min:22.36m - Max:4998.13m 
2026-04-02T15:44:22     info       Loaded : . . . Max-offset: Min:22.36m - Max:5158.34m 
2026-04-02T15:44:22     info       Loaded : . . . Rms-offset: Min:0.00m - Max:1376.98m 
2026-04-02T15:44:22     info       Loaded : . . . offset histogram
2026-04-02T15:44:22     info       Loaded : . . . azi-offset histogram
2026-04-02T15:44:22     info       Analysis load: fold=210, maxFold=209
2026-04-02T15:44:22     info       Analysis load: nT=8723578500, expected=8723578500, delta=0
2026-04-02T15:44:22     info       Analysis load: an2Output.shape=(671044500, 13)
2026-04-02T15:44:22     info       Loaded : . . . Analysis  : 671,044,500 traces (reserved space)
2026-04-02T15:44:22     info       Loaded : . . . read 161,894 rec-records
2026-04-02T15:44:22     info       Loaded : . . . read 51,240 src-records
2026-04-02T15:44:22     info       Loaded : . . . read 1,795,499 rel-records
2026-04-02T15:44:22     info       Loaded : . . . Analysis: 671,044,500 traces available (showing 1,000,000 at a time)
2026-04-02T15:44:25     info       Params : D:/Roll/roll_samples/Noordoostpolder/Noordoostpolder.roll survey object read, containing 282 parameters
2026-04-02T15:55:14     info       Parsing: D:/Roll/roll_samples/Noordoostpolder/Noordoostpolder.roll survey object succesfully parsed
2026-04-02T15:55:15     info       Params : D:/Roll/roll_samples/Noordoostpolder/Noordoostpolder.roll survey object read, containing 282 parameters+++

2026-04-02T18:59:40     info       Plugin : Started on Windows 11 v(10.0.26200)
2026-04-02T18:59:40     warning    Library: Numba not available, running pure Python code only
2026-04-02T18:59:40     warning    Library: Debugpy not available, (remote) debugging will not work
2026-04-02T18:59:40     info       Parsing: survey object succesfully parsed
2026-04-02T18:59:40     info       Params : survey object read, containing 282 parameters
2026-04-02T18:59:56     info       Opening: D:/Roll/roll_samples/Noordoostpolder/Noordoostpolder.roll
2026-04-02T18:59:56     info       Parsing: D:/Roll/roll_samples/Noordoostpolder/Noordoostpolder.roll
2026-04-02T18:59:56     info       Parsing: D:/Roll/roll_samples/Noordoostpolder/Noordoostpolder.roll survey object succesfully parsed
2026-04-02T18:59:56     info       Reading: D:/Roll/roll_samples/Noordoostpolder/Noordoostpolder.roll, success: True
2026-04-02T18:59:56     info       Loading: D:/Roll/roll_samples/Noordoostpolder/Noordoostpolder.roll analysis files
2026-04-02T18:59:56     info       Analysis dims: nx=2630, ny=1215, binSize=(10.000,20.000)
2026-04-02T18:59:56     info       Analysis file: .bin.npy exists=True
2026-04-02T18:59:56     info       Analysis file: .min.npy exists=True
2026-04-02T18:59:56     info       Analysis file: .max.npy exists=True
2026-04-02T18:59:56     info       Analysis file: .rms.npy exists=True
2026-04-02T18:59:56     info       Analysis file: .off.npy exists=True
2026-04-02T18:59:56     info       Analysis file: .azi.npy exists=True
2026-04-02T18:59:56     info       Analysis file: .ana.npy exists=True
2026-04-02T18:59:56     info       Loaded : . . . Fold map  : Min:0 - Max:209 
2026-04-02T18:59:56     info       Loaded : . . . Min-offset: Min:22.36m - Max:4998.13m 
2026-04-02T18:59:56     info       Loaded : . . . Max-offset: Min:22.36m - Max:5158.34m 
2026-04-02T18:59:56     info       Loaded : . . . Rms-offset: Min:0.00m - Max:1376.98m 
2026-04-02T18:59:56     info       Loaded : . . . offset histogram
2026-04-02T18:59:56     info       Loaded : . . . azi-offset histogram
2026-04-02T18:59:56     info       Analysis load: fold=210, maxFold=209
2026-04-02T18:59:56     info       Analysis load: nT=8723578500, expected=8723578500, delta=0
2026-04-02T18:59:56     info       Analysis load: an2Output.shape=(671044500, 13)
2026-04-02T18:59:56     info       Loaded : . . . Analysis  : 671,044,500 traces (reserved space)
2026-04-02T18:59:56     info       Loaded : . . . read 161,894 rec-records
2026-04-02T18:59:56     info       Loaded : . . . read 51,240 src-records
2026-04-02T18:59:56     info       Loaded : . . . read 1,795,499 rel-records
2026-04-02T18:59:56     info       Loaded : . . . Analysis: 671,044,500 traces available (showing 1,000,000 at a time)
2026-04-02T19:00:00     info       Params : D:/Roll/roll_samples/Noordoostpolder/Noordoostpolder.roll survey object read, containing 282 parameters
2026-04-02T19:00:09     binning    Thread : Prepare memory mapped file for 671,044,500 traces, with nx=2630, ny=1215, fold=210
2026-04-02T19:00:35     binning    Thread : Started 'Bin from geometry', using 51,240 shot points
2026-04-02T19:21:16     info       Parsing: D:/Roll/roll_samples/Noordoostpolder/Noordoostpolder.roll survey object succesfully parsed
2026-04-02T19:21:16     error      Thread : . . . aborted binning operation
2026-04-02T19:21:16     info       Params : D:/Roll/roll_samples/Noordoostpolder/Noordoostpolder.roll survey object read, containing 282 parameters+++

2026-04-14T10:26:38     info       Plugin : Started on Windows 11 v(10.0.26200)
2026-04-14T10:26:38     info       Library: Numba version 0.64.0 available for JIT acceleration
2026-04-14T10:26:38     info       Parsing: survey object succesfully parsed
2026-04-14T10:26:38     info       Params : survey object read, containing 282 parameters
2026-04-14T10:26:43     info       Opening: D:/Roll/roll_samples/brick/Brick_001.roll
2026-04-14T10:26:43     info       Parsing: D:/Roll/roll_samples/brick/Brick_001.roll
2026-04-14T10:26:43     info       Parsing: D:/Roll/roll_samples/brick/Brick_001.roll survey object succesfully parsed
2026-04-14T10:26:43     info       Reading: D:/Roll/roll_samples/brick/Brick_001.roll, success: True
2026-04-14T10:26:43     info       Loading: D:/Roll/roll_samples/brick/Brick_001.roll analysis files
2026-04-14T10:26:43     info       Analysis dims: nx=316, ny=60, binSize=(25.000,25.000)
2026-04-14T10:26:43     info       Analysis file: .bin.npy exists=True
2026-04-14T10:26:43     info       Analysis file: .min.npy exists=True
2026-04-14T10:26:43     info       Analysis file: .max.npy exists=True
2026-04-14T10:26:43     info       Analysis file: .rms.npy exists=True
2026-04-14T10:26:43     info       Analysis file: .off.npy exists=True
2026-04-14T10:26:43     info       Analysis file: .azi.npy exists=True
2026-04-14T10:26:43     info       Analysis file: .ana.npy exists=True
2026-04-14T10:26:43     info       Loaded : . . . Fold map  : Min:1 - Max:40 
2026-04-14T10:26:43     info       Loaded : . . . Min-offset: Min:35.36m - Max:6002.60m 
2026-04-14T10:26:43     info       Loaded : . . . Max-offset: Min:2113.35m - Max:6038.73m 
2026-04-14T10:26:43     info       Loaded : . . . Rms-offset: Min:0.00m - Max:99.91m 
2026-04-14T10:26:43     info       Loaded : . . . offset histogram
2026-04-14T10:26:43     info       Loaded : . . . azi-offset histogram
2026-04-14T10:26:43     info       Analysis load: fold=50, maxFold=40
2026-04-14T10:26:43     info       Analysis load: nT=12324000, expected=12324000, delta=0
2026-04-14T10:26:43     info       Analysis load: an2Output.shape=(948000, 13)
2026-04-14T10:26:43     info       Loaded : . . . Analysis  : 948,000 traces (reserved space)
2026-04-14T10:26:43     info       Loaded : . . . read 7,506 rec-records
2026-04-14T10:26:43     info       Loaded : . . . read 1,200 src-records
2026-04-14T10:26:43     info       Loaded : . . . read 9,600 rel-records
2026-04-14T10:26:43     info       Loaded : . . . Analysis: 948,000 traces displayed in Trace Table
2026-04-14T10:26:44     info       Params : D:/Roll/roll_samples/brick/Brick_001.roll survey object read, containing 394 parameters
2026-04-14T10:26:48     binning    Thread : Prepare memory mapped file for 948,000 traces, with nx=316, ny=60, fold=50
2026-04-14T10:26:48     binning    Thread : Started 'Bin from geometry', using 1,200 shot points
2026-04-14T10:26:51     binning    Thread : Binning completed. Elapsed time:0:00:04 
2026-04-14T10:26:51     binning    Thread : . . . Fold       : Min:1 - Max:40 
2026-04-14T10:26:51     binning    Thread : . . . Min-offsets: Min:35.36m - Max:6002.60m 
2026-04-14T10:26:51     binning    Thread : . . . Max-offsets: Min:2113.35m - Max:6038.73m 
2026-04-14T10:26:51     binning    Thread : . . . Rms-offsets: Min:0.00m - Max:99.91m 
2026-04-14T10:26:51     info       Loaded : . . . Analysis: 948,000 traces displayed in Trace Table
2026-04-14T10:27:16     info       Edited : Closing memory mapped file D:/Roll/roll_samples/brick/Brick_001.roll.ana.npy
2026-04-14T10:27:16     info       Can't delete file, [WinError 32] The process cannot access the file because it is being used by another process: 'D:/Roll/roll_samples/brick/Brick_001.roll.ana.npy'
2026-04-14T10:27:16     info       Edited : D:/Roll/roll_samples/brick/Brick_001.roll survey object updated
2026-04-14T10:27:22     binning    Thread : Prepare memory mapped file for 853,200 traces, with nx=316, ny=60, fold=45
2026-04-14T10:27:22     binning    Thread : Started 'Bin from geometry', using 1,200 shot points
2026-04-14T10:27:25     binning    Thread : Binning completed. Elapsed time:0:00:03 
2026-04-14T10:27:25     binning    Thread : . . . Fold       : Min:1 - Max:40 
2026-04-14T10:27:25     binning    Thread : . . . Min-offsets: Min:35.36m - Max:6002.60m 
2026-04-14T10:27:25     binning    Thread : . . . Max-offsets: Min:2113.35m - Max:6038.73m 
2026-04-14T10:27:25     binning    Thread : . . . Rms-offsets: Min:0.00m - Max:99.91m 
2026-04-14T10:27:25     info       Loaded : . . . Analysis: 853,200 traces displayed in Trace Table
2026-04-14T10:28:38     info       Saved  : D:/Roll/roll_samples/brick/Brick_001.roll
2026-04-14T10:28:38     info       Opening: D:/Roll/roll_samples/Noordoostpolder/Noordoostpolder.roll
2026-04-14T10:28:38     info       Parsing: D:/Roll/roll_samples/Noordoostpolder/Noordoostpolder.roll
2026-04-14T10:28:38     info       Parsing: D:/Roll/roll_samples/Noordoostpolder/Noordoostpolder.roll survey object succesfully parsed
2026-04-14T10:28:38     info       Reading: D:/Roll/roll_samples/Noordoostpolder/Noordoostpolder.roll, success: True
2026-04-14T10:28:39     info       Loading: D:/Roll/roll_samples/Noordoostpolder/Noordoostpolder.roll analysis files
2026-04-14T10:28:39     info       Analysis dims: nx=2630, ny=1215, binSize=(10.000,20.000)
2026-04-14T10:28:39     info       Analysis file: .bin.npy exists=True
2026-04-14T10:28:39     info       Analysis file: .min.npy exists=True
2026-04-14T10:28:39     info       Analysis file: .max.npy exists=True
2026-04-14T10:28:39     info       Analysis file: .rms.npy exists=True
2026-04-14T10:28:39     info       Analysis file: .off.npy exists=True
2026-04-14T10:28:39     info       Analysis file: .azi.npy exists=True
2026-04-14T10:28:39     info       Analysis file: .ana.npy exists=True
2026-04-14T10:28:39     info       Loaded : . . . Fold map  : Min:0 - Max:209 
2026-04-14T10:28:39     info       Loaded : . . . Min-offset: Min:22.36m - Max:4998.13m 
2026-04-14T10:28:39     info       Loaded : . . . Max-offset: Min:22.36m - Max:5158.34m 
2026-04-14T10:28:39     info       Loaded : . . . Rms-offset: Min:0.00m - Max:1376.98m 
2026-04-14T10:28:39     info       Loaded : . . . offset histogram
2026-04-14T10:28:39     info       Loaded : . . . azi-offset histogram
2026-04-14T10:28:39     info       Analysis load: fold=210, maxFold=209
2026-04-14T10:28:39     info       Analysis load: nT=8723578500, expected=8723578500, delta=0
2026-04-14T10:28:39     info       Analysis load: an2Output.shape=(671044500, 13)
2026-04-14T10:28:39     info       Loaded : . . . Analysis  : 671,044,500 traces (reserved space)
2026-04-14T10:28:39     info       Loaded : . . . read 161,894 rec-records
2026-04-14T10:28:39     info       Loaded : . . . read 51,240 src-records
2026-04-14T10:28:39     info       Loaded : . . . read 1,795,499 rel-records
2026-04-14T10:28:39     info       Loaded : . . . Analysis: 671,044,500 traces available (showing 1,000,000 at a time)
2026-04-14T10:28:44     info       Params : D:/Roll/roll_samples/Noordoostpolder/Noordoostpolder.roll survey object read, containing 282 parameters
2026-04-14T10:28:54     binning    Thread : Prepare memory mapped file for 671,044,500 traces, with nx=2630, ny=1215, fold=210
2026-04-14T10:29:17     binning    Thread : Started 'Bin from geometry', using 51,240 shot points
2026-04-14T11:03:45     binning    Thread : Binning completed. Elapsed time:0:34:28 
2026-04-14T11:03:45     binning    Thread : . . . Fold       : Min:0 - Max:209 
2026-04-14T11:03:45     binning    Thread : . . . Min-offsets: Min:22.36m - Max:4998.13m 
2026-04-14T11:03:45     binning    Thread : . . . Max-offsets: Min:22.36m - Max:5158.34m 
2026-04-14T11:03:45     binning    Thread : . . . Rms-offsets: Min:0.00m - Max:1376.98m 
2026-04-14T11:03:45     info       Loaded : . . . Analysis: 671,044,500 traces available (showing 1,000,000 at a time)
2026-04-14T12:13:32     info       Parsing: D:/Roll/roll_samples/Noordoostpolder/Noordoostpolder.roll survey object succesfully parsed
2026-04-14T12:13:32     info       Params : D:/Roll/roll_samples/Noordoostpolder/Noordoostpolder.roll survey object read, containing 282 parameters+++

2026-04-18T11:18:02     info       Plugin : Started on Windows 11 v(10.0.26200)
2026-04-18T11:18:02     info       Library: Numba version 0.64.0 available for JIT acceleration
2026-04-18T11:18:02     info       Parsing: survey object succesfully parsed
2026-04-18T11:18:02     info       Params : survey object read, containing 282 parameters
2026-04-18T11:18:13     info       Opening: D:/Roll/roll_samples/Noordoostpolder/Noordoostpolder.roll
2026-04-18T11:18:13     info       Parsing: D:/Roll/roll_samples/Noordoostpolder/Noordoostpolder.roll
2026-04-18T11:18:13     info       Parsing: D:/Roll/roll_samples/Noordoostpolder/Noordoostpolder.roll survey object succesfully parsed
2026-04-18T11:18:13     info       Reading: D:/Roll/roll_samples/Noordoostpolder/Noordoostpolder.roll, success: True
2026-04-18T11:18:13     info       Loading: D:/Roll/roll_samples/Noordoostpolder/Noordoostpolder.roll analysis files
2026-04-18T11:18:13     info       Analysis dims: nx=2630, ny=1215, binSize=(10.000,20.000)
2026-04-18T11:18:13     info       Analysis file: .bin.npy exists=True
2026-04-18T11:18:13     info       Analysis file: .min.npy exists=True
2026-04-18T11:18:13     info       Analysis file: .max.npy exists=True
2026-04-18T11:18:13     info       Analysis file: .rms.npy exists=True
2026-04-18T11:18:13     info       Analysis file: .off.npy exists=True
2026-04-18T11:18:13     info       Analysis file: .azi.npy exists=True
2026-04-18T11:18:13     info       Analysis file: .ana.npy exists=True
2026-04-18T11:18:13     info       Loaded : . . . Fold map  : Min:0 - Max:209 
2026-04-18T11:18:13     info       Loaded : . . . Min-offset: Min:22.36m - Max:4998.13m 
2026-04-18T11:18:13     info       Loaded : . . . Max-offset: Min:22.36m - Max:5158.34m 
2026-04-18T11:18:13     info       Loaded : . . . Rms-offset: Min:0.00m - Max:1376.98m 
2026-04-18T11:18:13     info       Loaded : . . . offset histogram
2026-04-18T11:18:13     info       Loaded : . . . azi-offset histogram
2026-04-18T11:18:13     info       Analysis load: fold=210, maxFold=209
2026-04-18T11:18:13     info       Analysis load: nT=8723578500, expected=8723578500, delta=0
2026-04-18T11:18:13     info       Analysis load: an2Output.shape=(671044500, 13)
2026-04-18T11:18:13     info       Loaded : . . . Analysis  : 671,044,500 traces (reserved space)
2026-04-18T11:18:13     info       Loaded : . . . read 161,894 rec-records
2026-04-18T11:18:13     info       Loaded : . . . read 51,240 src-records
2026-04-18T11:18:13     info       Loaded : . . . read 1,795,499 rel-records
2026-04-18T11:18:13     info       Loaded : . . . Analysis: 671,044,500 traces available (showing 1,000,000 at a time)
2026-04-18T11:18:17     info       Params : D:/Roll/roll_samples/Noordoostpolder/Noordoostpolder.roll survey object read, containing 282 parameters
2026-04-18T11:36:44     info       Parsing: D:/Roll/roll_samples/Noordoostpolder/Noordoostpolder.roll survey object succesfully parsed
2026-04-18T11:36:44     info       Params : D:/Roll/roll_samples/Noordoostpolder/Noordoostpolder.roll survey object read, containing 282 parameters
2026-04-18T11:36:44     info       Created: new file
2026-04-18T11:36:48     binning    Thread : Started 'Bin from templates', using 400 shot points
2026-04-18T11:36:49     binning    Thread : Binning completed. Elapsed time:0:00:01 
2026-04-18T11:36:49     binning    Thread : . . . Fold       : Min:40 - Max:40 
2026-04-18T11:36:49     binning    Thread : . . . Min-offsets: Min:35.36m - Max:285.04m 
2026-04-18T11:36:49     binning    Thread : . . . Max-offsets: Min:2359.29m - Max:2593.50m 
2026-04-18T12:37:02     info       Parsing: survey object succesfully parsed
2026-04-18T12:37:03     info       Params : survey object read, containing 282 parameters+++

2026-04-18T12:37:07     info       Plugin : Started on Windows 11 v(10.0.26200)
2026-04-18T12:37:07     info       Library: Numba version 0.64.0 available for JIT acceleration
2026-04-18T12:37:07     info       Parsing: survey object succesfully parsed
2026-04-18T12:37:07     info       Params : survey object read, containing 282 parameters
2026-04-18T12:37:10     info       Edited : survey object updated
2026-04-18T12:37:11     info       Edited : survey object updated
2026-04-18T12:37:18     binning    Thread : Started 'Bin from templates', using 400 shot points
2026-04-18T12:37:18     binning    Thread : Binning completed. Elapsed time:0:00:01 
2026-04-18T12:37:18     binning    Thread : . . . Fold       : Min:40 - Max:40 
2026-04-18T12:37:18     binning    Thread : . . . Min-offsets: Min:35.36m - Max:285.04m 
2026-04-18T12:37:18     binning    Thread : . . . Max-offsets: Min:2359.29m - Max:2593.50m 
2026-04-18T12:37:34     info       Edited : survey object updated
2026-04-18T12:37:40     binning    Thread : Started 'Bin from templates', using 400 shot points
2026-04-18T12:37:40     binning    Thread : Binning completed. Elapsed time:0:00:01 
2026-04-18T12:37:40     binning    Thread : . . . Fold       : Min:0 - Max:40 
2026-04-18T12:37:40     binning    Thread : . . . Min-offsets: Min:35.36m - Max:5977.56m 
2026-04-18T12:37:40     binning    Thread : . . . Max-offsets: Min:2359.29m - Max:6025.05m 
2026-04-18T13:11:18     info       Parsing: survey object succesfully parsed
2026-04-18T13:11:18     info       Params : survey object read, containing 282 parameters+++

2026-04-19T13:42:30     info       Plugin : Started on Windows 11 v(10.0.26200)
2026-04-19T13:42:30     info       Library: Numba version 0.64.0 available for JIT acceleration
2026-04-19T13:42:30     info       Parsing: survey object succesfully parsed
2026-04-19T13:42:30     info       Params : survey object read, containing 282 parameters
2026-04-19T13:42:34     info       Opening: D:/Roll/roll_samples/other/TripleZigzag_001.roll
2026-04-19T13:42:34     info       Parsing: D:/Roll/roll_samples/other/TripleZigzag_001.roll
2026-04-19T13:42:34     info       Parsing: D:/Roll/roll_samples/other/TripleZigzag_001.roll survey object succesfully parsed
2026-04-19T13:42:34     info       Reading: D:/Roll/roll_samples/other/TripleZigzag_001.roll, success: True
2026-04-19T13:42:34     info       Loading: D:/Roll/roll_samples/other/TripleZigzag_001.roll analysis files
2026-04-19T13:42:34     info       Analysis dims: nx=630, ny=432, binSize=(25.000,25.000)
2026-04-19T13:42:34     info       Analysis file: .bin.npy exists=True
2026-04-19T13:42:34     info       Analysis file: .min.npy exists=True
2026-04-19T13:42:34     info       Analysis file: .max.npy exists=True
2026-04-19T13:42:34     info       Analysis file: .rms.npy exists=True
2026-04-19T13:42:34     info       Analysis file: .off.npy exists=True
2026-04-19T13:42:34     info       Analysis file: .azi.npy exists=True
2026-04-19T13:42:34     info       Analysis file: .ana.npy exists=True
2026-04-19T13:42:34     info       Loaded : . . . Fold map  : Min:0 - Max:180 
2026-04-19T13:42:34     info       Loaded : . . . Min-offset: Min:35.36m - Max:6372.70m 
2026-04-19T13:42:34     info       Loaded : . . . Max-offset: Min:4796.48m - Max:6372.70m 
2026-04-19T13:42:34     info       Loaded : . . . Rms-offset: Min:0.00m - Max:420.05m 
2026-04-19T13:42:34     info       Loaded : . . . offset histogram
2026-04-19T13:42:34     info       Loaded : . . . azi-offset histogram
2026-04-19T13:42:34     info       Analysis load: fold=198, maxFold=180
2026-04-19T13:42:34     info       Analysis load: nT=700539840, expected=700539840, delta=0
2026-04-19T13:42:34     info       Analysis load: an2Output.shape=(53887680, 13)
2026-04-19T13:42:34     info       Loaded : . . . Analysis  : 53,887,680 traces (reserved space)
2026-04-19T13:42:34     info       Loaded : . . . read 13,485 rec-records
2026-04-19T13:42:34     info       Loaded : . . . read 13,824 src-records
2026-04-19T13:42:34     info       Loaded : . . . read 110,592 rel-records
2026-04-19T13:42:34     info       Loaded : . . . Analysis: 53,887,680 traces available (showing 1,000,000 at a time)
2026-04-19T13:42:36     info       Params : D:/Roll/roll_samples/other/TripleZigzag_001.roll survey object read, containing 1014 parameters
2026-04-19T13:56:09     info       Opening: D:/Roll/roll_samples/Noordoostpolder/Noordoostpolder.roll
2026-04-19T13:56:09     info       Parsing: D:/Roll/roll_samples/Noordoostpolder/Noordoostpolder.roll
2026-04-19T13:56:09     info       Parsing: D:/Roll/roll_samples/Noordoostpolder/Noordoostpolder.roll survey object succesfully parsed
2026-04-19T13:56:09     info       Reading: D:/Roll/roll_samples/Noordoostpolder/Noordoostpolder.roll, success: True
2026-04-19T13:56:09     info       Loading: D:/Roll/roll_samples/Noordoostpolder/Noordoostpolder.roll analysis files
2026-04-19T13:56:09     info       Analysis dims: nx=2630, ny=1215, binSize=(10.000,20.000)
2026-04-19T13:56:09     info       Analysis file: .bin.npy exists=True
2026-04-19T13:56:09     info       Analysis file: .min.npy exists=True
2026-04-19T13:56:09     info       Analysis file: .max.npy exists=True
2026-04-19T13:56:09     info       Analysis file: .rms.npy exists=True
2026-04-19T13:56:09     info       Analysis file: .off.npy exists=True
2026-04-19T13:56:09     info       Analysis file: .azi.npy exists=True
2026-04-19T13:56:09     info       Analysis file: .ana.npy exists=True
2026-04-19T13:56:09     info       Loaded : . . . Fold map  : Min:0 - Max:209 
2026-04-19T13:56:09     info       Loaded : . . . Min-offset: Min:22.36m - Max:4998.13m 
2026-04-19T13:56:09     info       Loaded : . . . Max-offset: Min:22.36m - Max:5158.34m 
2026-04-19T13:56:09     info       Loaded : . . . Rms-offset: Min:0.00m - Max:1376.98m 
2026-04-19T13:56:09     info       Loaded : . . . offset histogram
2026-04-19T13:56:09     info       Loaded : . . . azi-offset histogram
2026-04-19T13:56:09     info       Analysis load: fold=210, maxFold=209
2026-04-19T13:56:09     info       Analysis load: nT=8723578500, expected=8723578500, delta=0
2026-04-19T13:56:09     info       Analysis load: an2Output.shape=(671044500, 13)
2026-04-19T13:56:09     info       Loaded : . . . Analysis  : 671,044,500 traces (reserved space)
2026-04-19T13:56:09     info       Loaded : . . . read 161,894 rec-records
2026-04-19T13:56:09     info       Loaded : . . . read 51,240 src-records
2026-04-19T13:56:09     info       Loaded : . . . read 1,795,499 rel-records
2026-04-19T13:56:09     info       Loaded : . . . Analysis: 671,044,500 traces available (showing 1,000,000 at a time)
2026-04-19T13:56:14     info       Params : D:/Roll/roll_samples/Noordoostpolder/Noordoostpolder.roll survey object read, containing 282 parameters
2026-04-19T14:21:02     info       Parsing: D:/Roll/roll_samples/Noordoostpolder/Noordoostpolder.roll survey object succesfully parsed
2026-04-19T14:21:02     info       Params : D:/Roll/roll_samples/Noordoostpolder/Noordoostpolder.roll survey object read, containing 282 parameters+++

2026-04-21T12:01:07     info       Plugin : Started on Windows 11 v(10.0.26200)
2026-04-21T12:01:07     info       Library: Numba version 0.64.0 available for JIT acceleration
2026-04-21T12:01:07     info       Parsing: survey object succesfully parsed
2026-04-21T12:01:07     info       Params : survey object read, containing 282 parameters
2026-04-21T12:01:14     binning    Thread : Started 'Bin from templates', using 400 shot points
2026-04-21T12:01:14     binning    Thread : Binning completed. Elapsed time:0:00:01 
2026-04-21T12:01:14     binning    Thread : . . . Fold       : Min:40 - Max:40 
2026-04-21T12:01:14     binning    Thread : . . . Min-offsets: Min:35.36m - Max:285.04m 
2026-04-21T12:01:14     binning    Thread : . . . Max-offsets: Min:2359.29m - Max:2593.50m 
2026-04-21T12:01:35     info       Opening: D:/Roll/roll_samples/other/TripleZigzag_001.roll
2026-04-21T12:01:35     info       Parsing: D:/Roll/roll_samples/other/TripleZigzag_001.roll
2026-04-21T12:01:35     info       Parsing: D:/Roll/roll_samples/other/TripleZigzag_001.roll survey object succesfully parsed
2026-04-21T12:01:35     info       Reading: D:/Roll/roll_samples/other/TripleZigzag_001.roll, success: True
2026-04-21T12:01:35     info       Loading: D:/Roll/roll_samples/other/TripleZigzag_001.roll analysis files
2026-04-21T12:01:35     info       Analysis dims: nx=630, ny=432, binSize=(25.000,25.000)
2026-04-21T12:01:35     info       Analysis file: .bin.npy exists=True
2026-04-21T12:01:35     info       Analysis file: .min.npy exists=True
2026-04-21T12:01:35     info       Analysis file: .max.npy exists=True
2026-04-21T12:01:35     info       Analysis file: .rms.npy exists=True
2026-04-21T12:01:35     info       Analysis file: .gap.npy exists=False
2026-04-21T12:01:35     info       Analysis file: .off.npy exists=True
2026-04-21T12:01:35     info       Analysis file: .azi.npy exists=True
2026-04-21T12:01:35     info       Analysis file: .ana.npy exists=True
2026-04-21T12:01:35     info       Loaded : . . . Fold map  : Min:0 - Max:180 
2026-04-21T12:01:35     info       Loaded : . . . Min-offset: Min:35.36m - Max:6372.70m 
2026-04-21T12:01:35     info       Loaded : . . . Max-offset: Min:4796.48m - Max:6372.70m 
2026-04-21T12:01:35     info       Loaded : . . . Rms-offset: Min:0.00m - Max:420.05m 
2026-04-21T12:01:35     info       Loaded : . . . offset histogram
2026-04-21T12:01:35     info       Loaded : . . . azi-offset histogram
2026-04-21T12:01:35     info       Analysis load: fold=198, maxFold=180
2026-04-21T12:01:35     info       Analysis load: nT=700539840, expected=700539840, delta=0
2026-04-21T12:01:35     info       Analysis load: an2Output.shape=(53887680, 13)
2026-04-21T12:01:35     info       Loaded : . . . Analysis  : 53,887,680 traces (reserved space)
2026-04-21T12:01:35     info       Loaded : . . . read 13,485 rec-records
2026-04-21T12:01:35     info       Loaded : . . . read 13,824 src-records
2026-04-21T12:01:35     info       Loaded : . . . read 110,592 rel-records
2026-04-21T12:01:35     info       Loaded : . . . Analysis: 53,887,680 traces available (showing 1,000,000 at a time)
2026-04-21T12:01:37     info       Params : D:/Roll/roll_samples/other/TripleZigzag_001.roll survey object read, containing 1014 parameters
2026-04-21T12:01:43     binning    Thread : Prepare memory mapped file for 53,887,680 traces, with nx=630, ny=432, fold=198
2026-04-21T12:01:44     binning    Thread : Started 'Bin from geometry', using 13,824 shot points
2026-04-21T12:03:56     binning    Thread : Binning completed. Elapsed time:0:02:13 
2026-04-21T12:03:56     binning    Thread : . . . Fold       : Min:0 - Max:180 
2026-04-21T12:03:56     binning    Thread : . . . Min-offsets: Min:35.36m - Max:6372.70m 
2026-04-21T12:03:56     binning    Thread : . . . Max-offsets: Min:4796.48m - Max:6372.70m 
2026-04-21T12:03:56     binning    Thread : . . . Rms-offsets: Min:0.00m - Max:420.05m 
2026-04-21T12:03:56     binning    Thread : . . . Max-gap   : Min:0.00m - Max:1088.25m 
2026-04-21T12:03:56     info       Loaded : . . . Analysis: 53,887,680 traces available (showing 1,000,000 at a time)
2026-04-21T12:04:42     info       Opening: D:/Roll/roll_samples/Noordoostpolder/Noordoostpolder.roll
2026-04-21T12:04:42     info       Parsing: D:/Roll/roll_samples/Noordoostpolder/Noordoostpolder.roll
2026-04-21T12:04:42     info       Parsing: D:/Roll/roll_samples/Noordoostpolder/Noordoostpolder.roll survey object succesfully parsed
2026-04-21T12:04:42     info       Reading: D:/Roll/roll_samples/Noordoostpolder/Noordoostpolder.roll, success: True
2026-04-21T12:04:42     info       Loading: D:/Roll/roll_samples/Noordoostpolder/Noordoostpolder.roll analysis files
2026-04-21T12:04:42     info       Analysis dims: nx=2630, ny=1215, binSize=(10.000,20.000)
2026-04-21T12:04:42     info       Analysis file: .bin.npy exists=True
2026-04-21T12:04:42     info       Analysis file: .min.npy exists=True
2026-04-21T12:04:42     info       Analysis file: .max.npy exists=True
2026-04-21T12:04:42     info       Analysis file: .rms.npy exists=True
2026-04-21T12:04:42     info       Analysis file: .gap.npy exists=False
2026-04-21T12:04:42     info       Analysis file: .off.npy exists=True
2026-04-21T12:04:42     info       Analysis file: .azi.npy exists=True
2026-04-21T12:04:42     info       Analysis file: .ana.npy exists=True
2026-04-21T12:04:42     info       Loaded : . . . Fold map  : Min:0 - Max:209 
2026-04-21T12:04:42     info       Loaded : . . . Min-offset: Min:22.36m - Max:4998.13m 
2026-04-21T12:04:42     info       Loaded : . . . Max-offset: Min:22.36m - Max:5158.34m 
2026-04-21T12:04:42     info       Loaded : . . . Rms-offset: Min:0.00m - Max:1376.98m 
2026-04-21T12:04:42     info       Loaded : . . . offset histogram
2026-04-21T12:04:42     info       Loaded : . . . azi-offset histogram
2026-04-21T12:04:42     info       Analysis load: fold=210, maxFold=209
2026-04-21T12:04:42     info       Analysis load: nT=8723578500, expected=8723578500, delta=0
2026-04-21T12:04:42     info       Analysis load: an2Output.shape=(671044500, 13)
2026-04-21T12:04:42     info       Loaded : . . . Analysis  : 671,044,500 traces (reserved space)
2026-04-21T12:04:42     info       Loaded : . . . read 161,894 rec-records
2026-04-21T12:04:42     info       Loaded : . . . read 51,240 src-records
2026-04-21T12:04:42     info       Loaded : . . . read 1,795,499 rel-records
2026-04-21T12:04:42     info       Loaded : . . . Analysis: 671,044,500 traces available (showing 1,000,000 at a time)
2026-04-21T12:04:45     info       Params : D:/Roll/roll_samples/Noordoostpolder/Noordoostpolder.roll survey object read, containing 282 parameters
2026-04-21T12:05:27     binning    Thread : Prepare memory mapped file for 671,044,500 traces, with nx=2630, ny=1215, fold=210
2026-04-21T12:05:51     binning    Thread : Started 'Bin from geometry', using 51,240 shot points
2026-04-21T12:37:53     warning    Thread : User interrupted worker thread
2026-04-21T12:37:58     warning    Thread : worker thread is still running; waiting for thread to finish
2026-04-21T12:37:58     warning    Thread : Worker thread has stopped
2026-04-21T12:38:15     info       Parsing: D:/Roll/roll_samples/Noordoostpolder/Noordoostpolder.roll survey object succesfully parsed
2026-04-21T12:38:15     info       Params : D:/Roll/roll_samples/Noordoostpolder/Noordoostpolder.roll survey object read, containing 282 parameters+++

2026-04-21T13:23:30     info       Plugin : Started on Windows 11 v(10.0.26200)
2026-04-21T13:23:30     info       Library: Numba version 0.64.0 available for JIT acceleration
2026-04-21T13:23:30     info       Parsing: survey object succesfully parsed
2026-04-21T13:23:30     info       Params : survey object read, containing 282 parameters
2026-04-21T13:23:38     info       Opening: D:/Roll/roll_testing/kapuni.roll
2026-04-21T13:23:38     info       Parsing: D:/Roll/roll_testing/kapuni.roll
2026-04-21T13:23:38     info       Parsing: D:/Roll/roll_testing/kapuni.roll survey object succesfully parsed
2026-04-21T13:23:38     info       Reading: D:/Roll/roll_testing/kapuni.roll, success: True
2026-04-21T13:23:38     info       Loading: D:/Roll/roll_testing/kapuni.roll analysis files
2026-04-21T13:23:38     info       Analysis dims: nx=2000, ny=1366, binSize=(10.000,18.750)
2026-04-21T13:23:38     info       Analysis file: .bin.npy exists=True
2026-04-21T13:23:38     info       Analysis file: .min.npy exists=True
2026-04-21T13:23:38     info       Analysis file: .max.npy exists=True
2026-04-21T13:23:38     info       Analysis file: .rms.npy exists=True
2026-04-21T13:23:38     info       Analysis file: .gap.npy exists=True
2026-04-21T13:23:38     info       Analysis file: .off.npy exists=True
2026-04-21T13:23:38     info       Analysis file: .azi.npy exists=True
2026-04-21T13:23:38     info       Analysis file: .ana.npy exists=True
2026-04-21T13:23:38     info       Loaded : . . . Fold map  : Min:0 - Max:132 
2026-04-21T13:23:38     info       Loaded : . . . Min-offset: Min:10.00m - Max:5346.44m 
2026-04-21T13:23:38     info       Loaded : . . . Max-offset: Min:10.00m - Max:5415.07m 
2026-04-21T13:23:38     info       Loaded : . . . Rms-offset: Min:0.00m - Max:1770.86m 
2026-04-21T13:23:38     info       Loaded : . . . Max-gap   : Min:0.00m - Max:4500.04m 
2026-04-21T13:23:38     info       Loaded : . . . offset histogram
2026-04-21T13:23:38     info       Loaded : . . . azi-offset histogram
2026-04-21T13:23:38     info       Analysis load: fold=180, maxFold=132
2026-04-21T13:23:38     info       Analysis load: nT=6392880000, expected=6392880000, delta=0
2026-04-21T13:23:38     info       Analysis load: an2Output.shape=(491760000, 13)
2026-04-21T13:23:38     info       Loaded : . . . Analysis  : 491,760,000 traces (reserved space)
2026-04-21T13:23:38     info       Loaded : . . . read 76,119 rps-records
2026-04-21T13:23:38     info       Loaded : . . . read 26,731 sps-records
2026-04-21T13:23:38     info       Loaded : . . . read 598,465 xps-records
2026-04-21T13:23:38     info       Loaded : . . . Analysis: 491,760,000 traces available (showing 1,000,000 at a time)
2026-04-21T13:23:40     info       Params : D:/Roll/roll_testing/kapuni.roll survey object read, containing 282 parameters
2026-04-21T13:26:30     info       Opening: D:/Roll/roll_samples/Noordoostpolder/Noordoostpolder.roll
2026-04-21T13:26:30     info       Parsing: D:/Roll/roll_samples/Noordoostpolder/Noordoostpolder.roll
2026-04-21T13:26:30     info       Parsing: D:/Roll/roll_samples/Noordoostpolder/Noordoostpolder.roll survey object succesfully parsed
2026-04-21T13:26:30     info       Reading: D:/Roll/roll_samples/Noordoostpolder/Noordoostpolder.roll, success: True
2026-04-21T13:26:31     info       Loading: D:/Roll/roll_samples/Noordoostpolder/Noordoostpolder.roll analysis files
2026-04-21T13:26:31     info       Analysis dims: nx=2630, ny=1215, binSize=(10.000,20.000)
2026-04-21T13:26:31     info       Analysis file: .bin.npy exists=True
2026-04-21T13:26:31     info       Analysis file: .min.npy exists=True
2026-04-21T13:26:31     info       Analysis file: .max.npy exists=True
2026-04-21T13:26:31     info       Analysis file: .rms.npy exists=True
2026-04-21T13:26:31     info       Analysis file: .gap.npy exists=False
2026-04-21T13:26:31     info       Analysis file: .off.npy exists=True
2026-04-21T13:26:31     info       Analysis file: .azi.npy exists=True
2026-04-21T13:26:31     info       Analysis file: .ana.npy exists=True
2026-04-21T13:26:31     info       Loaded : . . . Fold map  : Min:0 - Max:209 
2026-04-21T13:26:31     info       Loaded : . . . Min-offset: Min:22.36m - Max:4998.13m 
2026-04-21T13:26:31     info       Loaded : . . . Max-offset: Min:22.36m - Max:5158.34m 
2026-04-21T13:26:31     info       Loaded : . . . Rms-offset: Min:0.00m - Max:1376.98m 
2026-04-21T13:26:31     info       Loaded : . . . offset histogram
2026-04-21T13:26:31     info       Loaded : . . . azi-offset histogram
2026-04-21T13:26:31     info       Analysis load: fold=210, maxFold=209
2026-04-21T13:26:31     info       Analysis load: nT=8723578500, expected=8723578500, delta=0
2026-04-21T13:26:31     info       Analysis load: an2Output.shape=(671044500, 13)
2026-04-21T13:26:31     info       Loaded : . . . Analysis  : 671,044,500 traces (reserved space)
2026-04-21T13:26:31     info       Loaded : . . . read 161,894 rec-records
2026-04-21T13:26:31     info       Loaded : . . . read 51,240 src-records
2026-04-21T13:26:31     info       Loaded : . . . read 1,795,499 rel-records
2026-04-21T13:26:31     info       Loaded : . . . Analysis: 671,044,500 traces available (showing 1,000,000 at a time)
2026-04-21T13:26:35     info       Params : D:/Roll/roll_samples/Noordoostpolder/Noordoostpolder.roll survey object read, containing 282 parameters
2026-04-21T13:27:03     binning    Thread : Prepare memory mapped file for 671,044,500 traces, with nx=2630, ny=1215, fold=210
2026-04-21T13:27:22     binning    Thread : Started 'Bin from geometry', using 51,240 shot points
2026-04-21T13:29:22     warning    Thread : User interrupted worker thread
2026-04-21T13:29:28     warning    Thread : Worker thread has stopped
2026-04-21T13:29:29     info       Parsing: D:/Roll/roll_samples/Noordoostpolder/Noordoostpolder.roll survey object succesfully parsed
2026-04-21T13:29:32     info       Params : D:/Roll/roll_samples/Noordoostpolder/Noordoostpolder.roll survey object read, containing 282 parameters+++

2026-04-21T13:29:36     info       Plugin : Started on Windows 11 v(10.0.26200)
2026-04-21T13:29:36     info       Library: Numba version 0.64.0 available for JIT acceleration
2026-04-21T13:29:36     info       Parsing: survey object succesfully parsed
2026-04-21T13:29:36     info       Params : survey object read, containing 282 parameters
2026-04-21T13:29:40     info       Opening: D:/Roll/roll_samples/Noordoostpolder/Noordoostpolder.roll
2026-04-21T13:29:40     info       Parsing: D:/Roll/roll_samples/Noordoostpolder/Noordoostpolder.roll
2026-04-21T13:29:40     info       Parsing: D:/Roll/roll_samples/Noordoostpolder/Noordoostpolder.roll survey object succesfully parsed
2026-04-21T13:29:40     info       Reading: D:/Roll/roll_samples/Noordoostpolder/Noordoostpolder.roll, success: True
2026-04-21T13:29:40     info       Loading: D:/Roll/roll_samples/Noordoostpolder/Noordoostpolder.roll analysis files
2026-04-21T13:29:40     info       Analysis dims: nx=2630, ny=1215, binSize=(10.000,20.000)
2026-04-21T13:29:40     info       Analysis file: .bin.npy exists=True
2026-04-21T13:29:40     info       Analysis file: .min.npy exists=True
2026-04-21T13:29:40     info       Analysis file: .max.npy exists=True
2026-04-21T13:29:40     info       Analysis file: .rms.npy exists=True
2026-04-21T13:29:40     info       Analysis file: .gap.npy exists=False
2026-04-21T13:29:40     info       Analysis file: .off.npy exists=True
2026-04-21T13:29:40     info       Analysis file: .azi.npy exists=True
2026-04-21T13:29:40     info       Analysis file: .ana.npy exists=True
2026-04-21T13:29:40     info       Loaded : . . . Fold map  : Min:0 - Max:209 
2026-04-21T13:29:40     info       Loaded : . . . Min-offset: Min:22.36m - Max:4998.13m 
2026-04-21T13:29:40     info       Loaded : . . . Max-offset: Min:22.36m - Max:5158.34m 
2026-04-21T13:29:40     info       Loaded : . . . Rms-offset: Min:0.00m - Max:1376.98m 
2026-04-21T13:29:40     info       Loaded : . . . offset histogram
2026-04-21T13:29:40     info       Loaded : . . . azi-offset histogram
2026-04-21T13:29:40     info       Analysis load: fold=210, maxFold=209
2026-04-21T13:29:40     info       Analysis load: nT=8723578500, expected=8723578500, delta=0
2026-04-21T13:29:40     info       Analysis load: an2Output.shape=(671044500, 13)
2026-04-21T13:29:40     info       Loaded : . . . Analysis  : 671,044,500 traces (reserved space)
2026-04-21T13:29:40     info       Loaded : . . . read 161,894 rec-records
2026-04-21T13:29:40     info       Loaded : . . . read 51,240 src-records
2026-04-21T13:29:40     info       Loaded : . . . read 1,795,499 rel-records
2026-04-21T13:29:40     info       Loaded : . . . Analysis: 671,044,500 traces available (showing 1,000,000 at a time)
2026-04-21T13:29:45     info       Params : D:/Roll/roll_samples/Noordoostpolder/Noordoostpolder.roll survey object read, containing 282 parameters
2026-04-21T13:32:39     binning    Thread : Prepare memory mapped file for 671,044,500 traces, with nx=2630, ny=1215, fold=210
2026-04-21T13:32:47     binning    Thread : Started 'Bin from geometry', using 51,240 shot points
2026-04-21T13:34:25     warning    Thread : User interrupted worker thread
2026-04-21T13:34:31     warning    Thread : Worker thread has stopped
2026-04-21T13:34:33     info       Parsing: D:/Roll/roll_samples/Noordoostpolder/Noordoostpolder.roll survey object succesfully parsed
2026-04-21T13:34:33     info       Params : D:/Roll/roll_samples/Noordoostpolder/Noordoostpolder.roll survey object read, containing 282 parameters+++

2026-04-21T13:34:39     info       Plugin : Started on Windows 11 v(10.0.26200)
2026-04-21T13:34:39     info       Library: Numba version 0.64.0 available for JIT acceleration
2026-04-21T13:34:39     info       Parsing: survey object succesfully parsed
2026-04-21T13:34:39     info       Params : survey object read, containing 282 parameters
2026-04-21T13:34:43     info       Opening: D:/Roll/roll_samples/Noordoostpolder/Noordoostpolder.roll
2026-04-21T13:34:43     info       Parsing: D:/Roll/roll_samples/Noordoostpolder/Noordoostpolder.roll
2026-04-21T13:34:43     info       Parsing: D:/Roll/roll_samples/Noordoostpolder/Noordoostpolder.roll survey object succesfully parsed
2026-04-21T13:34:43     info       Reading: D:/Roll/roll_samples/Noordoostpolder/Noordoostpolder.roll, success: True
2026-04-21T13:34:43     info       Loading: D:/Roll/roll_samples/Noordoostpolder/Noordoostpolder.roll analysis files
2026-04-21T13:34:43     info       Analysis dims: nx=2630, ny=1215, binSize=(10.000,20.000)
2026-04-21T13:34:43     info       Analysis file: .bin.npy exists=True
2026-04-21T13:34:43     info       Analysis file: .min.npy exists=True
2026-04-21T13:34:43     info       Analysis file: .max.npy exists=True
2026-04-21T13:34:43     info       Analysis file: .rms.npy exists=True
2026-04-21T13:34:43     info       Analysis file: .gap.npy exists=False
2026-04-21T13:34:43     info       Analysis file: .off.npy exists=True
2026-04-21T13:34:43     info       Analysis file: .azi.npy exists=True
2026-04-21T13:34:43     info       Analysis file: .ana.npy exists=True
2026-04-21T13:34:43     info       Loaded : . . . Fold map  : Min:0 - Max:209 
2026-04-21T13:34:43     info       Loaded : . . . Min-offset: Min:22.36m - Max:4998.13m 
2026-04-21T13:34:43     info       Loaded : . . . Max-offset: Min:22.36m - Max:5158.34m 
2026-04-21T13:34:43     info       Loaded : . . . Rms-offset: Min:0.00m - Max:1376.98m 
2026-04-21T13:34:43     info       Loaded : . . . offset histogram
2026-04-21T13:34:43     info       Loaded : . . . azi-offset histogram
2026-04-21T13:34:43     info       Analysis load: fold=210, maxFold=209
2026-04-21T13:34:43     info       Analysis load: nT=8723578500, expected=8723578500, delta=0
2026-04-21T13:34:43     info       Analysis load: an2Output.shape=(671044500, 13)
2026-04-21T13:34:43     info       Loaded : . . . Analysis  : 671,044,500 traces (reserved space)
2026-04-21T13:34:43     info       Loaded : . . . read 161,894 rec-records
2026-04-21T13:34:43     info       Loaded : . . . read 51,240 src-records
2026-04-21T13:34:43     info       Loaded : . . . read 1,795,499 rel-records
2026-04-21T13:34:43     info       Loaded : . . . Analysis: 671,044,500 traces available (showing 1,000,000 at a time)
2026-04-21T13:34:47     info       Params : D:/Roll/roll_samples/Noordoostpolder/Noordoostpolder.roll survey object read, containing 282 parameters
2026-04-21T13:37:08     binning    Thread : Prepare memory mapped file for 671,044,500 traces, with nx=2630, ny=1215, fold=210
2026-04-21T13:37:16     binning    Thread : Started 'Bin from geometry', using 51,240 shot points
2026-04-21T14:13:23     binning    Thread : Binning completed. Elapsed time:0:36:07 
2026-04-21T14:13:23     binning    Thread : . . . Fold       : Min:0 - Max:209 
2026-04-21T14:13:23     binning    Thread : . . . Min-offsets: Min:22.36m - Max:4998.13m 
2026-04-21T14:13:23     binning    Thread : . . . Max-offsets: Min:22.36m - Max:5158.34m 
2026-04-21T14:13:23     binning    Thread : . . . Rms-offsets: Min:0.00m - Max:1376.98m 
2026-04-21T14:13:23     binning    Thread : . . . Max-gap   : Min:0.00m - Max:3274.95m 
2026-04-21T14:13:23     info       Loaded : . . . Analysis: 671,044,500 traces available (showing 1,000,000 at a time)
2026-04-21T14:15:25     info       Parsing: D:/Roll/roll_samples/Noordoostpolder/Noordoostpolder.roll survey object succesfully parsed
2026-04-21T14:15:26     info       Params : D:/Roll/roll_samples/Noordoostpolder/Noordoostpolder.roll survey object read, containing 282 parameters+++

2026-04-21T14:15:29     info       Plugin : Started on Windows 11 v(10.0.26200)
2026-04-21T14:15:29     info       Library: Numba version 0.64.0 available for JIT acceleration
2026-04-21T14:15:29     info       Parsing: survey object succesfully parsed
2026-04-21T14:15:30     info       Params : survey object read, containing 282 parameters
2026-04-21T14:15:53     info       Parsing: survey object succesfully parsed
2026-04-21T14:15:53     info       Params : survey object read, containing 282 parameters+++

2026-04-21T14:15:58     info       Plugin : Started on Windows 11 v(10.0.26200)
2026-04-21T14:15:58     info       Library: Numba version 0.64.0 available for JIT acceleration
2026-04-21T14:15:58     info       Parsing: survey object succesfully parsed
2026-04-21T14:15:58     info       Params : survey object read, containing 282 parameters
2026-04-21T14:20:01     info       Parsing: survey object succesfully parsed
2026-04-21T14:20:01     info       Params : survey object read, containing 282 parameters+++

2026-04-21T14:20:06     info       Plugin : Started on Windows 11 v(10.0.26200)
2026-04-21T14:20:06     info       Library: Numba version 0.64.0 available for JIT acceleration
2026-04-21T14:20:06     info       Parsing: survey object succesfully parsed
2026-04-21T14:20:06     info       Params : survey object read, containing 282 parameters
2026-04-21T14:23:58     info       Parsing: survey object succesfully parsed
2026-04-21T14:23:59     info       Params : survey object read, containing 282 parameters+++

2026-04-21T14:24:02     info       Plugin : Started on Windows 11 v(10.0.26200)
2026-04-21T14:24:02     info       Library: Numba version 0.64.0 available for JIT acceleration
2026-04-21T14:24:02     info       Parsing: survey object succesfully parsed
2026-04-21T14:24:02     info       Params : survey object read, containing 282 parameters
2026-04-21T14:26:51     info       Parsing: survey object succesfully parsed
2026-04-21T14:26:52     info       Params : survey object read, containing 282 parameters+++

2026-04-21T14:26:55     info       Plugin : Started on Windows 11 v(10.0.26200)
2026-04-21T14:26:55     info       Library: Numba version 0.64.0 available for JIT acceleration
2026-04-21T14:26:55     info       Parsing: survey object succesfully parsed
2026-04-21T14:26:56     info       Params : survey object read, containing 282 parameters
2026-04-21T14:31:12     info       Parsing: survey object succesfully parsed
2026-04-21T14:31:12     info       Params : survey object read, containing 282 parameters+++

2026-04-21T14:31:16     info       Plugin : Started on Windows 11 v(10.0.26200)
2026-04-21T14:31:16     info       Library: Numba version 0.64.0 available for JIT acceleration
2026-04-21T14:31:16     info       Parsing: survey object succesfully parsed
2026-04-21T14:31:16     info       Params : survey object read, containing 282 parameters
2026-04-21T14:34:35     info       Parsing: survey object succesfully parsed
2026-04-21T14:34:35     info       Params : survey object read, containing 282 parameters+++

2026-04-28T19:47:43     info       Plugin : Started on Windows 11 v(10.0.26200)
2026-04-28T19:47:43     info       Library: Numba version 0.64.0 available for JIT acceleration
2026-04-28T19:47:43     info       Parsing: survey object succesfully parsed
2026-04-28T19:47:43     info       Params : survey object read, containing 282 parameters
2026-04-28T19:47:47     info       Opening: D:/EBN/Amstelland 3D/Amstelland 3D full survey.roll
2026-04-28T19:47:47     info       Parsing: D:/EBN/Amstelland 3D/Amstelland 3D full survey.roll
2026-04-28T19:47:47     info       Parsing: D:/EBN/Amstelland 3D/Amstelland 3D full survey.roll survey object succesfully parsed
2026-04-28T19:47:47     info       Reading: D:/EBN/Amstelland 3D/Amstelland 3D full survey.roll, success: True
2026-04-28T19:47:47     info       Loading: D:/EBN/Amstelland 3D/Amstelland 3D full survey.roll analysis files
2026-04-28T19:47:47     info       Loading: . . . Analysis dims: nx=625, ny=875, binSize=(20.000,20.000)
2026-04-28T19:47:47     info       Loading: . . . Analysis file: .bin.npy exists=True
2026-04-28T19:47:47     info       Loading: . . . Analysis file: .min.npy exists=True
2026-04-28T19:47:47     info       Loading: . . . Analysis file: .max.npy exists=True
2026-04-28T19:47:47     info       Loading: . . . Analysis file: .rms.npy exists=True
2026-04-28T19:47:47     info       Loading: . . . Analysis file: .gap.npy exists=True
2026-04-28T19:47:47     info       Loading: . . . Analysis file: .off.npy exists=True
2026-04-28T19:47:47     info       Loading: . . . Analysis file: .azi.npy exists=True
2026-04-28T19:47:47     info       Loading: . . . Analysis file: .ana.npy exists=True
2026-04-28T19:47:47     info       Loaded : . . . Fold map  : Min:0 - Max:1144 
2026-04-28T19:47:47     info       Loaded : . . . Min-offset: Min:0.35m - Max:3359.98m 
2026-04-28T19:47:47     info       Loaded : . . . Max-offset: Min:8.09m - Max:3360.00m 
2026-04-28T19:47:47     info       Loaded : . . . Rms-offset: Min:0.00m - Max:1598.20m 
2026-04-28T19:47:47     info       Loaded : . . . Max-gap   : Min:0.00m - Max:3207.33m 
2026-04-28T19:47:47     info       Loaded : . . . offset histogram
2026-04-28T19:47:47     info       Loaded : . . . azi-offset histogram
2026-04-28T19:47:47     info       Analysis load: fold=500, maxFold=1144
2026-04-28T19:47:47     info       Analysis load: nT=3554687500, expected=3554687500, delta=0
2026-04-28T19:47:47     info       Analysis load: an2Output.shape=(273437500, 13)
2026-04-28T19:47:47     info       Loaded : . . . Analysis  : observed fold in binning file: 1,144. This is larger than allowed in the trace table (500), expect missing traces in spider plot !
2026-04-28T19:47:47     info       Loaded : . . . Analysis  : 273,437,500 traces (reserved space)
2026-04-28T19:47:47     info       Loaded : . . . read 44,937 rps-records
2026-04-28T19:47:47     info       Loaded : . . . read 20,045 sps-records
2026-04-28T19:47:47     info       Loaded : . . . read 11,806,523 xps-records
2026-04-28T19:47:47     info       Loaded : . . . Analysis: 273,437,500 traces available (showing 1,000,000 at a time)
2026-04-28T19:47:48     info       Params : D:/EBN/Amstelland 3D/Amstelland 3D full survey.roll survey object read, containing 282 parameters
2026-04-28T20:15:02     info       Opening: D:/Roll/roll_samples/wells/Wells-well.roll
2026-04-28T20:15:02     info       Parsing: D:/Roll/roll_samples/wells/Wells-well.roll
2026-04-28T20:15:02     info       Parsing: D:/Roll/roll_samples/wells/Wells-well.roll survey object succesfully parsed
2026-04-28T20:15:02     info       Reading: D:/Roll/roll_samples/wells/Wells-well.roll, success: True
2026-04-28T20:15:02     info       Loading: D:/Roll/roll_samples/wells/Wells-well.roll analysis files
2026-04-28T20:15:02     info       Loading: . . . Analysis dims: nx=10, ny=16, binSize=(25.000,25.000)
2026-04-28T20:15:02     info       Loading: . . . Analysis file: .bin.npy exists=True
2026-04-28T20:15:02     info       Loading: . . . Analysis file: .min.npy exists=True
2026-04-28T20:15:02     info       Loading: . . . Analysis file: .max.npy exists=True
2026-04-28T20:15:02     info       Loading: . . . Analysis file: .rms.npy exists=True
2026-04-28T20:15:02     info       Loading: . . . Analysis file: .gap.npy exists=False
2026-04-28T20:15:02     info       Loading: . . . Analysis file: .off.npy exists=True
2026-04-28T20:15:02     info       Loading: . . . Analysis file: .azi.npy exists=True
2026-04-28T20:15:02     info       Loading: . . . Analysis file: .ana.npy exists=True
2026-04-28T20:15:02     info       Loaded : . . . Fold map  : Min:10 - Max:30 
2026-04-28T20:15:02     info       Loaded : . . . Min-offset: Min:35.36m - Max:617.45m 
2026-04-28T20:15:02     info       Loaded : . . . Max-offset: Min:2314.36m - Max:2593.50m 
2026-04-28T20:15:02     info       Loaded : . . . Rms-offset: Min:37.70m - Max:182.23m 
2026-04-28T20:15:02     info       Loaded : . . . offset histogram
2026-04-28T20:15:02     info       Loaded : . . . azi-offset histogram
2026-04-28T20:15:02     info       Analysis load: fold=50, maxFold=30
2026-04-28T20:15:02     info       Analysis load: nT=104000, expected=104000, delta=0
2026-04-28T20:15:02     info       Analysis load: an2Output.shape=(8000, 13)
2026-04-28T20:15:02     info       Loaded : . . . Analysis  : 8,000 traces (reserved space)
2026-04-28T20:15:02     info       Loaded : . . . Analysis: 8,000 traces displayed in Trace Table
2026-04-28T20:15:04     info       Params : D:/Roll/roll_samples/wells/Wells-well.roll survey object read, containing 636 parameters
2026-04-28T20:15:29     info       Opening: D:/Roll/roll_testing/kapuni.roll
2026-04-28T20:15:29     info       Parsing: D:/Roll/roll_testing/kapuni.roll
2026-04-28T20:15:29     info       Parsing: D:/Roll/roll_testing/kapuni.roll survey object succesfully parsed
2026-04-28T20:15:29     info       Reading: D:/Roll/roll_testing/kapuni.roll, success: True
2026-04-28T20:15:29     info       Loading: D:/Roll/roll_testing/kapuni.roll analysis files
2026-04-28T20:15:29     info       Loading: . . . Analysis dims: nx=2000, ny=1366, binSize=(10.000,18.750)
2026-04-28T20:15:29     info       Loading: . . . Analysis file: .bin.npy exists=True
2026-04-28T20:15:29     info       Loading: . . . Analysis file: .min.npy exists=True
2026-04-28T20:15:29     info       Loading: . . . Analysis file: .max.npy exists=True
2026-04-28T20:15:29     info       Loading: . . . Analysis file: .rms.npy exists=True
2026-04-28T20:15:29     info       Loading: . . . Analysis file: .gap.npy exists=True
2026-04-28T20:15:29     info       Loading: . . . Analysis file: .off.npy exists=True
2026-04-28T20:15:29     info       Loading: . . . Analysis file: .azi.npy exists=True
2026-04-28T20:15:29     info       Loading: . . . Analysis file: .ana.npy exists=True
2026-04-28T20:15:29     info       Loaded : . . . Fold map  : Min:0 - Max:132 
2026-04-28T20:15:29     info       Loaded : . . . Min-offset: Min:10.00m - Max:5346.44m 
2026-04-28T20:15:29     info       Loaded : . . . Max-offset: Min:10.00m - Max:5415.07m 
2026-04-28T20:15:29     info       Loaded : . . . Rms-offset: Min:0.00m - Max:1770.86m 
2026-04-28T20:15:29     info       Loaded : . . . Max-gap   : Min:0.00m - Max:4500.04m 
2026-04-28T20:15:29     info       Loaded : . . . offset histogram
2026-04-28T20:15:29     info       Loaded : . . . azi-offset histogram
2026-04-28T20:15:29     info       Analysis load: fold=180, maxFold=132
2026-04-28T20:15:29     info       Analysis load: nT=6392880000, expected=6392880000, delta=0
2026-04-28T20:15:29     info       Analysis load: an2Output.shape=(491760000, 13)
2026-04-28T20:15:29     info       Loaded : . . . Analysis  : 491,760,000 traces (reserved space)
2026-04-28T20:15:29     info       Loaded : . . . read 76,119 rps-records
2026-04-28T20:15:29     info       Loaded : . . . read 26,731 sps-records
2026-04-28T20:15:29     info       Loaded : . . . read 598,465 xps-records
2026-04-28T20:15:30     info       Loaded : . . . Analysis: 491,760,000 traces available (showing 1,000,000 at a time)
2026-04-28T20:15:32     info       Params : D:/Roll/roll_testing/kapuni.roll survey object read, containing 282 parameters
2026-04-28T20:15:52     info       Edited : D:/Roll/roll_testing/kapuni.roll survey object updated
2026-04-28T20:16:35     info       Edited : D:/Roll/roll_testing/kapuni.roll survey object updated
2026-04-28T20:17:46     info       Edited : D:/Roll/roll_testing/kapuni.roll survey object updated
2026-04-28T21:02:40     info       Saved  : D:/Roll/roll_testing/kapuni.roll
2026-04-28T21:02:40     info       Opening: D:/Roll/roll_samples/Noordoostpolder/Noordoostpolder.roll
2026-04-28T21:02:40     info       Parsing: D:/Roll/roll_samples/Noordoostpolder/Noordoostpolder.roll
2026-04-28T21:02:40     info       Parsing: D:/Roll/roll_samples/Noordoostpolder/Noordoostpolder.roll survey object succesfully parsed
2026-04-28T21:02:40     info       Reading: D:/Roll/roll_samples/Noordoostpolder/Noordoostpolder.roll, success: True
2026-04-28T21:02:40     info       Loading: D:/Roll/roll_samples/Noordoostpolder/Noordoostpolder.roll analysis files
2026-04-28T21:02:40     info       Loading: . . . Analysis dims: nx=2630, ny=1215, binSize=(10.000,20.000)
2026-04-28T21:02:40     info       Loading: . . . Analysis file: .bin.npy exists=True
2026-04-28T21:02:40     info       Loading: . . . Analysis file: .min.npy exists=True
2026-04-28T21:02:40     info       Loading: . . . Analysis file: .max.npy exists=True
2026-04-28T21:02:40     info       Loading: . . . Analysis file: .rms.npy exists=True
2026-04-28T21:02:40     info       Loading: . . . Analysis file: .gap.npy exists=True
2026-04-28T21:02:40     info       Loading: . . . Analysis file: .off.npy exists=True
2026-04-28T21:02:40     info       Loading: . . . Analysis file: .azi.npy exists=True
2026-04-28T21:02:40     info       Loading: . . . Analysis file: .ana.npy exists=True
2026-04-28T21:02:40     info       Loaded : . . . Fold map  : Min:0 - Max:209 
2026-04-28T21:02:40     info       Loaded : . . . Min-offset: Min:22.36m - Max:4998.13m 
2026-04-28T21:02:40     info       Loaded : . . . Max-offset: Min:22.36m - Max:5158.34m 
2026-04-28T21:02:40     info       Loaded : . . . Rms-offset: Min:0.00m - Max:1376.98m 
2026-04-28T21:02:40     info       Loaded : . . . Max-gap   : Min:0.00m - Max:3274.95m 
2026-04-28T21:02:40     info       Loaded : . . . offset histogram
2026-04-28T21:02:40     info       Loaded : . . . azi-offset histogram
2026-04-28T21:02:40     info       Analysis load: fold=210, maxFold=209
2026-04-28T21:02:40     info       Analysis load: nT=8723578500, expected=8723578500, delta=0
2026-04-28T21:02:40     info       Analysis load: an2Output.shape=(671044500, 13)
2026-04-28T21:02:40     info       Loaded : . . . Analysis  : 671,044,500 traces (reserved space)
2026-04-28T21:02:40     info       Loaded : . . . read 161,894 rec-records
2026-04-28T21:02:40     info       Loaded : . . . read 51,240 src-records
2026-04-28T21:02:40     info       Loaded : . . . read 1,795,499 rel-records
2026-04-28T21:02:40     info       Loaded : . . . Analysis: 671,044,500 traces available (showing 1,000,000 at a time)
2026-04-28T21:02:45     info       Params : D:/Roll/roll_samples/Noordoostpolder/Noordoostpolder.roll survey object read, containing 282 parameters
2026-04-28T21:03:42     info       Edited : D:/Roll/roll_samples/Noordoostpolder/Noordoostpolder.roll survey object updated
2026-04-28T21:03:52     info       Edited : D:/Roll/roll_samples/Noordoostpolder/Noordoostpolder.roll survey object updated
2026-04-28T21:04:09     info       Edited : D:/Roll/roll_samples/Noordoostpolder/Noordoostpolder.roll survey object updated
2026-04-28T21:05:55     info       Edited : D:/Roll/roll_samples/Noordoostpolder/Noordoostpolder.roll survey object updated
2026-04-28T21:23:14     info       Edited : D:/Roll/roll_samples/Noordoostpolder/Noordoostpolder.roll survey object updated
2026-04-28T21:23:15     info       Edited : D:/Roll/roll_samples/Noordoostpolder/Noordoostpolder.roll survey object updated
2026-04-28T21:24:09     binning    Thread : Prepare memory mapped file for 671,044,500 traces, with nx=2630, ny=1215, fold=210
2026-04-28T21:24:31     binning    Thread : Started 'Bin from geometry', using 51,240 shot points
2026-04-28T22:04:31     binning    Thread : Binning completed. Elapsed time:0:40:01 
2026-04-28T22:04:31     binning    Thread : . . . Fold       : Min:0 - Max:209 
2026-04-28T22:04:31     binning    Thread : . . . Min-offsets: Min:22.36m - Max:4998.13m 
2026-04-28T22:04:31     binning    Thread : . . . Max-offsets: Min:22.36m - Max:5158.34m 
2026-04-28T22:04:31     binning    Thread : . . . Rms-offsets: Min:0.00m - Max:1376.98m 
2026-04-28T22:04:31     binning    Thread : . . . Max-gap   : Min:0.00m - Max:3274.95m 
2026-04-28T22:04:31     info       Loaded : . . . Analysis: 671,044,500 traces available (showing 1,000,000 at a time)
2026-04-28T23:11:40     info       Saved  : D:/Roll/roll_samples/Noordoostpolder/Noordoostpolder.roll
2026-04-28T23:11:56     info       Parsing: D:/Roll/roll_samples/Noordoostpolder/Noordoostpolder.roll survey object succesfully parsed
2026-04-28T23:11:56     info       Params : D:/Roll/roll_samples/Noordoostpolder/Noordoostpolder.roll survey object read, containing 282 parameters+++

2026-04-29T09:10:17     info       Plugin : Started on Windows 11 v(10.0.26200)
2026-04-29T09:10:17     info       Library: Numba version 0.64.0 available for JIT acceleration
2026-04-29T09:10:17     info       Parsing: survey object succesfully parsed
2026-04-29T09:10:17     info       Params : survey object read, containing 282 parameters
2026-04-29T09:10:32     info       Parsing: survey object succesfully parsed
2026-04-29T09:10:32     info       Params : survey object read, containing 282 parameters+++

2026-04-29T09:12:01     info       Plugin : Started on Windows 11 v(10.0.26200)
2026-04-29T09:12:01     info       Library: Numba version 0.64.0 available for JIT acceleration
2026-04-29T09:12:01     info       Parsing: survey object succesfully parsed
2026-04-29T09:12:01     info       Params : survey object read, containing 282 parameters
2026-04-29T09:12:06     info       Parsing: survey object succesfully parsed
2026-04-29T09:12:06     info       Params : survey object read, containing 282 parameters+++

2026-04-29T09:12:55     info       Plugin : Started on Windows 11 v(10.0.26200)
2026-04-29T09:12:55     info       Library: Numba version 0.64.0 available for JIT acceleration
2026-04-29T09:12:55     info       Parsing: survey object succesfully parsed
2026-04-29T09:12:55     info       Params : survey object read, containing 282 parameters
2026-04-29T09:15:41     info       Parsing: survey object succesfully parsed
2026-04-29T09:15:41     info       Params : survey object read, containing 282 parameters+++

2026-04-29T10:36:01     info       Plugin : Started on Windows 11 v(10.0.26200)
2026-04-29T10:36:01     warning    Library: Numba not available, running pure Python code only
2026-04-29T10:36:01     warning    Library: Debugpy not available, (remote) debugging will not work
2026-04-29T10:36:01     info       Parsing: survey object succesfully parsed
2026-04-29T10:36:01     info       Params : survey object read, containing 282 parameters
2026-04-29T10:36:34     info       Opening: D:/Roll/roll_samples/Noordoostpolder/Noordoostpolder.roll
2026-04-29T10:36:34     info       Parsing: D:/Roll/roll_samples/Noordoostpolder/Noordoostpolder.roll
2026-04-29T10:36:34     info       Parsing: D:/Roll/roll_samples/Noordoostpolder/Noordoostpolder.roll survey object succesfully parsed
2026-04-29T10:36:34     info       Reading: D:/Roll/roll_samples/Noordoostpolder/Noordoostpolder.roll, success: True
2026-04-29T10:36:34     info       Loading: D:/Roll/roll_samples/Noordoostpolder/Noordoostpolder.roll analysis files
2026-04-29T10:36:34     info       Loading: . . . Analysis dims: nx=2630, ny=1215, binSize=(10.000,20.000)
2026-04-29T10:36:34     info       Loading: . . . Analysis file: .bin.npy exists=True
2026-04-29T10:36:34     info       Loading: . . . Analysis file: .min.npy exists=True
2026-04-29T10:36:34     info       Loading: . . . Analysis file: .max.npy exists=True
2026-04-29T10:36:34     info       Loading: . . . Analysis file: .rms.npy exists=True
2026-04-29T10:36:34     info       Loading: . . . Analysis file: .gap.npy exists=True
2026-04-29T10:36:34     info       Loading: . . . Analysis file: .off.npy exists=True
2026-04-29T10:36:34     info       Loading: . . . Analysis file: .azi.npy exists=True
2026-04-29T10:36:34     info       Loading: . . . Analysis file: .ana.npy exists=True
2026-04-29T10:36:34     info       Loaded : . . . Fold map  : Min:0 - Max:209 
2026-04-29T10:36:34     info       Loaded : . . . Min-offset: Min:22.36m - Max:4998.13m 
2026-04-29T10:36:34     info       Loaded : . . . Max-offset: Min:22.36m - Max:5158.34m 
2026-04-29T10:36:34     info       Loaded : . . . Rms-offset: Min:0.00m - Max:1376.98m 
2026-04-29T10:36:34     info       Loaded : . . . Max-gap   : Min:0.00m - Max:3274.95m 
2026-04-29T10:36:34     info       Loaded : . . . offset histogram
2026-04-29T10:36:34     info       Loaded : . . . azi-offset histogram
2026-04-29T10:36:34     info       Analysis load: fold=210, maxFold=209
2026-04-29T10:36:34     error      Loaded : . . . Analysis  : read error D:/Roll/roll_samples/Noordoostpolder/Noordoostpolder.roll.ana.npy. [Errno 13] Permission denied: 'D:/Roll/roll_samples/Noordoostpolder/Noordoostpolder.roll.ana.npy'
2026-04-29T10:36:34     info       Loaded : . . . read 161,894 rec-records
2026-04-29T10:36:34     info       Loaded : . . . read 51,240 src-records
2026-04-29T10:36:34     info       Loaded : . . . read 1,795,499 rel-records
2026-04-29T10:36:38     info       Params : D:/Roll/roll_samples/Noordoostpolder/Noordoostpolder.roll survey object read, containing 282 parameters
2026-04-29T10:37:19     info       Parsing: D:/Roll/roll_samples/Noordoostpolder/Noordoostpolder.roll survey object succesfully parsed
2026-04-29T10:37:19     info       Params : D:/Roll/roll_samples/Noordoostpolder/Noordoostpolder.roll survey object read, containing 282 parameters+++

2026-04-29T10:37:54     info       Plugin : Started on Windows 11 v(10.0.26200)
2026-04-29T10:37:54     warning    Library: Numba not available, running pure Python code only
2026-04-29T10:37:54     warning    Library: Debugpy not available, (remote) debugging will not work
2026-04-29T10:37:54     info       Parsing: survey object succesfully parsed
2026-04-29T10:37:54     info       Params : survey object read, containing 282 parameters
2026-04-29T10:38:00     info       Opening: D:/Roll/roll_samples/Noordoostpolder/Noordoostpolder.roll
2026-04-29T10:38:00     info       Parsing: D:/Roll/roll_samples/Noordoostpolder/Noordoostpolder.roll
2026-04-29T10:38:00     info       Parsing: D:/Roll/roll_samples/Noordoostpolder/Noordoostpolder.roll survey object succesfully parsed
2026-04-29T10:38:00     info       Reading: D:/Roll/roll_samples/Noordoostpolder/Noordoostpolder.roll, success: True
2026-04-29T10:38:00     info       Loading: D:/Roll/roll_samples/Noordoostpolder/Noordoostpolder.roll analysis files
2026-04-29T10:38:00     info       Loading: . . . Analysis dims: nx=2630, ny=1215, binSize=(10.000,20.000)
2026-04-29T10:38:00     info       Loading: . . . Analysis file: .bin.npy exists=True
2026-04-29T10:38:00     info       Loading: . . . Analysis file: .min.npy exists=True
2026-04-29T10:38:00     info       Loading: . . . Analysis file: .max.npy exists=True
2026-04-29T10:38:00     info       Loading: . . . Analysis file: .rms.npy exists=True
2026-04-29T10:38:00     info       Loading: . . . Analysis file: .gap.npy exists=True
2026-04-29T10:38:00     info       Loading: . . . Analysis file: .off.npy exists=True
2026-04-29T10:38:00     info       Loading: . . . Analysis file: .azi.npy exists=True
2026-04-29T10:38:00     info       Loading: . . . Analysis file: .ana.npy exists=True
2026-04-29T10:38:00     info       Loaded : . . . Fold map  : Min:0 - Max:209 
2026-04-29T10:38:00     info       Loaded : . . . Min-offset: Min:22.36m - Max:4998.13m 
2026-04-29T10:38:00     info       Loaded : . . . Max-offset: Min:22.36m - Max:5158.34m 
2026-04-29T10:38:00     info       Loaded : . . . Rms-offset: Min:0.00m - Max:1376.98m 
2026-04-29T10:38:00     info       Loaded : . . . Max-gap   : Min:0.00m - Max:3274.95m 
2026-04-29T10:38:00     info       Loaded : . . . offset histogram
2026-04-29T10:38:00     info       Loaded : . . . azi-offset histogram
2026-04-29T10:38:00     info       Analysis load: fold=210, maxFold=209
2026-04-29T10:38:00     error      Loaded : . . . Analysis  : read error D:/Roll/roll_samples/Noordoostpolder/Noordoostpolder.roll.ana.npy. [Errno 13] Permission denied: 'D:/Roll/roll_samples/Noordoostpolder/Noordoostpolder.roll.ana.npy'
2026-04-29T10:38:00     info       Loaded : . . . read 161,894 rec-records
2026-04-29T10:38:00     info       Loaded : . . . read 51,240 src-records
2026-04-29T10:38:00     info       Loaded : . . . read 1,795,499 rel-records
2026-04-29T10:38:04     info       Params : D:/Roll/roll_samples/Noordoostpolder/Noordoostpolder.roll survey object read, containing 282 parameters
2026-04-29T10:43:07     info       Parsing: D:/Roll/roll_samples/Noordoostpolder/Noordoostpolder.roll survey object succesfully parsed
2026-04-29T10:43:07     info       Params : D:/Roll/roll_samples/Noordoostpolder/Noordoostpolder.roll survey object read, containing 282 parameters+++

2026-04-29T10:46:33     info       Plugin : Started on Windows 11 v(10.0.26200)
2026-04-29T10:46:33     warning    Library: Numba not available, running pure Python code only
2026-04-29T10:46:33     warning    Library: Debugpy not available, (remote) debugging will not work
2026-04-29T10:46:33     info       Parsing: survey object succesfully parsed
2026-04-29T10:46:33     info       Params : survey object read, containing 282 parameters
2026-04-29T10:46:46     info       Opening: D:/Roll/roll_samples/Noordoostpolder/Noordoostpolder.roll
2026-04-29T10:46:46     info       Parsing: D:/Roll/roll_samples/Noordoostpolder/Noordoostpolder.roll
2026-04-29T10:46:46     info       Parsing: D:/Roll/roll_samples/Noordoostpolder/Noordoostpolder.roll survey object succesfully parsed
2026-04-29T10:46:46     info       Reading: D:/Roll/roll_samples/Noordoostpolder/Noordoostpolder.roll, success: True
2026-04-29T10:46:46     info       Loading: D:/Roll/roll_samples/Noordoostpolder/Noordoostpolder.roll analysis files
2026-04-29T10:46:46     info       Loading: . . . Analysis dims: nx=2630, ny=1215, binSize=(10.000,20.000)
2026-04-29T10:46:46     info       Loading: . . . Analysis file: .bin.npy exists=True
2026-04-29T10:46:46     info       Loading: . . . Analysis file: .min.npy exists=True
2026-04-29T10:46:46     info       Loading: . . . Analysis file: .max.npy exists=True
2026-04-29T10:46:46     info       Loading: . . . Analysis file: .rms.npy exists=True
2026-04-29T10:46:46     info       Loading: . . . Analysis file: .gap.npy exists=True
2026-04-29T10:46:46     info       Loading: . . . Analysis file: .off.npy exists=True
2026-04-29T10:46:46     info       Loading: . . . Analysis file: .azi.npy exists=True
2026-04-29T10:46:46     info       Loading: . . . Analysis file: .ana.npy exists=True
2026-04-29T10:46:46     info       Loaded : . . . Fold map  : Min:0 - Max:209 
2026-04-29T10:46:46     info       Loaded : . . . Min-offset: Min:22.36m - Max:4998.13m 
2026-04-29T10:46:46     info       Loaded : . . . Max-offset: Min:22.36m - Max:5158.34m 
2026-04-29T10:46:46     info       Loaded : . . . Rms-offset: Min:0.00m - Max:1376.98m 
2026-04-29T10:46:46     info       Loaded : . . . Max-gap   : Min:0.00m - Max:3274.95m 
2026-04-29T10:46:46     info       Loaded : . . . offset histogram
2026-04-29T10:46:46     info       Loaded : . . . azi-offset histogram
2026-04-29T10:46:46     info       Analysis load: fold=210, maxFold=209
2026-04-29T10:46:46     error      Loaded : . . . Analysis  : read error D:/Roll/roll_samples/Noordoostpolder/Noordoostpolder.roll.ana.npy. [Errno 13] Permission denied: 'D:/Roll/roll_samples/Noordoostpolder/Noordoostpolder.roll.ana.npy'
2026-04-29T10:46:46     info       Loaded : . . . read 161,894 rec-records
2026-04-29T10:46:46     info       Loaded : . . . read 51,240 src-records
2026-04-29T10:46:46     info       Loaded : . . . read 1,795,499 rel-records
2026-04-29T10:46:50     info       Params : D:/Roll/roll_samples/Noordoostpolder/Noordoostpolder.roll survey object read, containing 282 parameters
2026-04-29T10:48:37     info       Parsing: D:/Roll/roll_samples/Noordoostpolder/Noordoostpolder.roll survey object succesfully parsed
2026-04-29T10:48:38     info       Params : D:/Roll/roll_samples/Noordoostpolder/Noordoostpolder.roll survey object read, containing 282 parameters+++

2026-04-29T10:51:42     info       Plugin : Started on Windows 11 v(10.0.26200)
2026-04-29T10:51:42     warning    Library: Numba not available, running pure Python code only
2026-04-29T10:51:42     warning    Library: Debugpy not available, (remote) debugging will not work
2026-04-29T10:51:42     info       Parsing: survey object succesfully parsed
2026-04-29T10:51:42     info       Params : survey object read, containing 282 parameters
2026-04-29T10:51:46     info       Opening: D:/Roll/roll_samples/Noordoostpolder/Noordoostpolder.roll
2026-04-29T10:51:46     info       Parsing: D:/Roll/roll_samples/Noordoostpolder/Noordoostpolder.roll
2026-04-29T10:51:46     info       Parsing: D:/Roll/roll_samples/Noordoostpolder/Noordoostpolder.roll survey object succesfully parsed
2026-04-29T10:51:46     info       Reading: D:/Roll/roll_samples/Noordoostpolder/Noordoostpolder.roll, success: True
2026-04-29T10:51:46     info       Loading: D:/Roll/roll_samples/Noordoostpolder/Noordoostpolder.roll analysis files
2026-04-29T10:51:46     info       Loading: . . . Analysis dims: nx=2630, ny=1215, binSize=(10.000,20.000)
2026-04-29T10:51:46     info       Loading: . . . Analysis file: .bin.npy exists=True
2026-04-29T10:51:46     info       Loading: . . . Analysis file: .min.npy exists=True
2026-04-29T10:51:46     info       Loading: . . . Analysis file: .max.npy exists=True
2026-04-29T10:51:46     info       Loading: . . . Analysis file: .rms.npy exists=True
2026-04-29T10:51:46     info       Loading: . . . Analysis file: .gap.npy exists=True
2026-04-29T10:51:46     info       Loading: . . . Analysis file: .off.npy exists=True
2026-04-29T10:51:46     info       Loading: . . . Analysis file: .azi.npy exists=True
2026-04-29T10:51:46     info       Loading: . . . Analysis file: .ana.npy exists=True
2026-04-29T10:51:46     info       Loaded : . . . Fold map  : Min:0 - Max:209 
2026-04-29T10:51:46     info       Loaded : . . . Min-offset: Min:22.36m - Max:4998.13m 
2026-04-29T10:51:46     info       Loaded : . . . Max-offset: Min:22.36m - Max:5158.34m 
2026-04-29T10:51:46     info       Loaded : . . . Rms-offset: Min:0.00m - Max:1376.98m 
2026-04-29T10:51:46     info       Loaded : . . . Max-gap   : Min:0.00m - Max:3274.95m 
2026-04-29T10:51:46     info       Loaded : . . . offset histogram
2026-04-29T10:51:46     info       Loaded : . . . azi-offset histogram
2026-04-29T10:51:46     info       Analysis load: fold=210, maxFold=209
2026-04-29T10:51:46     info       Analysis load: nT=8723578500, expected=8723578500, delta=0
2026-04-29T10:51:46     info       Analysis load: an2Output.shape=(671044500, 13)
2026-04-29T10:51:46     info       Loaded : . . . Analysis  : 671,044,500 traces (reserved space)
2026-04-29T10:51:46     info       Loaded : . . . read 161,894 rec-records
2026-04-29T10:51:46     info       Loaded : . . . read 51,240 src-records
2026-04-29T10:51:46     info       Loaded : . . . read 1,795,499 rel-records
2026-04-29T10:51:46     info       Loaded : . . . Analysis: 671,044,500 traces available (showing 1,000,000 at a time)
2026-04-29T10:51:50     info       Params : D:/Roll/roll_samples/Noordoostpolder/Noordoostpolder.roll survey object read, containing 282 parameters
2026-04-29T10:53:19     binning    Thread : Prepare memory mapped file for 671,044,500 traces, with nx=2630, ny=1215, fold=210
2026-04-29T10:53:39     binning    Thread : Started 'Bin from geometry', using 51,240 shot points
2026-04-29T11:12:05     binning    Thread : Binning completed. Elapsed time:0:18:27 
2026-04-29T11:12:05     binning    Thread : . . . Fold       : Min:0 - Max:209 
2026-04-29T11:12:05     binning    Thread : . . . Min-offsets: Min:22.36m - Max:4998.13m 
2026-04-29T11:12:05     binning    Thread : . . . Max-offsets: Min:22.36m - Max:5158.34m 
2026-04-29T11:12:05     binning    Thread : . . . Rms-offsets: Min:0.00m - Max:1376.98m 
2026-04-29T11:12:05     binning    Thread : . . . Max-gap   : Min:0.00m - Max:3274.95m 
2026-04-29T11:12:05     info       Loaded : . . . Analysis: 671,044,500 traces available (showing 1,000,000 at a time)
2026-04-29T11:15:05     info       Parsing: D:/Roll/roll_samples/Noordoostpolder/Noordoostpolder.roll survey object succesfully parsed
2026-04-29T11:15:06     info       Params : D:/Roll/roll_samples/Noordoostpolder/Noordoostpolder.roll survey object read, containing 282 parameters+++

2026-04-29T15:46:26     info       Plugin : Started on Windows 11 v(10.0.26200)
2026-04-29T15:46:26     info       Library: Numba version 0.64.0 available for JIT acceleration
2026-04-29T15:46:26     info       Parsing: survey object succesfully parsed
2026-04-29T15:46:26     info       Params : survey object read, containing 282 parameters
2026-04-29T15:46:30     info       Opening: D:/Roll/roll_samples/Noordoostpolder/Noordoostpolder.roll
2026-04-29T15:46:30     info       Parsing: D:/Roll/roll_samples/Noordoostpolder/Noordoostpolder.roll
2026-04-29T15:46:30     info       Parsing: D:/Roll/roll_samples/Noordoostpolder/Noordoostpolder.roll survey object succesfully parsed
2026-04-29T15:46:30     info       Reading: D:/Roll/roll_samples/Noordoostpolder/Noordoostpolder.roll, success: True
2026-04-29T15:46:30     info       Loading: D:/Roll/roll_samples/Noordoostpolder/Noordoostpolder.roll analysis files
2026-04-29T15:46:30     info       Loading: . . . Analysis dims: nx=2630, ny=1215, binSize=(10.000,20.000)
2026-04-29T15:46:30     info       Loading: . . . Analysis file: .bin.npy exists=True
2026-04-29T15:46:30     info       Loading: . . . Analysis file: .min.npy exists=True
2026-04-29T15:46:30     info       Loading: . . . Analysis file: .max.npy exists=True
2026-04-29T15:46:30     info       Loading: . . . Analysis file: .rms.npy exists=True
2026-04-29T15:46:30     info       Loading: . . . Analysis file: .gap.npy exists=True
2026-04-29T15:46:30     info       Loading: . . . Analysis file: .off.npy exists=True
2026-04-29T15:46:30     info       Loading: . . . Analysis file: .azi.npy exists=True
2026-04-29T15:46:30     info       Loading: . . . Analysis file: .ana.npy exists=True
2026-04-29T15:46:30     info       Loaded : . . . Fold map  : Min:0 - Max:209 
2026-04-29T15:46:30     info       Loaded : . . . Min-offset: Min:22.36m - Max:4998.13m 
2026-04-29T15:46:30     info       Loaded : . . . Max-offset: Min:22.36m - Max:5158.34m 
2026-04-29T15:46:30     info       Loaded : . . . Rms-offset: Min:0.00m - Max:1376.98m 
2026-04-29T15:46:30     info       Loaded : . . . Max-gap   : Min:0.00m - Max:3274.95m 
2026-04-29T15:46:30     info       Loaded : . . . offset histogram
2026-04-29T15:46:30     info       Loaded : . . . azi-offset histogram
2026-04-29T15:46:30     info       Analysis load: fold=210, maxFold=209
2026-04-29T15:46:30     info       Analysis load: nT=8723578500, expected=8723578500, delta=0
2026-04-29T15:46:30     info       Analysis load: an2Output.shape=(671044500, 13)
2026-04-29T15:46:30     info       Loaded : . . . Analysis  : 671,044,500 traces (reserved space)
2026-04-29T15:46:30     info       Loaded : . . . read 161,894 rec-records
2026-04-29T15:46:30     info       Loaded : . . . read 51,240 src-records
2026-04-29T15:46:30     info       Loaded : . . . read 1,795,499 rel-records
2026-04-29T15:46:31     info       Loaded : . . . Analysis: 671,044,500 traces available (showing 1,000,000 at a time)
2026-04-29T15:46:35     info       Params : D:/Roll/roll_samples/Noordoostpolder/Noordoostpolder.roll survey object read, containing 282 parameters
2026-04-29T15:48:19     binning    Thread : Prepare memory mapped file for 671,044,500 traces, with nx=2630, ny=1215, fold=210
2026-04-29T15:48:40     binning    Thread : Started 'Bin from templates', using 51,240 shot points
2026-04-29T16:27:28     binning    Thread : Binning completed. Elapsed time:0:38:49 
2026-04-29T16:27:28     binning    Thread : . . . Fold       : Min:1 - Max:209 
2026-04-29T16:27:28     binning    Thread : . . . Min-offsets: Min:22.36m - Max:358.47m 
2026-04-29T16:27:28     binning    Thread : . . . Max-offsets: Min:22.36m - Max:5158.34m 
2026-04-29T16:27:28     binning    Thread : . . . Rms-offsets: Min:0.00m - Max:309.82m 
2026-04-29T16:27:28     binning    Thread : . . . Max-gap   : Min:0.00m - Max:639.98m 
2026-04-29T16:27:28     info       Loaded : . . . Analysis: 671,044,500 traces available (showing 1,000,000 at a time)
2026-04-29T16:44:08     binning    Thread : Prepare memory mapped file for 671,044,500 traces, with nx=2630, ny=1215, fold=210
2026-04-29T16:44:15     binning    Thread : Started 'Bin from geometry', using 51,240 shot points
2026-04-29T17:19:28     binning    Thread : Binning completed. Elapsed time:0:35:14 
2026-04-29T17:19:28     binning    Thread : . . . Fold       : Min:0 - Max:209 
2026-04-29T17:19:28     binning    Thread : . . . Min-offsets: Min:22.36m - Max:4998.13m 
2026-04-29T17:19:28     binning    Thread : . . . Max-offsets: Min:22.36m - Max:5158.34m 
2026-04-29T17:19:28     binning    Thread : . . . Rms-offsets: Min:0.00m - Max:1376.98m 
2026-04-29T17:19:28     binning    Thread : . . . Max-gap   : Min:0.00m - Max:3274.95m 
2026-04-29T17:19:29     info       Loaded : . . . Analysis: 671,044,500 traces available (showing 1,000,000 at a time)
2026-04-29T17:23:43     info       Parsing: D:/Roll/roll_samples/Noordoostpolder/Noordoostpolder.roll survey object succesfully parsed
2026-04-29T17:23:44     info       Params : D:/Roll/roll_samples/Noordoostpolder/Noordoostpolder.roll survey object read, containing 282 parameters+++

2026-04-29T19:36:24     info       Plugin : Started on Windows 11 v(10.0.26200)
2026-04-29T19:36:24     info       Library: Numba version 0.64.0 available for JIT acceleration
2026-04-29T19:36:24     info       Parsing: survey object succesfully parsed
2026-04-29T19:36:24     info       Params : survey object read, containing 282 parameters
2026-04-29T19:37:47     info       Parsing: survey object succesfully parsed
2026-04-29T19:37:48     info       Params : survey object read, containing 282 parameters+++

2026-04-29T22:52:07     info       Plugin : Started on Windows 11 v(10.0.26200)
2026-04-29T22:52:07     info       Library: Numba version 0.64.0 available for JIT acceleration
2026-04-29T22:52:07     info       Parsing: survey object succesfully parsed
2026-04-29T22:52:07     info       Params : survey object read, containing 282 parameters
2026-04-29T22:52:11     info       Opening: D:/Roll/roll_testing/Chris/Miyan3D.roll
2026-04-29T22:52:11     info       Parsing: D:/Roll/roll_testing/Chris/Miyan3D.roll
2026-04-29T22:52:11     info       Parsing: D:/Roll/roll_testing/Chris/Miyan3D.roll survey object succesfully parsed
2026-04-29T22:52:11     info       Reading: D:/Roll/roll_testing/Chris/Miyan3D.roll, success: True
2026-04-29T22:52:11     info       Loading: D:/Roll/roll_testing/Chris/Miyan3D.roll analysis files
2026-04-29T22:52:11     info       Loading: . . . Analysis dims: nx=544, ny=480, binSize=(25.000,25.000)
2026-04-29T22:52:11     info       Loading: . . . Analysis file: .bin.npy exists=True
2026-04-29T22:52:11     info       Loading: . . . Analysis file: .min.npy exists=True
2026-04-29T22:52:11     info       Loading: . . . Analysis file: .max.npy exists=True
2026-04-29T22:52:11     info       Loading: . . . Analysis file: .rms.npy exists=True
2026-04-29T22:52:11     info       Loading: . . . Analysis file: .gap.npy exists=True
2026-04-29T22:52:11     info       Loading: . . . Analysis file: .off.npy exists=True
2026-04-29T22:52:11     info       Loading: . . . Analysis file: .azi.npy exists=True
2026-04-29T22:52:11     info       Loading: . . . Analysis file: .ana.npy exists=True
2026-04-29T22:52:11     info       Loaded : . . . Fold map  : Min:0 - Max:40 
2026-04-29T22:52:11     info       Loaded : . . . Min-offset: Min:17.68m - Max:1537.14m 
2026-04-29T22:52:11     info       Loaded : . . . Max-offset: Min:17.68m - Max:3517.50m 
2026-04-29T22:52:11     info       Loaded : . . . Rms-offset: Min:0.00m - Max:374.98m 
2026-04-29T22:52:11     info       Loaded : . . . Max-gap   : Min:0.00m - Max:774.99m 
2026-04-29T22:52:11     info       Loaded : . . . offset histogram
2026-04-29T22:52:11     info       Loaded : . . . azi-offset histogram
2026-04-29T22:52:11     info       Analysis load: fold=50, maxFold=40
2026-04-29T22:52:11     info       Analysis load: nT=169728000, expected=169728000, delta=0
2026-04-29T22:52:11     info       Analysis load: an2Output.shape=(13056000, 13)
2026-04-29T22:52:11     info       Loaded : . . . Analysis  : 13,056,000 traces (reserved space)
2026-04-29T22:52:11     info       Loaded : . . . read 11,152 rps-records
2026-04-29T22:52:11     info       Loaded : . . . read 7,560 sps-records
2026-04-29T22:52:11     info       Loaded : . . . read 73,500 xps-records
2026-04-29T22:52:11     info       Loaded : . . . read 11,152 rec-records
2026-04-29T22:52:11     info       Loaded : . . . read 7,560 src-records
2026-04-29T22:52:11     info       Loaded : . . . read 73,500 rel-records
2026-04-29T22:52:11     info       Loaded : . . . Analysis: 13,056,000 traces available (showing 1,000,000 at a time)
2026-04-29T22:52:12     info       Params : D:/Roll/roll_testing/Chris/Miyan3D.roll survey object read, containing 282 parameters
2026-04-29T22:52:44     info       Opening: D:/Roll/roll_samples/wells/Wells-well.roll
2026-04-29T22:52:44     info       Parsing: D:/Roll/roll_samples/wells/Wells-well.roll
2026-04-29T22:52:44     info       Parsing: D:/Roll/roll_samples/wells/Wells-well.roll survey object succesfully parsed
2026-04-29T22:52:44     info       Reading: D:/Roll/roll_samples/wells/Wells-well.roll, success: True
2026-04-29T22:52:45     info       Loading: D:/Roll/roll_samples/wells/Wells-well.roll analysis files
2026-04-29T22:52:45     info       Loading: . . . Analysis dims: nx=10, ny=16, binSize=(25.000,25.000)
2026-04-29T22:52:45     info       Loading: . . . Analysis file: .bin.npy exists=True
2026-04-29T22:52:45     info       Loading: . . . Analysis file: .min.npy exists=True
2026-04-29T22:52:45     info       Loading: . . . Analysis file: .max.npy exists=True
2026-04-29T22:52:45     info       Loading: . . . Analysis file: .rms.npy exists=True
2026-04-29T22:52:45     info       Loading: . . . Analysis file: .gap.npy exists=False
2026-04-29T22:52:45     info       Loading: . . . Analysis file: .off.npy exists=True
2026-04-29T22:52:45     info       Loading: . . . Analysis file: .azi.npy exists=True
2026-04-29T22:52:45     info       Loading: . . . Analysis file: .ana.npy exists=True
2026-04-29T22:52:45     info       Loaded : . . . Fold map  : Min:10 - Max:30 
2026-04-29T22:52:45     info       Loaded : . . . Min-offset: Min:35.36m - Max:617.45m 
2026-04-29T22:52:45     info       Loaded : . . . Max-offset: Min:2314.36m - Max:2593.50m 
2026-04-29T22:52:45     info       Loaded : . . . Rms-offset: Min:37.70m - Max:182.23m 
2026-04-29T22:52:45     info       Loaded : . . . offset histogram
2026-04-29T22:52:45     info       Loaded : . . . azi-offset histogram
2026-04-29T22:52:45     info       Analysis load: fold=50, maxFold=30
2026-04-29T22:52:45     info       Analysis load: nT=104000, expected=104000, delta=0
2026-04-29T22:52:45     info       Analysis load: an2Output.shape=(8000, 13)
2026-04-29T22:52:45     info       Loaded : . . . Analysis  : 8,000 traces (reserved space)
2026-04-29T22:52:45     info       Loaded : . . . Analysis: 8,000 traces displayed in Trace Table
2026-04-29T22:52:46     info       Params : D:/Roll/roll_samples/wells/Wells-well.roll survey object read, containing 636 parameters
2026-04-29T22:53:07     info       Opening: D:/Roll/roll_samples/Noordoostpolder/Noordoostpolder.roll
2026-04-29T22:53:07     info       Parsing: D:/Roll/roll_samples/Noordoostpolder/Noordoostpolder.roll
2026-04-29T22:53:07     info       Parsing: D:/Roll/roll_samples/Noordoostpolder/Noordoostpolder.roll survey object succesfully parsed
2026-04-29T22:53:07     info       Reading: D:/Roll/roll_samples/Noordoostpolder/Noordoostpolder.roll, success: True
2026-04-29T22:53:07     info       Loading: D:/Roll/roll_samples/Noordoostpolder/Noordoostpolder.roll analysis files
2026-04-29T22:53:08     info       Loading: . . . Analysis dims: nx=2630, ny=1215, binSize=(10.000,20.000)
2026-04-29T22:53:08     info       Loading: . . . Analysis file: .bin.npy exists=True
2026-04-29T22:53:08     info       Loading: . . . Analysis file: .min.npy exists=True
2026-04-29T22:53:08     info       Loading: . . . Analysis file: .max.npy exists=True
2026-04-29T22:53:08     info       Loading: . . . Analysis file: .rms.npy exists=True
2026-04-29T22:53:08     info       Loading: . . . Analysis file: .gap.npy exists=True
2026-04-29T22:53:08     info       Loading: . . . Analysis file: .off.npy exists=True
2026-04-29T22:53:08     info       Loading: . . . Analysis file: .azi.npy exists=True
2026-04-29T22:53:08     info       Loading: . . . Analysis file: .ana.npy exists=True
2026-04-29T22:53:08     info       Loaded : . . . Fold map  : Min:0 - Max:209 
2026-04-29T22:53:08     info       Loaded : . . . Min-offset: Min:22.36m - Max:4998.13m 
2026-04-29T22:53:08     info       Loaded : . . . Max-offset: Min:22.36m - Max:5158.34m 
2026-04-29T22:53:08     info       Loaded : . . . Rms-offset: Min:0.00m - Max:1376.98m 
2026-04-29T22:53:08     info       Loaded : . . . Max-gap   : Min:0.00m - Max:3274.95m 
2026-04-29T22:53:08     info       Loaded : . . . offset histogram
2026-04-29T22:53:08     info       Loaded : . . . azi-offset histogram
2026-04-29T22:53:08     info       Analysis load: fold=210, maxFold=209
2026-04-29T22:53:08     info       Analysis load: nT=8723578500, expected=8723578500, delta=0
2026-04-29T22:53:08     info       Analysis load: an2Output.shape=(671044500, 13)
2026-04-29T22:53:08     info       Loaded : . . . Analysis  : 671,044,500 traces (reserved space)
2026-04-29T22:53:08     info       Loaded : . . . read 161,894 rec-records
2026-04-29T22:53:08     info       Loaded : . . . read 51,240 src-records
2026-04-29T22:53:08     info       Loaded : . . . read 1,795,499 rel-records
2026-04-29T22:53:08     info       Loaded : . . . Analysis: 671,044,500 traces available (showing 1,000,000 at a time)
2026-04-29T22:53:12     info       Params : D:/Roll/roll_samples/Noordoostpolder/Noordoostpolder.roll survey object read, containing 282 parameters
2026-04-29T23:03:45     info       Parsing: D:/Roll/roll_samples/Noordoostpolder/Noordoostpolder.roll survey object succesfully parsed
2026-04-29T23:03:45     info       Params : D:/Roll/roll_samples/Noordoostpolder/Noordoostpolder.roll survey object read, containing 282 parameters+++

2026-05-01T12:09:51     info       Plugin : Started on Windows 11 v(10.0.26200)
2026-05-01T12:09:51     warning    Library: Numba not available, running pure Python code only
2026-05-01T12:09:51     warning    Library: Debugpy not available, (remote) debugging will not work
2026-05-01T12:09:51     info       Parsing: survey object succesfully parsed
2026-05-01T12:09:52     info       Params : survey object read, containing 282 parameters
2026-05-01T12:09:57     info       Opening: D:/Roll/roll_samples/Noordoostpolder/Noordoostpolder.roll
2026-05-01T12:09:57     info       Parsing: D:/Roll/roll_samples/Noordoostpolder/Noordoostpolder.roll
2026-05-01T12:09:57     info       Parsing: D:/Roll/roll_samples/Noordoostpolder/Noordoostpolder.roll survey object succesfully parsed
2026-05-01T12:09:57     info       Reading: D:/Roll/roll_samples/Noordoostpolder/Noordoostpolder.roll, success: True
2026-05-01T12:09:57     info       Loading: D:/Roll/roll_samples/Noordoostpolder/Noordoostpolder.roll analysis files
2026-05-01T12:09:57     info       Loading: . . . Analysis dims: nx=2630, ny=1215, binSize=(10.000,20.000)
2026-05-01T12:09:57     info       Loading: . . . Analysis file: .bin.npy exists=True
2026-05-01T12:09:57     info       Loading: . . . Analysis file: .min.npy exists=True
2026-05-01T12:09:57     info       Loading: . . . Analysis file: .max.npy exists=True
2026-05-01T12:09:57     info       Loading: . . . Analysis file: .rms.npy exists=True
2026-05-01T12:09:57     info       Loading: . . . Analysis file: .gap.npy exists=True
2026-05-01T12:09:57     info       Loading: . . . Analysis file: .off.npy exists=True
2026-05-01T12:09:57     info       Loading: . . . Analysis file: .azi.npy exists=True
2026-05-01T12:09:57     info       Loading: . . . Analysis file: .ana.npy exists=True
2026-05-01T12:09:57     info       Loaded : . . . Fold map  : Min:0 - Max:209 
2026-05-01T12:09:57     info       Loaded : . . . Min-offset: Min:22.36m - Max:4998.13m 
2026-05-01T12:09:57     info       Loaded : . . . Max-offset: Min:22.36m - Max:5158.34m 
2026-05-01T12:09:57     info       Loaded : . . . Rms-offset: Min:0.00m - Max:1376.98m 
2026-05-01T12:09:57     info       Loaded : . . . Max-gap   : Min:0.00m - Max:3274.95m 
2026-05-01T12:09:57     info       Loaded : . . . offset histogram
2026-05-01T12:09:57     info       Loaded : . . . azi-offset histogram
2026-05-01T12:09:57     info       Analysis load: fold=210, maxFold=209
2026-05-01T12:09:57     info       Analysis load: nT=10736712000, expected=10736712000, delta=0
2026-05-01T12:09:57     info       Analysis load: an2Output.shape=(671044500, 16)
2026-05-01T12:09:57     info       Loaded : . . . Analysis  : 671,044,500 traces (reserved space)
2026-05-01T12:09:57     info       Loaded : . . . read 161,894 rec-records
2026-05-01T12:09:57     info       Loaded : . . . read 51,240 src-records
2026-05-01T12:09:57     info       Loaded : . . . read 1,795,499 rel-records
2026-05-01T12:09:57     info       Loaded : . . . Analysis: 671,044,500 traces available (showing 1,000,000 at a time)
2026-05-01T12:10:01     info       Params : D:/Roll/roll_samples/Noordoostpolder/Noordoostpolder.roll survey object read, containing 282 parameters
2026-05-01T12:10:17     binning    Starting full binning from geometry; preparing worker thread...
2026-05-01T12:10:17     binning    Thread : Prepare memory mapped file for 671,044,500 traces, with nx=2630, ny=1215, fold=210
2026-05-01T12:10:41     binning    Thread : Started 'Bin from geometry', using 51,240 shot points
2026-05-01T12:33:00     binning    Thread : Binning completed. Elapsed time:0:22:19 
2026-05-01T12:33:00     binning    Thread : . . . Fold       : Min:0 - Max:209 
2026-05-01T12:33:00     binning    Thread : . . . Min-offsets: Min:22.36m - Max:4998.13m 
2026-05-01T12:33:00     binning    Thread : . . . Max-offsets: Min:22.36m - Max:5158.34m 
2026-05-01T12:33:00     binning    Thread : . . . Rms-offsets: Min:0.00m - Max:1376.98m 
2026-05-01T12:33:00     binning    Thread : . . . Max-gap   : Min:0.00m - Max:3274.95m 
2026-05-01T12:33:00     info       Loaded : . . . Analysis: 671,044,500 traces available (showing 1,000,000 at a time)
2026-05-01T12:49:34     info       Parsing: D:/Roll/roll_samples/Noordoostpolder/Noordoostpolder.roll survey object succesfully parsed
2026-05-01T12:49:35     info       Params : D:/Roll/roll_samples/Noordoostpolder/Noordoostpolder.roll survey object read, containing 282 parameters+++

2026-05-01T20:48:34     info       Plugin : Started on Windows 11 v(10.0.26200)
2026-05-01T20:48:34     info       Library: Numba version 0.64.0 available for JIT acceleration
2026-05-01T20:48:34     info       Parsing: survey object succesfully parsed
2026-05-01T20:48:34     info       Params : survey object read, containing 282 parameters
2026-05-01T20:48:44     info       Opening: D:/Roll/roll_samples/Noordoostpolder/Noordoostpolder.roll
2026-05-01T20:48:44     info       Parsing: D:/Roll/roll_samples/Noordoostpolder/Noordoostpolder.roll
2026-05-01T20:48:44     info       Parsing: D:/Roll/roll_samples/Noordoostpolder/Noordoostpolder.roll survey object succesfully parsed
2026-05-01T20:48:44     info       Reading: D:/Roll/roll_samples/Noordoostpolder/Noordoostpolder.roll, success: True
2026-05-01T20:48:44     info       Loading: D:/Roll/roll_samples/Noordoostpolder/Noordoostpolder.roll analysis files
2026-05-01T20:48:44     info       Loading: . . . Analysis dims: nx=2630, ny=1215, binSize=(10.000,20.000)
2026-05-01T20:48:44     info       Loading: . . . Analysis file: .bin.npy exists=True
2026-05-01T20:48:44     info       Loading: . . . Analysis file: .min.npy exists=True
2026-05-01T20:48:44     info       Loading: . . . Analysis file: .max.npy exists=True
2026-05-01T20:48:44     info       Loading: . . . Analysis file: .rms.npy exists=True
2026-05-01T20:48:44     info       Loading: . . . Analysis file: .gap.npy exists=True
2026-05-01T20:48:44     info       Loading: . . . Analysis file: .off.npy exists=True
2026-05-01T20:48:44     info       Loading: . . . Analysis file: .azi.npy exists=True
2026-05-01T20:48:44     info       Loading: . . . Analysis file: .ana.npy exists=True
2026-05-01T20:48:44     info       Loaded : . . . Fold map  : Min:0 - Max:209 
2026-05-01T20:48:44     info       Loaded : . . . Min-offset: Min:22.36m - Max:4998.13m 
2026-05-01T20:48:44     info       Loaded : . . . Max-offset: Min:22.36m - Max:5158.34m 
2026-05-01T20:48:44     info       Loaded : . . . Rms-offset: Min:0.00m - Max:1376.98m 
2026-05-01T20:48:44     info       Loaded : . . . Max-gap   : Min:0.00m - Max:3274.95m 
2026-05-01T20:48:44     info       Loaded : . . . offset histogram
2026-05-01T20:48:44     info       Loaded : . . . azi-offset histogram
2026-05-01T20:48:44     info       Analysis load: fold=210, maxFold=209
2026-05-01T20:48:44     info       Analysis load: nT=10736712000, expected=10736712000, delta=0
2026-05-01T20:48:44     info       Analysis load: an2Output.shape=(671044500, 16)
2026-05-01T20:48:44     info       Loaded : . . . Analysis  : 671,044,500 traces (reserved space)
2026-05-01T20:48:44     info       Loaded : . . . read 161,894 rec-records
2026-05-01T20:48:44     info       Loaded : . . . read 51,240 src-records
2026-05-01T20:48:44     info       Loaded : . . . read 1,795,499 rel-records
2026-05-01T20:48:44     info       Loaded : . . . Analysis: 671,044,500 traces available (showing 1,000,000 at a time)
2026-05-01T20:48:48     info       Params : D:/Roll/roll_samples/Noordoostpolder/Noordoostpolder.roll survey object read, containing 282 parameters
2026-05-01T21:44:31     info       Parsing: D:/Roll/roll_samples/Noordoostpolder/Noordoostpolder.roll survey object succesfully parsed
2026-05-01T21:44:31     info       Params : D:/Roll/roll_samples/Noordoostpolder/Noordoostpolder.roll survey object read, containing 282 parameters+++

2026-05-01T21:51:56     binning    Starting full binning from templates; preparing worker thread...
2026-05-01T21:51:56     binning    Thread : Prepare memory mapped file for 671,044,500 traces, with nx=2630, ny=1215, fold=210
2026-05-01T21:52:23     binning    Thread : Started 'Bin from templates', using 51,240 shot points
2026-05-01T21:52:25     info       Binning: showUnfinished=False -> binTemplate7, fullAnalysis=True
2026-05-01T22:50:12     binning    Thread : Binning completed. Elapsed time:0:57:50 
2026-05-01T22:50:12     binning    Thread : . . . Fold       : Min:1 - Max:209 
2026-05-01T22:50:12     binning    Thread : . . . Min-offsets: Min:22.36m - Max:358.47m 
2026-05-01T22:50:12     binning    Thread : . . . Max-offsets: Min:22.36m - Max:5158.34m 
2026-05-01T22:50:12     binning    Thread : . . . Rms-offsets: Min:0.00m - Max:309.82m 
2026-05-01T22:50:12     binning    Thread : . . . Max-gap   : Min:0.00m - Max:639.98m 
2026-05-01T22:50:13     info       Loaded : . . . Analysis: 671,044,500 traces available (showing 1,000,000 at a time)
2026-05-01T22:51:52     info       Parsing: D:/Roll/roll_samples/Noordoostpolder/Noordoostpolder.roll survey object succesfully parsed
2026-05-01T22:51:53     info       Params : D:/Roll/roll_samples/Noordoostpolder/Noordoostpolder.roll survey object read, containing 282 parameters+++

2026-05-01T22:51:56     info       Plugin : Started on Windows 11 v(10.0.26200)
2026-05-01T22:51:56     info       Library: Numba version 0.64.0 available for JIT acceleration
2026-05-01T22:51:56     info       Parsing: survey object succesfully parsed
2026-05-01T22:51:57     info       Params : survey object read, containing 282 parameters
2026-05-01T22:52:02     info       Opening: D:/Roll/roll_samples/Noordoostpolder/Noordoostpolder.roll
2026-05-01T22:52:02     info       Parsing: D:/Roll/roll_samples/Noordoostpolder/Noordoostpolder.roll
2026-05-01T22:52:02     info       Parsing: D:/Roll/roll_samples/Noordoostpolder/Noordoostpolder.roll survey object succesfully parsed
2026-05-01T22:52:02     info       Reading: D:/Roll/roll_samples/Noordoostpolder/Noordoostpolder.roll, success: True
2026-05-01T22:52:02     info       Loading: D:/Roll/roll_samples/Noordoostpolder/Noordoostpolder.roll analysis files
2026-05-01T22:52:02     info       Loading: . . . Analysis dims: nx=2630, ny=1215, binSize=(10.000,20.000)
2026-05-01T22:52:02     info       Loading: . . . Analysis file: .bin.npy exists=True
2026-05-01T22:52:02     info       Loading: . . . Analysis file: .min.npy exists=True
2026-05-01T22:52:02     info       Loading: . . . Analysis file: .max.npy exists=True
2026-05-01T22:52:02     info       Loading: . . . Analysis file: .rms.npy exists=True
2026-05-01T22:52:02     info       Loading: . . . Analysis file: .gap.npy exists=True
2026-05-01T22:52:02     info       Loading: . . . Analysis file: .off.npy exists=True
2026-05-01T22:52:02     info       Loading: . . . Analysis file: .azi.npy exists=True
2026-05-01T22:52:02     info       Loading: . . . Analysis file: .ana.npy exists=True
2026-05-01T22:52:02     info       Loaded : . . . Fold map  : Min:1 - Max:209 
2026-05-01T22:52:02     info       Loaded : . . . Min-offset: Min:22.36m - Max:358.47m 
2026-05-01T22:52:02     info       Loaded : . . . Max-offset: Min:22.36m - Max:5158.34m 
2026-05-01T22:52:02     info       Loaded : . . . Rms-offset: Min:0.00m - Max:309.82m 
2026-05-01T22:52:02     info       Loaded : . . . Max-gap   : Min:0.00m - Max:639.98m 
2026-05-01T22:52:02     info       Loaded : . . . offset histogram
2026-05-01T22:52:02     info       Loaded : . . . azi-offset histogram
2026-05-01T22:52:02     info       Analysis load: fold=210, maxFold=209
2026-05-01T22:52:02     info       Analysis load: nT=10736712000, expected=10736712000, delta=0
2026-05-01T22:52:02     info       Analysis load: an2Output.shape=(671044500, 16)
2026-05-01T22:52:02     info       Loaded : . . . Analysis  : 671,044,500 traces (reserved space)
2026-05-01T22:52:02     info       Loaded : . . . read 161,894 rec-records
2026-05-01T22:52:02     info       Loaded : . . . read 51,240 src-records
2026-05-01T22:52:02     info       Loaded : . . . read 1,795,499 rel-records
2026-05-01T22:52:02     info       Loaded : . . . Analysis: 671,044,500 traces available (showing 1,000,000 at a time)
2026-05-01T22:52:06     info       Params : D:/Roll/roll_samples/Noordoostpolder/Noordoostpolder.roll survey object read, containing 282 parameters
2026-05-01T22:52:20     binning    Starting full binning from templates; preparing worker thread...
2026-05-01T22:52:20     binning    Thread : Prepare memory mapped file for 671,044,500 traces, with nx=2630, ny=1215, fold=210
2026-05-01T22:52:32     binning    Thread : Started 'Bin from templates', using 51,240 shot points
2026-05-01T22:52:34     info       Binning: showUnfinished=True -> binTemplate9, fullAnalysis=True
2026-05-01T23:40:52     warning    Thread : User interrupted worker thread
2026-05-01T23:40:59     warning    Thread : worker thread is still running; waiting for thread to finish
2026-05-01T23:40:59     warning    Thread : Worker thread has stopped
2026-05-01T23:52:44     info       Parsing: D:/Roll/roll_samples/Noordoostpolder/Noordoostpolder.roll survey object succesfully parsed
2026-05-01T23:52:45     info       Params : D:/Roll/roll_samples/Noordoostpolder/Noordoostpolder.roll survey object read, containing 282 parameters+++

2026-05-02T09:49:29     info       Plugin : Started on Windows 11 v(10.0.26200)
2026-05-02T09:49:29     info       Library: Numba version 0.64.0 available for JIT acceleration
2026-05-02T09:49:29     info       Parsing: survey object succesfully parsed
2026-05-02T09:49:29     info       Params : survey object read, containing 282 parameters
2026-05-02T09:49:35     info       Opening: D:/Roll/roll_samples/Noordoostpolder/Noordoostpolder.roll
2026-05-02T09:49:35     info       Parsing: D:/Roll/roll_samples/Noordoostpolder/Noordoostpolder.roll
2026-05-02T09:49:35     info       Parsing: D:/Roll/roll_samples/Noordoostpolder/Noordoostpolder.roll survey object succesfully parsed
2026-05-02T09:49:35     info       Reading: D:/Roll/roll_samples/Noordoostpolder/Noordoostpolder.roll, success: True
2026-05-02T09:49:35     info       Loading: D:/Roll/roll_samples/Noordoostpolder/Noordoostpolder.roll analysis files
2026-05-02T09:49:35     info       Loading: . . . Analysis dims: nx=2630, ny=1215, binSize=(10.000,20.000)
2026-05-02T09:49:35     info       Loading: . . . Analysis file: .bin.npy exists=True
2026-05-02T09:49:35     info       Loading: . . . Analysis file: .min.npy exists=True
2026-05-02T09:49:35     info       Loading: . . . Analysis file: .max.npy exists=True
2026-05-02T09:49:35     info       Loading: . . . Analysis file: .rms.npy exists=True
2026-05-02T09:49:35     info       Loading: . . . Analysis file: .gap.npy exists=True
2026-05-02T09:49:35     info       Loading: . . . Analysis file: .off.npy exists=True
2026-05-02T09:49:35     info       Loading: . . . Analysis file: .azi.npy exists=True
2026-05-02T09:49:35     info       Loading: . . . Analysis file: .ana.npy exists=True
2026-05-02T09:49:35     info       Loaded : . . . Fold map  : Min:1 - Max:209 
2026-05-02T09:49:35     info       Loaded : . . . Min-offset: Min:22.36m - Max:358.47m 
2026-05-02T09:49:35     info       Loaded : . . . Max-offset: Min:22.36m - Max:5158.34m 
2026-05-02T09:49:35     info       Loaded : . . . Rms-offset: Min:0.00m - Max:309.82m 
2026-05-02T09:49:35     info       Loaded : . . . Max-gap   : Min:0.00m - Max:639.98m 
2026-05-02T09:49:35     info       Loaded : . . . offset histogram
2026-05-02T09:49:35     info       Loaded : . . . azi-offset histogram
2026-05-02T09:49:35     info       Analysis load: fold=210, maxFold=209
2026-05-02T09:49:35     info       Analysis load: nT=10736712000, expected=10736712000, delta=0
2026-05-02T09:49:35     info       Analysis load: an2Output.shape=(671044500, 16)
2026-05-02T09:49:35     info       Loaded : . . . Analysis  : 671,044,500 traces (reserved space)
2026-05-02T09:49:35     info       Loaded : . . . read 161,894 rec-records
2026-05-02T09:49:35     info       Loaded : . . . read 51,240 src-records
2026-05-02T09:49:35     info       Loaded : . . . read 1,795,499 rel-records
2026-05-02T09:49:35     info       Loaded : . . . Analysis: 671,044,500 traces available (showing 1,000,000 at a time)
2026-05-02T09:49:39     info       Params : D:/Roll/roll_samples/Noordoostpolder/Noordoostpolder.roll survey object read, containing 282 parameters
2026-05-02T09:49:58     binning    Starting full binning from geometry; preparing worker thread...
2026-05-02T09:49:58     binning    Thread : Prepare memory mapped file for 671,044,500 traces, with nx=2630, ny=1215, fold=210
2026-05-02T09:50:24     binning    Thread : Started 'Bin from geometry', using 51,240 shot points
2026-05-02T09:50:27     info       Binning: showUnfinished=True, hasRel=True -> binFromGeometry10, fullAnalysis=True
2026-05-02T10:20:41     binning    Thread : Binning completed. Elapsed time:0:30:17 
2026-05-02T10:20:41     binning    Thread : . . . Fold       : Min:0 - Max:209 
2026-05-02T10:20:41     binning    Thread : . . . Min-offsets: Min:22.36m - Max:4998.13m 
2026-05-02T10:20:41     binning    Thread : . . . Max-offsets: Min:22.36m - Max:5158.34m 
2026-05-02T10:20:41     binning    Thread : . . . Rms-offsets: Min:0.00m - Max:1376.98m 
2026-05-02T10:20:41     binning    Thread : . . . Max-gap   : Min:0.00m - Max:3274.95m 
2026-05-02T10:20:41     info       Loaded : . . . Analysis: 671,044,500 traces available (showing 1,000,000 at a time)
2026-05-02T11:08:57     info       Parsing: D:/Roll/roll_samples/Noordoostpolder/Noordoostpolder.roll survey object succesfully parsed
2026-05-02T11:08:57     info       Params : D:/Roll/roll_samples/Noordoostpolder/Noordoostpolder.roll survey object read, containing 282 parameters+++

2026-05-02T11:09:06     info       Plugin : Started on Windows 11 v(10.0.26200)
2026-05-02T11:09:06     info       Library: Numba version 0.64.0 available for JIT acceleration
2026-05-02T11:09:06     info       Parsing: survey object succesfully parsed
2026-05-02T11:09:06     info       Params : survey object read, containing 282 parameters
2026-05-02T11:09:13     info       Opening: D:/Roll/roll_samples/Noordoostpolder/Noordoostpolder.roll
2026-05-02T11:09:13     info       Parsing: D:/Roll/roll_samples/Noordoostpolder/Noordoostpolder.roll
2026-05-02T11:09:13     info       Parsing: D:/Roll/roll_samples/Noordoostpolder/Noordoostpolder.roll survey object succesfully parsed
2026-05-02T11:09:13     info       Reading: D:/Roll/roll_samples/Noordoostpolder/Noordoostpolder.roll, success: True
2026-05-02T11:09:13     info       Loading: D:/Roll/roll_samples/Noordoostpolder/Noordoostpolder.roll analysis files
2026-05-02T11:09:13     info       Loading: . . . Analysis dims: nx=2630, ny=1215, binSize=(10.000,20.000)
2026-05-02T11:09:13     info       Loading: . . . Analysis file: .bin.npy exists=True
2026-05-02T11:09:13     info       Loading: . . . Analysis file: .min.npy exists=True
2026-05-02T11:09:13     info       Loading: . . . Analysis file: .max.npy exists=True
2026-05-02T11:09:13     info       Loading: . . . Analysis file: .rms.npy exists=True
2026-05-02T11:09:13     info       Loading: . . . Analysis file: .gap.npy exists=True
2026-05-02T11:09:13     info       Loading: . . . Analysis file: .off.npy exists=True
2026-05-02T11:09:13     info       Loading: . . . Analysis file: .azi.npy exists=True
2026-05-02T11:09:13     info       Loading: . . . Analysis file: .ana.npy exists=True
2026-05-02T11:09:13     info       Loaded : . . . Fold map  : Min:0 - Max:209 
2026-05-02T11:09:13     info       Loaded : . . . Min-offset: Min:22.36m - Max:4998.13m 
2026-05-02T11:09:13     info       Loaded : . . . Max-offset: Min:22.36m - Max:5158.34m 
2026-05-02T11:09:13     info       Loaded : . . . Rms-offset: Min:0.00m - Max:1376.98m 
2026-05-02T11:09:13     info       Loaded : . . . Max-gap   : Min:0.00m - Max:3274.95m 
2026-05-02T11:09:13     info       Loaded : . . . offset histogram
2026-05-02T11:09:13     info       Loaded : . . . azi-offset histogram
2026-05-02T11:09:13     info       Analysis load: fold=210, maxFold=209
2026-05-02T11:09:13     info       Analysis load: nT=10736712000, expected=10736712000, delta=0
2026-05-02T11:09:13     info       Analysis load: an2Output.shape=(671044500, 16)
2026-05-02T11:09:13     info       Loaded : . . . Analysis  : 671,044,500 traces (reserved space)
2026-05-02T11:09:13     info       Loaded : . . . read 161,894 rec-records
2026-05-02T11:09:13     info       Loaded : . . . read 51,240 src-records
2026-05-02T11:09:13     info       Loaded : . . . read 1,795,499 rel-records
2026-05-02T11:09:13     info       Loaded : . . . Analysis: 671,044,500 traces available (showing 1,000,000 at a time)
2026-05-02T11:09:17     info       Params : D:/Roll/roll_samples/Noordoostpolder/Noordoostpolder.roll survey object read, containing 282 parameters
2026-05-02T11:09:25     binning    Starting full binning from templates; preparing worker thread...
2026-05-02T11:09:25     binning    Thread : Prepare memory mapped file for 671,044,500 traces, with nx=2630, ny=1215, fold=210
2026-05-02T11:09:36     binning    Thread : Started 'Bin from templates', using 51,240 shot points
2026-05-02T11:09:38     info       Binning: showUnfinished=True -> binTemplate10, fullAnalysis=True
2026-05-02T12:06:58     binning    Thread : Binning completed. Elapsed time:0:57:23 
2026-05-02T12:06:58     binning    Thread : . . . Fold       : Min:1 - Max:209 
2026-05-02T12:06:58     binning    Thread : . . . Min-offsets: Min:22.36m - Max:358.47m 
2026-05-02T12:06:58     binning    Thread : . . . Max-offsets: Min:22.36m - Max:5158.34m 
2026-05-02T12:06:58     binning    Thread : . . . Rms-offsets: Min:0.00m - Max:309.82m 
2026-05-02T12:06:58     binning    Thread : . . . Max-gap   : Min:0.00m - Max:639.98m 
2026-05-02T12:06:59     info       Loaded : . . . Analysis: 671,044,500 traces available (showing 1,000,000 at a time)
2026-05-02T12:33:29     info       Parsing: D:/Roll/roll_samples/Noordoostpolder/Noordoostpolder.roll survey object succesfully parsed
2026-05-02T12:33:29     info       Params : D:/Roll/roll_samples/Noordoostpolder/Noordoostpolder.roll survey object read, containing 282 parameters+++

2026-05-02T12:33:35     info       Plugin : Started on Windows 11 v(10.0.26200)
2026-05-02T12:33:35     info       Library: Numba version 0.64.0 available for JIT acceleration
2026-05-02T12:33:35     info       Parsing: survey object succesfully parsed
2026-05-02T12:33:35     info       Params : survey object read, containing 282 parameters
2026-05-02T12:33:53     info       Opening: D:/Roll/roll_samples/Noordoostpolder/Noordoostpolder.roll
2026-05-02T12:33:53     info       Parsing: D:/Roll/roll_samples/Noordoostpolder/Noordoostpolder.roll
2026-05-02T12:33:53     info       Parsing: D:/Roll/roll_samples/Noordoostpolder/Noordoostpolder.roll survey object succesfully parsed
2026-05-02T12:33:53     info       Reading: D:/Roll/roll_samples/Noordoostpolder/Noordoostpolder.roll, success: True
2026-05-02T12:33:53     info       Loading: D:/Roll/roll_samples/Noordoostpolder/Noordoostpolder.roll analysis files
2026-05-02T12:33:53     info       Loading: . . . Analysis dims: nx=2630, ny=1215, binSize=(10.000,20.000)
2026-05-02T12:33:53     info       Loading: . . . Analysis file: .bin.npy exists=True
2026-05-02T12:33:53     info       Loading: . . . Analysis file: .min.npy exists=True
2026-05-02T12:33:53     info       Loading: . . . Analysis file: .max.npy exists=True
2026-05-02T12:33:53     info       Loading: . . . Analysis file: .rms.npy exists=True
2026-05-02T12:33:53     info       Loading: . . . Analysis file: .gap.npy exists=True
2026-05-02T12:33:53     info       Loading: . . . Analysis file: .off.npy exists=True
2026-05-02T12:33:53     info       Loading: . . . Analysis file: .azi.npy exists=True
2026-05-02T12:33:53     info       Loading: . . . Analysis file: .ana.npy exists=True
2026-05-02T12:33:53     info       Loaded : . . . Fold map  : Min:1 - Max:209 
2026-05-02T12:33:53     info       Loaded : . . . Min-offset: Min:22.36m - Max:358.47m 
2026-05-02T12:33:53     info       Loaded : . . . Max-offset: Min:22.36m - Max:5158.34m 
2026-05-02T12:33:53     info       Loaded : . . . Rms-offset: Min:0.00m - Max:309.82m 
2026-05-02T12:33:53     info       Loaded : . . . Max-gap   : Min:0.00m - Max:639.98m 
2026-05-02T12:33:53     info       Loaded : . . . offset histogram
2026-05-02T12:33:53     info       Loaded : . . . azi-offset histogram
2026-05-02T12:33:53     info       Analysis load: fold=210, maxFold=209
2026-05-02T12:33:53     info       Analysis load: nT=10736712000, expected=10736712000, delta=0
2026-05-02T12:33:53     info       Analysis load: an2Output.shape=(671044500, 16)
2026-05-02T12:33:53     info       Loaded : . . . Analysis  : 671,044,500 traces (reserved space)
2026-05-02T12:33:53     info       Loaded : . . . read 161,894 rec-records
2026-05-02T12:33:53     info       Loaded : . . . read 51,240 src-records
2026-05-02T12:33:53     info       Loaded : . . . read 1,795,499 rel-records
2026-05-02T12:33:53     info       Loaded : . . . Analysis: 671,044,500 traces available (showing 1,000,000 at a time)
2026-05-02T12:33:57     info       Params : D:/Roll/roll_samples/Noordoostpolder/Noordoostpolder.roll survey object read, containing 282 parameters
2026-05-02T12:34:16     binning    Starting full binning from templates; preparing worker thread...
2026-05-02T12:34:16     binning    Thread : Prepare memory mapped file for 671,044,500 traces, with nx=2630, ny=1215, fold=210
2026-05-02T12:34:29     binning    Thread : Started 'Bin from templates', using 51,240 shot points
2026-05-02T12:34:31     info       Binning: showUnfinished=True -> binTemplate10, fullAnalysis=True
2026-05-02T13:30:30     binning    Thread : Binning completed. Elapsed time:0:56:02 
2026-05-02T13:30:30     binning    Thread : . . . Fold       : Min:1 - Max:209 
2026-05-02T13:30:30     binning    Thread : . . . Min-offsets: Min:22.36m - Max:358.47m 
2026-05-02T13:30:30     binning    Thread : . . . Max-offsets: Min:22.36m - Max:5158.34m 
2026-05-02T13:30:30     binning    Thread : . . . Rms-offsets: Min:0.00m - Max:309.82m 
2026-05-02T13:30:30     binning    Thread : . . . Max-gap   : Min:0.00m - Max:639.98m 
2026-05-02T13:30:31     info       Loaded : . . . Analysis: 671,044,500 traces available (showing 1,000,000 at a time)
2026-05-02T13:46:57     info       Parsing: D:/Roll/roll_samples/Noordoostpolder/Noordoostpolder.roll survey object succesfully parsed
2026-05-02T13:46:58     info       Params : D:/Roll/roll_samples/Noordoostpolder/Noordoostpolder.roll survey object read, containing 282 parameters+++

2026-05-04T12:10:59     info       Plugin : Started on Windows 11 v(10.0.26200)
2026-05-04T12:10:59     info       Library: Numba version 0.64.0 available for JIT acceleration
2026-05-04T12:10:59     info       Parsing: survey object succesfully parsed
2026-05-04T12:11:00     info       Params : survey object read, containing 282 parameters
2026-05-04T12:11:04     info       Opening: D:/Roll/roll_testing/Chris/Miyan3D.roll
2026-05-04T12:11:04     info       Parsing: D:/Roll/roll_testing/Chris/Miyan3D.roll
2026-05-04T12:11:04     info       Parsing: D:/Roll/roll_testing/Chris/Miyan3D.roll survey object succesfully parsed
2026-05-04T12:11:04     info       Reading: D:/Roll/roll_testing/Chris/Miyan3D.roll, success: True
2026-05-04T12:11:04     info       Loading: D:/Roll/roll_testing/Chris/Miyan3D.roll analysis files
2026-05-04T12:11:04     info       Loading: . . . Analysis dims: nx=544, ny=480, binSize=(25.000,25.000)
2026-05-04T12:11:04     info       Loading: . . . Analysis file: .bin.npy exists=True
2026-05-04T12:11:04     info       Loading: . . . Analysis file: .min.npy exists=True
2026-05-04T12:11:04     info       Loading: . . . Analysis file: .max.npy exists=True
2026-05-04T12:11:04     info       Loading: . . . Analysis file: .rms.npy exists=True
2026-05-04T12:11:04     info       Loading: . . . Analysis file: .gap.npy exists=True
2026-05-04T12:11:04     info       Loading: . . . Analysis file: .off.npy exists=True
2026-05-04T12:11:04     info       Loading: . . . Analysis file: .azi.npy exists=True
2026-05-04T12:11:04     info       Loading: . . . Analysis file: .ana.npy exists=True
2026-05-04T12:11:04     info       Loaded : . . . Fold map  : Min:0 - Max:40 
2026-05-04T12:11:04     info       Loaded : . . . Min-offset: Min:17.68m - Max:1537.14m 
2026-05-04T12:11:04     info       Loaded : . . . Max-offset: Min:17.68m - Max:3517.50m 
2026-05-04T12:11:04     info       Loaded : . . . Rms-offset: Min:0.00m - Max:374.98m 
2026-05-04T12:11:04     info       Loaded : . . . Max-gap   : Min:0.00m - Max:774.99m 
2026-05-04T12:11:04     info       Loaded : . . . offset histogram
2026-05-04T12:11:04     info       Loaded : . . . azi-offset histogram
2026-05-04T12:11:04     info       Analysis load: fold=50, maxFold=40
2026-05-04T12:11:04     info       Analysis load: nT=208896000, expected=208896000, delta=0
2026-05-04T12:11:04     info       Analysis load: an2Output.shape=(13056000, 16)
2026-05-04T12:11:04     info       Loaded : . . . Analysis  : 13,056,000 traces (reserved space)
2026-05-04T12:11:04     info       Loaded : . . . read 11,152 rps-records
2026-05-04T12:11:04     info       Loaded : . . . read 7,560 sps-records
2026-05-04T12:11:04     info       Loaded : . . . read 73,500 xps-records
2026-05-04T12:11:04     info       Loaded : . . . read 11,152 rec-records
2026-05-04T12:11:04     info       Loaded : . . . read 7,560 src-records
2026-05-04T12:11:04     info       Loaded : . . . read 73,500 rel-records
2026-05-04T12:11:04     info       Loaded : . . . Analysis: 13,056,000 traces available (showing 1,000,000 at a time)
2026-05-04T12:11:05     info       Params : D:/Roll/roll_testing/Chris/Miyan3D.roll survey object read, containing 282 parameters
2026-05-04T12:11:08     binning    Starting full binning from templates; preparing worker thread...
2026-05-04T12:11:08     binning    Thread : Prepare full-analysis buffer for 13,056,000 traces, with nx=544, ny=480, fold=50
2026-05-04T12:11:08     binning    Thread : Using in-memory analysis array; will persist to disk after binning.
2026-05-04T12:11:08     binning    Thread : Started 'Bin from templates', using 7,560 shot points
2026-05-04T12:11:08     info       Binning: showUnfinished=True -> binTemplate8, fullAnalysis=True
2026-05-04T12:11:46     debug      Called : binFromTemplates() profiling information
2026-05-04T12:11:46     debug      Called : 00=srcClip, 01=recPrepOrClip, 02=buildTraceArrays, 03=travelTime, 04=binMapFilter, 05=analysisWrite, 06=noAnalysisScatter
2026-05-04T12:11:46     debug      Called : 00: min:0000000.007, max:0000000.211, tot:0000011.849, avr:0000000.009, freq:0001260
2026-05-04T12:11:46     debug      Called : 01: min:0000000.017, max:0000000.622, tot:0000042.006, avr:0000000.033, freq:0001260
2026-05-04T12:11:46     debug      Called : 02: min:0000000.099, max:0000086.000, tot:0002290.215, avr:0000000.303, freq:0007560
2026-05-04T12:11:46     debug      Called : 03: min:0000000.013, max:0000027.648, tot:0000254.020, avr:0000000.034, freq:0007560
2026-05-04T12:11:46     debug      Called : 04: min:0000000.011, max:0000000.197, tot:0000138.159, avr:0000000.018, freq:0007560
2026-05-04T12:11:46     debug      Called : 05: min:0000001.340, max:0000009.277, tot:0029346.969, avr:0000003.882, freq:0007560
2026-05-04T12:11:46     debug      Called : 06: min:0000000.000, max:0000000.000, tot:0000000.000, avr:0000000.000, freq:0000000
2026-05-04T12:11:46     debug      Called : 07: min:0000000.000, max:0000000.000, tot:0000000.000, avr:0000000.000, freq:0000000
2026-05-04T12:11:46     debug      Called : 08: min:0000000.000, max:0000000.000, tot:0000000.000, avr:0000000.000, freq:0000000
2026-05-04T12:11:46     debug      Called : 09: min:0000000.000, max:0000000.000, tot:0000000.000, avr:0000000.000, freq:0000000
2026-05-04T12:11:46     debug      Called : 10: min:0000000.000, max:0000000.000, tot:0000000.000, avr:0000000.000, freq:0000000
2026-05-04T12:11:46     debug      Called : 11: min:0000000.000, max:0000000.000, tot:0000000.000, avr:0000000.000, freq:0000000
2026-05-04T12:11:46     debug      Called : 12: min:0000000.000, max:0000000.000, tot:0000000.000, avr:0000000.000, freq:0000000
2026-05-04T12:11:46     debug      Called : 13: min:0000000.000, max:0000000.000, tot:0000000.000, avr:0000000.000, freq:0000000
2026-05-04T12:11:46     debug      Called : 14: min:0000000.000, max:0000000.000, tot:0000000.000, avr:0000000.000, freq:0000000
2026-05-04T12:11:46     debug      Called : 15: min:0000000.000, max:0000000.000, tot:0000000.000, avr:0000000.000, freq:0000000
2026-05-04T12:11:46     debug      Called : 16: min:0000000.000, max:0000000.000, tot:0000000.000, avr:0000000.000, freq:0000000
2026-05-04T12:11:46     debug      Called : 17: min:0000000.000, max:0000000.000, tot:0000000.000, avr:0000000.000, freq:0000000
2026-05-04T12:11:46     debug      Called : 18: min:0000000.000, max:0000000.000, tot:0000000.000, avr:0000000.000, freq:0000000
2026-05-04T12:11:46     debug      Called : 19: min:0000000.000, max:0000000.000, tot:0000000.000, avr:0000000.000, freq:0000000
2026-05-04T12:11:46     binning    Thread : Binning completed. Elapsed time:0:00:39 
2026-05-04T12:11:46     binning    Thread : . . . Fold       : Min:0 - Max:40 
2026-05-04T12:11:46     binning    Thread : . . . Min-offsets: Min:17.68m - Max:1537.14m 
2026-05-04T12:11:46     binning    Thread : . . . Max-offsets: Min:17.68m - Max:3517.50m 
2026-05-04T12:11:46     binning    Thread : . . . Rms-offsets: Min:0.00m - Max:374.98m 
2026-05-04T12:11:46     binning    Thread : . . . Max-gap   : Min:0.00m - Max:774.99m 
2026-05-04T12:11:47     info       Loaded : . . . Analysis: 13,056,000 traces available (showing 1,000,000 at a time)
2026-05-04T12:17:13     info       Opening: D:/Roll/roll_samples/Noordoostpolder/Noordoostpolder.roll
2026-05-04T12:17:13     info       Parsing: D:/Roll/roll_samples/Noordoostpolder/Noordoostpolder.roll
2026-05-04T12:17:13     info       Parsing: D:/Roll/roll_samples/Noordoostpolder/Noordoostpolder.roll survey object succesfully parsed
2026-05-04T12:17:13     info       Reading: D:/Roll/roll_samples/Noordoostpolder/Noordoostpolder.roll, success: True
2026-05-04T12:17:13     info       Loading: D:/Roll/roll_samples/Noordoostpolder/Noordoostpolder.roll analysis files
2026-05-04T12:17:13     info       Loading: . . . Analysis dims: nx=2630, ny=1215, binSize=(10.000,20.000)
2026-05-04T12:17:13     info       Loading: . . . Analysis file: .bin.npy exists=True
2026-05-04T12:17:13     info       Loading: . . . Analysis file: .min.npy exists=True
2026-05-04T12:17:13     info       Loading: . . . Analysis file: .max.npy exists=True
2026-05-04T12:17:13     info       Loading: . . . Analysis file: .rms.npy exists=True
2026-05-04T12:17:13     info       Loading: . . . Analysis file: .gap.npy exists=True
2026-05-04T12:17:13     info       Loading: . . . Analysis file: .off.npy exists=True
2026-05-04T12:17:13     info       Loading: . . . Analysis file: .azi.npy exists=True
2026-05-04T12:17:13     info       Loading: . . . Analysis file: .ana.npy exists=True
2026-05-04T12:17:13     info       Loaded : . . . Fold map  : Min:1 - Max:209 
2026-05-04T12:17:13     info       Loaded : . . . Min-offset: Min:22.36m - Max:358.47m 
2026-05-04T12:17:13     info       Loaded : . . . Max-offset: Min:22.36m - Max:5158.34m 
2026-05-04T12:17:13     info       Loaded : . . . Rms-offset: Min:0.00m - Max:309.82m 
2026-05-04T12:17:13     info       Loaded : . . . Max-gap   : Min:0.00m - Max:639.98m 
2026-05-04T12:17:13     info       Loaded : . . . offset histogram
2026-05-04T12:17:13     info       Loaded : . . . azi-offset histogram
2026-05-04T12:17:13     info       Analysis load: fold=210, maxFold=209
2026-05-04T12:17:13     info       Analysis load: nT=10736712000, expected=10736712000, delta=0
2026-05-04T12:17:13     info       Analysis load: an2Output.shape=(671044500, 16)
2026-05-04T12:17:13     info       Loaded : . . . Analysis  : 671,044,500 traces (reserved space)
2026-05-04T12:17:13     info       Loaded : . . . read 161,894 rec-records
2026-05-04T12:17:13     info       Loaded : . . . read 51,240 src-records
2026-05-04T12:17:13     info       Loaded : . . . read 1,795,499 rel-records
2026-05-04T12:17:13     info       Loaded : . . . Analysis: 671,044,500 traces available (showing 1,000,000 at a time)
2026-05-04T12:17:19     info       Params : D:/Roll/roll_samples/Noordoostpolder/Noordoostpolder.roll survey object read, containing 282 parameters
2026-05-04T12:17:30     binning    Starting full binning from templates; preparing worker thread...
2026-05-04T12:17:30     binning    Thread : Prepare full-analysis buffer for 671,044,500 traces, with nx=2630, ny=1215, fold=210
2026-05-04T12:17:31     binning    Thread : Using in-memory analysis array; will persist to disk after binning.
2026-05-04T12:17:31     binning    Thread : Started 'Bin from templates', using 51,240 shot points
2026-05-04T12:17:32     info       Binning: showUnfinished=True -> binTemplate8, fullAnalysis=True
2026-05-04T13:01:49     debug      Called : binFromTemplates() profiling information
2026-05-04T13:01:49     debug      Called : 00=srcClip, 01=recPrepOrClip, 02=buildTraceArrays, 03=travelTime, 04=binMapFilter, 05=analysisWrite, 06=noAnalysisScatter
2026-05-04T13:01:49     debug      Called : 00: min:0000000.002, max:0000000.070, tot:0000034.859, avr:0000000.003, freq:0010248
2026-05-04T13:01:49     debug      Called : 01: min:0000000.101, max:0000444.459, tot:0002724.261, avr:0000000.266, freq:0010248
2026-05-04T13:01:49     debug      Called : 02: min:0000000.687, max:0000998.734, tot:0122973.831, avr:0000002.400, freq:0051240
2026-05-04T13:01:49     debug      Called : 03: min:0000000.060, max:0000000.872, tot:0013261.161, avr:0000000.259, freq:0051240
2026-05-04T13:01:49     debug      Called : 04: min:0000000.026, max:0000000.811, tot:0003373.714, avr:0000000.066, freq:0051240
2026-05-04T13:01:49     debug      Called : 05: min:0000009.809, max:0000091.135, tot:2301783.376, avr:0000044.922, freq:0051240
2026-05-04T13:01:49     debug      Called : 06: min:0000000.000, max:0000000.000, tot:0000000.000, avr:0000000.000, freq:0000000
2026-05-04T13:01:49     debug      Called : 07: min:0000000.000, max:0000000.000, tot:0000000.000, avr:0000000.000, freq:0000000
2026-05-04T13:01:49     debug      Called : 08: min:0000000.000, max:0000000.000, tot:0000000.000, avr:0000000.000, freq:0000000
2026-05-04T13:01:49     debug      Called : 09: min:0000000.000, max:0000000.000, tot:0000000.000, avr:0000000.000, freq:0000000
2026-05-04T13:01:49     debug      Called : 10: min:0000000.000, max:0000000.000, tot:0000000.000, avr:0000000.000, freq:0000000
2026-05-04T13:01:49     debug      Called : 11: min:0000000.000, max:0000000.000, tot:0000000.000, avr:0000000.000, freq:0000000
2026-05-04T13:01:49     debug      Called : 12: min:0000000.000, max:0000000.000, tot:0000000.000, avr:0000000.000, freq:0000000
2026-05-04T13:01:49     debug      Called : 13: min:0000000.000, max:0000000.000, tot:0000000.000, avr:0000000.000, freq:0000000
2026-05-04T13:01:49     debug      Called : 14: min:0000000.000, max:0000000.000, tot:0000000.000, avr:0000000.000, freq:0000000
2026-05-04T13:01:49     debug      Called : 15: min:0000000.000, max:0000000.000, tot:0000000.000, avr:0000000.000, freq:0000000
2026-05-04T13:01:49     debug      Called : 16: min:0000000.000, max:0000000.000, tot:0000000.000, avr:0000000.000, freq:0000000
2026-05-04T13:01:49     debug      Called : 17: min:0000000.000, max:0000000.000, tot:0000000.000, avr:0000000.000, freq:0000000
2026-05-04T13:01:49     debug      Called : 18: min:0000000.000, max:0000000.000, tot:0000000.000, avr:0000000.000, freq:0000000
2026-05-04T13:01:49     debug      Called : 19: min:0000000.000, max:0000000.000, tot:0000000.000, avr:0000000.000, freq:0000000
2026-05-04T13:01:49     binning    Thread : Binning completed. Elapsed time:0:44:19 
2026-05-04T13:01:49     binning    Thread : . . . Fold       : Min:1 - Max:209 
2026-05-04T13:01:49     binning    Thread : . . . Min-offsets: Min:22.36m - Max:358.47m 
2026-05-04T13:01:49     binning    Thread : . . . Max-offsets: Min:22.36m - Max:5158.34m 
2026-05-04T13:01:49     binning    Thread : . . . Rms-offsets: Min:0.00m - Max:309.82m 
2026-05-04T13:01:49     binning    Thread : . . . Max-gap   : Min:0.00m - Max:639.98m 
2026-05-04T13:02:22     info       Loaded : . . . Analysis: 671,044,500 traces available (showing 1,000,000 at a time)
2026-05-04T13:12:38     info       Parsing: D:/Roll/roll_samples/Noordoostpolder/Noordoostpolder.roll survey object succesfully parsed
2026-05-04T13:12:38     info       Params : D:/Roll/roll_samples/Noordoostpolder/Noordoostpolder.roll survey object read, containing 282 parameters+++

2026-05-04T13:13:31     info       Plugin : Started on Windows 11 v(10.0.26200)
2026-05-04T13:13:31     info       Library: Numba version 0.64.0 available for JIT acceleration
2026-05-04T13:13:31     info       Parsing: survey object succesfully parsed
2026-05-04T13:13:32     info       Params : survey object read, containing 282 parameters
2026-05-04T13:13:36     info       Opening: D:/Roll/roll_samples/Noordoostpolder/Noordoostpolder.roll
2026-05-04T13:13:36     info       Parsing: D:/Roll/roll_samples/Noordoostpolder/Noordoostpolder.roll
2026-05-04T13:13:36     info       Parsing: D:/Roll/roll_samples/Noordoostpolder/Noordoostpolder.roll survey object succesfully parsed
2026-05-04T13:13:36     info       Reading: D:/Roll/roll_samples/Noordoostpolder/Noordoostpolder.roll, success: True
2026-05-04T13:13:36     info       Loading: D:/Roll/roll_samples/Noordoostpolder/Noordoostpolder.roll analysis files
2026-05-04T13:13:36     info       Loading: . . . Analysis dims: nx=2630, ny=1215, binSize=(10.000,20.000)
2026-05-04T13:13:36     info       Loading: . . . Analysis file: .bin.npy exists=True
2026-05-04T13:13:36     info       Loading: . . . Analysis file: .min.npy exists=True
2026-05-04T13:13:36     info       Loading: . . . Analysis file: .max.npy exists=True
2026-05-04T13:13:36     info       Loading: . . . Analysis file: .rms.npy exists=True
2026-05-04T13:13:36     info       Loading: . . . Analysis file: .gap.npy exists=True
2026-05-04T13:13:36     info       Loading: . . . Analysis file: .off.npy exists=True
2026-05-04T13:13:36     info       Loading: . . . Analysis file: .azi.npy exists=True
2026-05-04T13:13:36     info       Loading: . . . Analysis file: .ana.npy exists=True
2026-05-04T13:13:36     info       Loaded : . . . Fold map  : Min:1 - Max:209 
2026-05-04T13:13:36     info       Loaded : . . . Min-offset: Min:22.36m - Max:358.47m 
2026-05-04T13:13:36     info       Loaded : . . . Max-offset: Min:22.36m - Max:5158.34m 
2026-05-04T13:13:36     info       Loaded : . . . Rms-offset: Min:0.00m - Max:309.82m 
2026-05-04T13:13:36     info       Loaded : . . . Max-gap   : Min:0.00m - Max:639.98m 
2026-05-04T13:13:36     info       Loaded : . . . offset histogram
2026-05-04T13:13:36     info       Loaded : . . . azi-offset histogram
2026-05-04T13:13:36     info       Analysis load: fold=210, maxFold=209
2026-05-04T13:13:36     error      Loaded : . . . Analysis  : trace table size for D:/Roll/roll_samples/Noordoostpolder/Noordoostpolder.roll.ana.npy does not match the binning grid (nx=2630, ny=1215, fold=210). Please re-run binning.
2026-05-04T13:13:36     info       Loaded : . . . read 161,894 rec-records
2026-05-04T13:13:36     info       Loaded : . . . read 51,240 src-records
2026-05-04T13:13:36     info       Loaded : . . . read 1,795,499 rel-records
2026-05-04T13:13:41     info       Params : D:/Roll/roll_samples/Noordoostpolder/Noordoostpolder.roll survey object read, containing 282 parameters
2026-05-04T13:16:18     binning    Starting full binning from templates; preparing worker thread...
2026-05-04T13:16:18     binning    Thread : Prepare full-analysis buffer for 671,044,500 traces, with nx=2630, ny=1215, fold=210
2026-05-04T13:16:40     binning    Thread : Using memory mapped analysis file for A/B timing comparison.
2026-05-04T13:16:40     binning    Thread : Started 'Bin from templates', using 51,240 shot points
2026-05-04T13:16:42     info       Binning: showUnfinished=True -> binTemplate8, fullAnalysis=True
2026-05-04T13:58:57     debug      Called : binFromTemplates() profiling information
2026-05-04T13:58:57     debug      Called : 00=srcClip, 01=recPrepOrClip, 02=buildTraceArrays, 03=travelTime, 04=binMapFilter, 05=analysisWrite, 06=noAnalysisScatter
2026-05-04T13:58:57     debug      Called : 00: min:0000000.002, max:0000000.031, tot:0000034.471, avr:0000000.003, freq:0010248
2026-05-04T13:58:57     debug      Called : 01: min:0000000.103, max:0000000.568, tot:0001752.707, avr:0000000.171, freq:0010248
2026-05-04T13:58:57     debug      Called : 02: min:0000000.718, max:0000886.102, tot:0114195.693, avr:0000002.229, freq:0051240
2026-05-04T13:58:57     debug      Called : 03: min:0000000.062, max:0000000.950, tot:0012950.127, avr:0000000.253, freq:0051240
2026-05-04T13:58:57     debug      Called : 04: min:0000000.026, max:0000085.549, tot:0003430.938, avr:0000000.067, freq:0051240
2026-05-04T13:58:57     debug      Called : 05: min:0000009.976, max:0000090.522, tot:2168373.260, avr:0000042.318, freq:0051240
2026-05-04T13:58:57     debug      Called : 06: min:0000000.000, max:0000000.000, tot:0000000.000, avr:0000000.000, freq:0000000
2026-05-04T13:58:57     debug      Called : 07: min:0000000.000, max:0000000.000, tot:0000000.000, avr:0000000.000, freq:0000000
2026-05-04T13:58:57     debug      Called : 08: min:0000000.000, max:0000000.000, tot:0000000.000, avr:0000000.000, freq:0000000
2026-05-04T13:58:57     debug      Called : 09: min:0000000.000, max:0000000.000, tot:0000000.000, avr:0000000.000, freq:0000000
2026-05-04T13:58:57     debug      Called : 10: min:0000000.000, max:0000000.000, tot:0000000.000, avr:0000000.000, freq:0000000
2026-05-04T13:58:57     debug      Called : 11: min:0000000.000, max:0000000.000, tot:0000000.000, avr:0000000.000, freq:0000000
2026-05-04T13:58:57     debug      Called : 12: min:0000000.000, max:0000000.000, tot:0000000.000, avr:0000000.000, freq:0000000
2026-05-04T13:58:57     debug      Called : 13: min:0000000.000, max:0000000.000, tot:0000000.000, avr:0000000.000, freq:0000000
2026-05-04T13:58:57     debug      Called : 14: min:0000000.000, max:0000000.000, tot:0000000.000, avr:0000000.000, freq:0000000
2026-05-04T13:58:57     debug      Called : 15: min:0000000.000, max:0000000.000, tot:0000000.000, avr:0000000.000, freq:0000000
2026-05-04T13:58:57     debug      Called : 16: min:0000000.000, max:0000000.000, tot:0000000.000, avr:0000000.000, freq:0000000
2026-05-04T13:58:57     debug      Called : 17: min:0000000.000, max:0000000.000, tot:0000000.000, avr:0000000.000, freq:0000000
2026-05-04T13:58:57     debug      Called : 18: min:0000000.000, max:0000000.000, tot:0000000.000, avr:0000000.000, freq:0000000
2026-05-04T13:58:57     debug      Called : 19: min:0000000.000, max:0000000.000, tot:0000000.000, avr:0000000.000, freq:0000000
2026-05-04T13:58:57     binning    Thread : Binning completed. Elapsed time:0:42:17 
2026-05-04T13:58:57     binning    Thread : . . . Fold       : Min:1 - Max:209 
2026-05-04T13:58:57     binning    Thread : . . . Min-offsets: Min:22.36m - Max:358.47m 
2026-05-04T13:58:57     binning    Thread : . . . Max-offsets: Min:22.36m - Max:5158.34m 
2026-05-04T13:58:57     binning    Thread : . . . Rms-offsets: Min:0.00m - Max:309.82m 
2026-05-04T13:58:57     binning    Thread : . . . Max-gap   : Min:0.00m - Max:639.98m 
2026-05-04T13:58:57     info       Loaded : . . . Analysis: 671,044,500 traces available (showing 1,000,000 at a time)
2026-05-04T14:18:38     info       Parsing: D:/Roll/roll_samples/Noordoostpolder/Noordoostpolder.roll survey object succesfully parsed
2026-05-04T14:18:38     info       Params : D:/Roll/roll_samples/Noordoostpolder/Noordoostpolder.roll survey object read, containing 282 parameters+++

2026-05-04T14:26:04     info       Plugin : Started on Windows 11 v(10.0.26200)
2026-05-04T14:26:04     info       Library: Numba version 0.64.0 available for JIT acceleration
2026-05-04T14:26:04     info       Parsing: survey object succesfully parsed
2026-05-04T14:26:04     info       Params : survey object read, containing 282 parameters
2026-05-04T14:26:33     info       Opening: D:/Roll/roll_testing/Chris/Miyan3D.roll
2026-05-04T14:26:33     info       Parsing: D:/Roll/roll_testing/Chris/Miyan3D.roll
2026-05-04T14:26:33     info       Parsing: D:/Roll/roll_testing/Chris/Miyan3D.roll survey object succesfully parsed
2026-05-04T14:26:33     info       Reading: D:/Roll/roll_testing/Chris/Miyan3D.roll, success: True
2026-05-04T14:26:33     info       Loading: D:/Roll/roll_testing/Chris/Miyan3D.roll analysis files
2026-05-04T14:26:33     info       Loading: . . . Analysis dims: nx=544, ny=480, binSize=(25.000,25.000)
2026-05-04T14:26:33     info       Loading: . . . Analysis file: .bin.npy exists=True
2026-05-04T14:26:33     info       Loading: . . . Analysis file: .min.npy exists=True
2026-05-04T14:26:33     info       Loading: . . . Analysis file: .max.npy exists=True
2026-05-04T14:26:33     info       Loading: . . . Analysis file: .rms.npy exists=True
2026-05-04T14:26:33     info       Loading: . . . Analysis file: .gap.npy exists=True
2026-05-04T14:26:33     info       Loading: . . . Analysis file: .off.npy exists=True
2026-05-04T14:26:33     info       Loading: . . . Analysis file: .azi.npy exists=True
2026-05-04T14:26:33     info       Loading: . . . Analysis file: .ana.npy exists=True
2026-05-04T14:26:33     info       Loaded : . . . Fold map  : Min:0 - Max:40 
2026-05-04T14:26:33     info       Loaded : . . . Min-offset: Min:17.68m - Max:1537.14m 
2026-05-04T14:26:33     info       Loaded : . . . Max-offset: Min:17.68m - Max:3517.50m 
2026-05-04T14:26:33     info       Loaded : . . . Rms-offset: Min:0.00m - Max:374.98m 
2026-05-04T14:26:33     info       Loaded : . . . Max-gap   : Min:0.00m - Max:774.99m 
2026-05-04T14:26:33     info       Loaded : . . . offset histogram
2026-05-04T14:26:33     info       Loaded : . . . azi-offset histogram
2026-05-04T14:26:33     info       Analysis load: fold=50, maxFold=40
2026-05-04T14:26:33     info       Analysis load: nT=208896000, expected=208896000, delta=0
2026-05-04T14:26:33     info       Analysis load: an2Output.shape=(13056000, 16)
2026-05-04T14:26:33     info       Loaded : . . . Analysis  : 13,056,000 traces (reserved space)
2026-05-04T14:26:33     info       Loaded : . . . read 11,152 rps-records
2026-05-04T14:26:33     info       Loaded : . . . read 7,560 sps-records
2026-05-04T14:26:33     info       Loaded : . . . read 73,500 xps-records
2026-05-04T14:26:33     info       Loaded : . . . read 11,152 rec-records
2026-05-04T14:26:33     info       Loaded : . . . read 7,560 src-records
2026-05-04T14:26:33     info       Loaded : . . . read 73,500 rel-records
2026-05-04T14:26:33     info       Loaded : . . . Analysis: 13,056,000 traces available (showing 1,000,000 at a time)
2026-05-04T14:26:34     info       Params : D:/Roll/roll_testing/Chris/Miyan3D.roll survey object read, containing 282 parameters
2026-05-04T14:33:12     info       Opening: D:/Roll/roll_samples/Noordoostpolder/Noordoostpolder.roll
2026-05-04T14:33:12     info       Parsing: D:/Roll/roll_samples/Noordoostpolder/Noordoostpolder.roll
2026-05-04T14:33:12     info       Parsing: D:/Roll/roll_samples/Noordoostpolder/Noordoostpolder.roll survey object succesfully parsed
2026-05-04T14:33:12     info       Reading: D:/Roll/roll_samples/Noordoostpolder/Noordoostpolder.roll, success: True
2026-05-04T14:33:12     info       Loading: D:/Roll/roll_samples/Noordoostpolder/Noordoostpolder.roll analysis files
2026-05-04T14:33:12     info       Loading: . . . Analysis dims: nx=2630, ny=1215, binSize=(10.000,20.000)
2026-05-04T14:33:12     info       Loading: . . . Analysis file: .bin.npy exists=True
2026-05-04T14:33:12     info       Loading: . . . Analysis file: .min.npy exists=True
2026-05-04T14:33:12     info       Loading: . . . Analysis file: .max.npy exists=True
2026-05-04T14:33:12     info       Loading: . . . Analysis file: .rms.npy exists=True
2026-05-04T14:33:12     info       Loading: . . . Analysis file: .gap.npy exists=True
2026-05-04T14:33:12     info       Loading: . . . Analysis file: .off.npy exists=True
2026-05-04T14:33:12     info       Loading: . . . Analysis file: .azi.npy exists=True
2026-05-04T14:33:12     info       Loading: . . . Analysis file: .ana.npy exists=True
2026-05-04T14:33:12     info       Loaded : . . . Fold map  : Min:1 - Max:209 
2026-05-04T14:33:12     info       Loaded : . . . Min-offset: Min:22.36m - Max:358.47m 
2026-05-04T14:33:12     info       Loaded : . . . Max-offset: Min:22.36m - Max:5158.34m 
2026-05-04T14:33:12     info       Loaded : . . . Rms-offset: Min:0.00m - Max:309.82m 
2026-05-04T14:33:12     info       Loaded : . . . Max-gap   : Min:0.00m - Max:639.98m 
2026-05-04T14:33:12     info       Loaded : . . . offset histogram
2026-05-04T14:33:12     info       Loaded : . . . azi-offset histogram
2026-05-04T14:33:12     info       Analysis load: fold=210, maxFold=209
2026-05-04T14:33:12     error      Loaded : . . . Analysis  : trace table size for D:/Roll/roll_samples/Noordoostpolder/Noordoostpolder.roll.ana.npy does not match the binning grid (nx=2630, ny=1215, fold=210). Please re-run binning.
2026-05-04T14:33:12     info       Loaded : . . . read 161,894 rec-records
2026-05-04T14:33:12     info       Loaded : . . . read 51,240 src-records
2026-05-04T14:33:12     info       Loaded : . . . read 1,795,499 rel-records
2026-05-04T14:33:17     info       Params : D:/Roll/roll_samples/Noordoostpolder/Noordoostpolder.roll survey object read, containing 282 parameters
2026-05-04T14:51:05     info       Parsing: D:/Roll/roll_samples/Noordoostpolder/Noordoostpolder.roll survey object succesfully parsed
2026-05-04T14:51:05     info       Params : D:/Roll/roll_samples/Noordoostpolder/Noordoostpolder.roll survey object read, containing 282 parameters+++

2026-05-06T11:54:22     binning    Starting full binning from templates; preparing worker thread...
2026-05-06T11:54:23     binning    Thread : Prepare full-analysis buffer for 13,056,000 traces, with nx=544, ny=480, fold=50
2026-05-06T11:54:23     binning    Thread : Prepare memory mapped file for full analysis results.
2026-05-06T11:54:23     binning    Thread : Started 'Bin from templates', using 7,560 shot points
2026-05-06T11:54:23     info       Binning: useExperimental=False -> binTemplate8, fullAnalysis=True
2026-05-06T11:55:03     debug      Called : binFromTemplates() profiling information
2026-05-06T11:55:03     debug      Called : 00=srcClip, 01=recPrepOrClip, 02=buildTraceArrays, 03=travelTime, 04=binMapFilter, 05=analysisWrite, 06=noAnalysisScatter
2026-05-06T11:55:03     debug      Called : Profiling summary: buildTraceArrays tot=0002034.766 ms (freq=0007560), analysisWrite tot=0029127.629 ms (freq=0007560), dominant=analysisWrite, analysisWrite/buildTraceArrays=14.31x
2026-05-06T11:55:03     debug      Called : 00: min:0000000.003, max:0000000.049, tot:0000007.052, avr:0000000.006, freq:0001260
2026-05-06T11:55:03     debug      Called : 01: min:0000000.014, max:0001421.786, tot:0001456.333, avr:0000001.156, freq:0001260
2026-05-06T11:55:03     debug      Called : 02: min:0000000.093, max:0000110.831, tot:0002034.766, avr:0000000.269, freq:0007560
2026-05-06T11:55:03     debug      Called : 03: min:0000000.013, max:0000000.363, tot:0000238.222, avr:0000000.032, freq:0007560
2026-05-06T11:55:03     debug      Called : 04: min:0000000.011, max:0000000.340, tot:0000142.505, avr:0000000.019, freq:0007560
2026-05-06T11:55:03     debug      Called : 05: min:0000001.329, max:0000007.754, tot:0029127.629, avr:0000003.853, freq:0007560
2026-05-06T11:55:03     debug      Called : 06: min:0000000.000, max:0000000.000, tot:0000000.000, avr:0000000.000, freq:0000000
2026-05-06T11:55:03     debug      Called : 07: min:0000000.000, max:0000000.000, tot:0000000.000, avr:0000000.000, freq:0000000
2026-05-06T11:55:03     debug      Called : 08: min:0000000.000, max:0000000.000, tot:0000000.000, avr:0000000.000, freq:0000000
2026-05-06T11:55:03     debug      Called : 09: min:0000000.000, max:0000000.000, tot:0000000.000, avr:0000000.000, freq:0000000
2026-05-06T11:55:03     debug      Called : 10: min:0000000.000, max:0000000.000, tot:0000000.000, avr:0000000.000, freq:0000000
2026-05-06T11:55:03     debug      Called : 11: min:0000000.000, max:0000000.000, tot:0000000.000, avr:0000000.000, freq:0000000
2026-05-06T11:55:03     debug      Called : 12: min:0000000.000, max:0000000.000, tot:0000000.000, avr:0000000.000, freq:0000000
2026-05-06T11:55:03     debug      Called : 13: min:0000000.000, max:0000000.000, tot:0000000.000, avr:0000000.000, freq:0000000
2026-05-06T11:55:03     debug      Called : 14: min:0000000.000, max:0000000.000, tot:0000000.000, avr:0000000.000, freq:0000000
2026-05-06T11:55:03     debug      Called : 15: min:0000000.000, max:0000000.000, tot:0000000.000, avr:0000000.000, freq:0000000
2026-05-06T11:55:03     debug      Called : 16: min:0000000.000, max:0000000.000, tot:0000000.000, avr:0000000.000, freq:0000000
2026-05-06T11:55:03     debug      Called : 17: min:0000000.000, max:0000000.000, tot:0000000.000, avr:0000000.000, freq:0000000
2026-05-06T11:55:03     debug      Called : 18: min:0000000.000, max:0000000.000, tot:0000000.000, avr:0000000.000, freq:0000000
2026-05-06T11:55:03     debug      Called : 19: min:0000000.000, max:0000000.000, tot:0000000.000, avr:0000000.000, freq:0000000
2026-05-06T11:55:03     binning    Thread : Binning completed. Elapsed time:0:00:41 
2026-05-06T11:55:03     binning    Thread : . . . Fold       : Min:0 - Max:40 
2026-05-06T11:55:03     binning    Thread : . . . Min-offsets: Min:17.68m - Max:1537.14m 
2026-05-06T11:55:03     binning    Thread : . . . Max-offsets: Min:17.68m - Max:3517.50m 
2026-05-06T11:55:03     binning    Thread : . . . Rms-offsets: Min:0.00m - Max:374.98m 
2026-05-06T11:55:03     binning    Thread : . . . Max-gap   : Min:0.00m - Max:774.99m 
2026-05-06T11:55:04     info       Loaded : . . . Analysis: 13,056,000 traces available (showing 1,000,000 at a time)
2026-05-06T11:55:30     binning    Starting full binning from templates; preparing worker thread...
2026-05-06T11:55:30     binning    Thread : Prepare full-analysis buffer for 13,056,000 traces, with nx=544, ny=480, fold=50
2026-05-06T11:55:31     binning    Thread : Prepare memory mapped file for full analysis results.
2026-05-06T11:55:31     binning    Thread : Started 'Bin from templates', using 7,560 shot points
2026-05-06T11:55:31     info       Binning: useExperimental=True -> binTemplate10, fullAnalysis=True
2026-05-06T11:55:41     debug      Called : binFromTemplates() profiling information
2026-05-06T11:55:41     debug      Called : 00=srcClip, 01=recPrepOrClip, 02=buildTraceArrays, 03=travelTime, 04=binMapFilter, 05=analysisWrite, 06=noAnalysisScatter
2026-05-06T11:55:41     debug      Called : Profiling summary: buildTraceArrays tot=0001725.149 ms (freq=0001260), analysisWrite tot=0000590.325 ms (freq=0001260), dominant=buildTraceArrays, buildTraceArrays/analysisWrite=2.92x
2026-05-06T11:55:41     debug      Called : 00: min:0000000.003, max:0000000.046, tot:0000005.514, avr:0000000.004, freq:0001260
2026-05-06T11:55:41     debug      Called : 01: min:0000000.013, max:0000142.380, tot:0000173.642, avr:0000000.138, freq:0001260
2026-05-06T11:55:41     debug      Called : 02: min:0000000.400, max:0000002.540, tot:0001725.149, avr:0000001.369, freq:0001260
2026-05-06T11:55:41     debug      Called : 03: min:0000000.039, max:0000000.398, tot:0000118.150, avr:0000000.094, freq:0001260
2026-05-06T11:55:41     debug      Called : 04: min:0000000.019, max:0000000.342, tot:0000044.142, avr:0000000.035, freq:0001260
2026-05-06T11:55:41     debug      Called : 05: min:0000000.124, max:0000165.700, tot:0000590.325, avr:0000000.469, freq:0001260
2026-05-06T11:55:41     debug      Called : 06: min:0000000.000, max:0000000.000, tot:0000000.000, avr:0000000.000, freq:0000000
2026-05-06T11:55:41     debug      Called : 07: min:0000000.000, max:0000000.000, tot:0000000.000, avr:0000000.000, freq:0000000
2026-05-06T11:55:41     debug      Called : 08: min:0000000.000, max:0000000.000, tot:0000000.000, avr:0000000.000, freq:0000000
2026-05-06T11:55:41     debug      Called : 09: min:0000000.000, max:0000000.000, tot:0000000.000, avr:0000000.000, freq:0000000
2026-05-06T11:55:41     debug      Called : 10: min:0000000.000, max:0000000.000, tot:0000000.000, avr:0000000.000, freq:0000000
2026-05-06T11:55:41     debug      Called : 11: min:0000000.000, max:0000000.000, tot:0000000.000, avr:0000000.000, freq:0000000
2026-05-06T11:55:41     debug      Called : 12: min:0000000.000, max:0000000.000, tot:0000000.000, avr:0000000.000, freq:0000000
2026-05-06T11:55:41     debug      Called : 13: min:0000000.000, max:0000000.000, tot:0000000.000, avr:0000000.000, freq:0000000
2026-05-06T11:55:41     debug      Called : 14: min:0000000.000, max:0000000.000, tot:0000000.000, avr:0000000.000, freq:0000000
2026-05-06T11:55:41     debug      Called : 15: min:0000000.000, max:0000000.000, tot:0000000.000, avr:0000000.000, freq:0000000
2026-05-06T11:55:41     debug      Called : 16: min:0000000.000, max:0000000.000, tot:0000000.000, avr:0000000.000, freq:0000000
2026-05-06T11:55:41     debug      Called : 17: min:0000000.000, max:0000000.000, tot:0000000.000, avr:0000000.000, freq:0000000
2026-05-06T11:55:41     debug      Called : 18: min:0000000.000, max:0000000.000, tot:0000000.000, avr:0000000.000, freq:0000000
2026-05-06T11:55:41     debug      Called : 19: min:0000000.000, max:0000000.000, tot:0000000.000, avr:0000000.000, freq:0000000
2026-05-06T11:55:41     binning    Thread : Binning completed. Elapsed time:0:00:10 
2026-05-06T11:55:41     binning    Thread : . . . Fold       : Min:0 - Max:40 
2026-05-06T11:55:41     binning    Thread : . . . Min-offsets: Min:17.68m - Max:1537.14m 
2026-05-06T11:55:41     binning    Thread : . . . Max-offsets: Min:17.68m - Max:3517.50m 
2026-05-06T11:55:41     binning    Thread : . . . Rms-offsets: Min:0.00m - Max:374.98m 
2026-05-06T11:55:41     binning    Thread : . . . Max-gap   : Min:0.00m - Max:774.99m 
2026-05-06T11:55:41     info       Loaded : . . . Analysis: 13,056,000 traces available (showing 1,000,000 at a time)
2026-05-06T11:57:48     info       Opening: D:/Roll/roll_samples/Noordoostpolder/Noordoostpolder.roll
2026-05-06T11:57:48     info       Parsing: D:/Roll/roll_samples/Noordoostpolder/Noordoostpolder.roll
2026-05-06T11:57:48     info       Parsing: D:/Roll/roll_samples/Noordoostpolder/Noordoostpolder.roll survey object succesfully parsed
2026-05-06T11:57:48     info       Reading: D:/Roll/roll_samples/Noordoostpolder/Noordoostpolder.roll, success: True
2026-05-06T11:57:48     info       Loading: D:/Roll/roll_samples/Noordoostpolder/Noordoostpolder.roll analysis files
2026-05-06T11:57:48     info       Loading: . . . Analysis dims: nx=2630, ny=1215, binSize=(10.000,20.000)
2026-05-06T11:57:48     info       Loading: . . . Analysis file: .bin.npy exists=True
2026-05-06T11:57:48     info       Loading: . . . Analysis file: .min.npy exists=True
2026-05-06T11:57:48     info       Loading: . . . Analysis file: .max.npy exists=True
2026-05-06T11:57:48     info       Loading: . . . Analysis file: .rms.npy exists=True
2026-05-06T11:57:48     info       Loading: . . . Analysis file: .gap.npy exists=True
2026-05-06T11:57:48     info       Loading: . . . Analysis file: .off.npy exists=True
2026-05-06T11:57:48     info       Loading: . . . Analysis file: .azi.npy exists=True
2026-05-06T11:57:48     info       Loading: . . . Analysis file: .ana.npy exists=True
2026-05-06T11:57:48     info       Loaded : . . . Fold map  : Min:1 - Max:209 
2026-05-06T11:57:48     info       Loaded : . . . Min-offset: Min:22.36m - Max:358.47m 
2026-05-06T11:57:48     info       Loaded : . . . Max-offset: Min:22.36m - Max:5158.34m 
2026-05-06T11:57:48     info       Loaded : . . . Rms-offset: Min:0.00m - Max:309.82m 
2026-05-06T11:57:48     info       Loaded : . . . Max-gap   : Min:0.00m - Max:639.98m 
2026-05-06T11:57:48     info       Loaded : . . . offset histogram
2026-05-06T11:57:48     info       Loaded : . . . azi-offset histogram
2026-05-06T11:57:48     info       Analysis load: fold=210, maxFold=209
2026-05-06T11:57:48     error      Loaded : . . . Analysis  : trace table size for D:/Roll/roll_samples/Noordoostpolder/Noordoostpolder.roll.ana.npy does not match the binning grid (nx=2630, ny=1215, fold=210). Please re-run binning.
2026-05-06T11:57:48     info       Loaded : . . . read 161,894 rec-records
2026-05-06T11:57:48     info       Loaded : . . . read 51,240 src-records
2026-05-06T11:57:48     info       Loaded : . . . read 1,795,499 rel-records
2026-05-06T11:57:51     info       Params : D:/Roll/roll_samples/Noordoostpolder/Noordoostpolder.roll survey object read, containing 282 parameters
2026-05-06T11:58:30     binning    Starting full binning from templates; preparing worker thread...
2026-05-06T11:58:30     binning    Thread : Prepare full-analysis buffer for 671,044,500 traces, with nx=2630, ny=1215, fold=210
2026-05-06T11:58:40     binning    Thread : Prepare memory mapped file for full analysis results.
2026-05-06T11:58:40     binning    Thread : Started 'Bin from templates', using 51,240 shot points
2026-05-06T11:58:42     info       Binning: useExperimental=True -> binTemplate10, fullAnalysis=True
2026-05-06T12:05:04     debug      Called : binFromTemplates() profiling information
2026-05-06T12:05:04     debug      Called : 00=srcClip, 01=recPrepOrClip, 02=buildTraceArrays, 03=travelTime, 04=binMapFilter, 05=analysisWrite, 06=noAnalysisScatter
2026-05-06T12:05:04     debug      Called : Profiling summary: buildTraceArrays tot=0084344.351 ms (freq=0010248), analysisWrite tot=0034327.821 ms (freq=0010248), dominant=buildTraceArrays, buildTraceArrays/analysisWrite=2.46x
2026-05-06T12:05:04     debug      Called : 00: min:0000000.001, max:0000000.081, tot:0000040.678, avr:0000000.004, freq:0010248
2026-05-06T12:05:04     debug      Called : 01: min:0000000.085, max:0002192.517, tot:0003839.087, avr:0000000.375, freq:0010248
2026-05-06T12:05:04     debug      Called : 02: min:0000002.474, max:0000022.654, tot:0084344.351, avr:0000008.230, freq:0010248
2026-05-06T12:05:04     debug      Called : 03: min:0000000.191, max:0000002.959, tot:0007873.950, avr:0000000.768, freq:0010248
2026-05-06T12:05:04     debug      Called : 04: min:0000000.059, max:0000000.886, tot:0001981.505, avr:0000000.193, freq:0010248
2026-05-06T12:05:04     debug      Called : 05: min:0000000.751, max:0000080.959, tot:0034327.821, avr:0000003.350, freq:0010248
2026-05-06T12:05:04     debug      Called : 06: min:0000000.000, max:0000000.000, tot:0000000.000, avr:0000000.000, freq:0000000
2026-05-06T12:05:04     debug      Called : 07: min:0000000.000, max:0000000.000, tot:0000000.000, avr:0000000.000, freq:0000000
2026-05-06T12:05:04     debug      Called : 08: min:0000000.000, max:0000000.000, tot:0000000.000, avr:0000000.000, freq:0000000
2026-05-06T12:05:04     debug      Called : 09: min:0000000.000, max:0000000.000, tot:0000000.000, avr:0000000.000, freq:0000000
2026-05-06T12:05:04     debug      Called : 10: min:0000000.000, max:0000000.000, tot:0000000.000, avr:0000000.000, freq:0000000
2026-05-06T12:05:04     debug      Called : 11: min:0000000.000, max:0000000.000, tot:0000000.000, avr:0000000.000, freq:0000000
2026-05-06T12:05:04     debug      Called : 12: min:0000000.000, max:0000000.000, tot:0000000.000, avr:0000000.000, freq:0000000
2026-05-06T12:05:04     debug      Called : 13: min:0000000.000, max:0000000.000, tot:0000000.000, avr:0000000.000, freq:0000000
2026-05-06T12:05:04     debug      Called : 14: min:0000000.000, max:0000000.000, tot:0000000.000, avr:0000000.000, freq:0000000
2026-05-06T12:05:04     debug      Called : 15: min:0000000.000, max:0000000.000, tot:0000000.000, avr:0000000.000, freq:0000000
2026-05-06T12:05:04     debug      Called : 16: min:0000000.000, max:0000000.000, tot:0000000.000, avr:0000000.000, freq:0000000
2026-05-06T12:05:04     debug      Called : 17: min:0000000.000, max:0000000.000, tot:0000000.000, avr:0000000.000, freq:0000000
2026-05-06T12:05:04     debug      Called : 18: min:0000000.000, max:0000000.000, tot:0000000.000, avr:0000000.000, freq:0000000
2026-05-06T12:05:04     debug      Called : 19: min:0000000.000, max:0000000.000, tot:0000000.000, avr:0000000.000, freq:0000000
2026-05-06T12:05:04     binning    Thread : Binning completed. Elapsed time:0:06:24 
2026-05-06T12:05:04     binning    Thread : . . . Fold       : Min:1 - Max:209 
2026-05-06T12:05:04     binning    Thread : . . . Min-offsets: Min:22.36m - Max:358.47m 
2026-05-06T12:05:04     binning    Thread : . . . Max-offsets: Min:22.36m - Max:5158.34m 
2026-05-06T12:05:04     binning    Thread : . . . Rms-offsets: Min:0.00m - Max:309.82m 
2026-05-06T12:05:04     binning    Thread : . . . Max-gap   : Min:0.00m - Max:639.98m 
2026-05-06T12:05:05     info       Loaded : . . . Analysis: 671,044,500 traces available (showing 1,000,000 at a time)
2026-05-06T12:12:21     info       Parsing: D:/Roll/roll_samples/Noordoostpolder/Noordoostpolder.roll survey object succesfully parsed
2026-05-06T12:12:21     info       Params : D:/Roll/roll_samples/Noordoostpolder/Noordoostpolder.roll survey object read, containing 282 parameters+++

2026-05-06T12:12:28     info       Plugin : Started on Windows 11 v(10.0.26200)
2026-05-06T12:12:28     info       Library: Numba version 0.64.0 available for JIT acceleration
2026-05-06T12:12:28     info       Library: Numba is enabled, running in JIT mode
2026-05-06T12:12:28     info       Parsing: survey object succesfully parsed
2026-05-06T12:12:28     info       Params : survey object read, containing 282 parameters
2026-05-06T12:15:10     info       Opening: D:/Roll/roll_samples/Noordoostpolder/Noordoostpolder.roll
2026-05-06T12:15:10     info       Parsing: D:/Roll/roll_samples/Noordoostpolder/Noordoostpolder.roll
2026-05-06T12:15:10     info       Parsing: D:/Roll/roll_samples/Noordoostpolder/Noordoostpolder.roll survey object succesfully parsed
2026-05-06T12:15:10     info       Reading: D:/Roll/roll_samples/Noordoostpolder/Noordoostpolder.roll, success: True
2026-05-06T12:15:10     info       Loading: D:/Roll/roll_samples/Noordoostpolder/Noordoostpolder.roll analysis files
2026-05-06T12:15:10     info       Loading: . . . Analysis dims: nx=2630, ny=1215, binSize=(10.000,20.000)
2026-05-06T12:15:10     info       Loading: . . . Analysis file: .bin.npy exists=True
2026-05-06T12:15:10     info       Loading: . . . Analysis file: .min.npy exists=True
2026-05-06T12:15:10     info       Loading: . . . Analysis file: .max.npy exists=True
2026-05-06T12:15:10     info       Loading: . . . Analysis file: .rms.npy exists=True
2026-05-06T12:15:10     info       Loading: . . . Analysis file: .gap.npy exists=True
2026-05-06T12:15:10     info       Loading: . . . Analysis file: .off.npy exists=True
2026-05-06T12:15:10     info       Loading: . . . Analysis file: .azi.npy exists=True
2026-05-06T12:15:10     info       Loading: . . . Analysis file: .ana.npy exists=True
2026-05-06T12:15:10     info       Loaded : . . . Fold map  : Min:1 - Max:209 
2026-05-06T12:15:10     info       Loaded : . . . Min-offset: Min:22.36m - Max:358.47m 
2026-05-06T12:15:10     info       Loaded : . . . Max-offset: Min:22.36m - Max:5158.34m 
2026-05-06T12:15:10     info       Loaded : . . . Rms-offset: Min:0.00m - Max:309.82m 
2026-05-06T12:15:10     info       Loaded : . . . Max-gap   : Min:0.00m - Max:639.98m 
2026-05-06T12:15:10     info       Loaded : . . . offset histogram
2026-05-06T12:15:10     info       Loaded : . . . azi-offset histogram
2026-05-06T12:15:10     info       Analysis load: fold=210, maxFold=209
2026-05-06T12:15:10     info       Analysis load: nT=10736712000, expected=10736712000, delta=0
2026-05-06T12:15:10     info       Analysis load: an2Output.shape=(671044500, 16)
2026-05-06T12:15:10     info       Loaded : . . . Analysis  : 671,044,500 traces (reserved space)
2026-05-06T12:15:10     info       Loaded : . . . read 161,894 rec-records
2026-05-06T12:15:10     info       Loaded : . . . read 51,240 src-records
2026-05-06T12:15:10     info       Loaded : . . . read 1,795,499 rel-records
2026-05-06T12:15:10     info       Loaded : . . . Analysis: 671,044,500 traces available (showing 1,000,000 at a time)
2026-05-06T12:15:11     info       Params : D:/Roll/roll_samples/Noordoostpolder/Noordoostpolder.roll survey object read, containing 282 parameters
2026-05-06T12:15:19     binning    Starting full binning from geometry; preparing worker thread...
2026-05-06T12:15:19     binning    Thread : Prepare full-analysis buffer for 671,044,500 traces, with nx=2630, ny=1215, fold=210
2026-05-06T12:15:34     binning    Thread : Prepare memory mapped file for full analysis results.
2026-05-06T12:15:34     binning    Thread : Started 'Bin from geometry', using 51,240 shot points
2026-05-06T12:15:38     info       Binning: useExperimental=True, hasRel=True -> binFromGeometry10, fullAnalysis=True
2026-05-06T12:36:05     warning    Thread : User interrupted worker thread
2026-05-06T12:36:12     warning    Thread : worker thread is still running; waiting for thread to finish
2026-05-06T12:36:12     warning    Thread : Worker thread has stopped
2026-05-06T12:36:20     info       Parsing: D:/Roll/roll_samples/Noordoostpolder/Noordoostpolder.roll survey object succesfully parsed
2026-05-06T12:36:20     info       Params : D:/Roll/roll_samples/Noordoostpolder/Noordoostpolder.roll survey object read, containing 282 parameters+++

2026-05-06T12:36:25     info       Plugin : Started on Windows 11 v(10.0.26200)
2026-05-06T12:36:25     info       Library: Numba version 0.64.0 available for JIT acceleration
2026-05-06T12:36:25     info       Library: Numba is enabled, running in JIT mode
2026-05-06T12:36:25     info       Parsing: survey object succesfully parsed
2026-05-06T12:36:25     info       Params : survey object read, containing 282 parameters
2026-05-06T12:36:30     info       Opening: D:/Roll/roll_samples/Noordoostpolder/Noordoostpolder.roll
2026-05-06T12:36:30     info       Parsing: D:/Roll/roll_samples/Noordoostpolder/Noordoostpolder.roll
2026-05-06T12:36:30     info       Parsing: D:/Roll/roll_samples/Noordoostpolder/Noordoostpolder.roll survey object succesfully parsed
2026-05-06T12:36:30     info       Reading: D:/Roll/roll_samples/Noordoostpolder/Noordoostpolder.roll, success: True
2026-05-06T12:36:30     info       Loading: D:/Roll/roll_samples/Noordoostpolder/Noordoostpolder.roll analysis files
2026-05-06T12:36:30     info       Loading: . . . Analysis dims: nx=2630, ny=1215, binSize=(10.000,20.000)
2026-05-06T12:36:30     info       Loading: . . . Analysis file: .bin.npy exists=True
2026-05-06T12:36:30     info       Loading: . . . Analysis file: .min.npy exists=True
2026-05-06T12:36:30     info       Loading: . . . Analysis file: .max.npy exists=True
2026-05-06T12:36:30     info       Loading: . . . Analysis file: .rms.npy exists=True
2026-05-06T12:36:30     info       Loading: . . . Analysis file: .gap.npy exists=True
2026-05-06T12:36:30     info       Loading: . . . Analysis file: .off.npy exists=True
2026-05-06T12:36:30     info       Loading: . . . Analysis file: .azi.npy exists=True
2026-05-06T12:36:30     info       Loading: . . . Analysis file: .ana.npy exists=True
2026-05-06T12:36:30     info       Loaded : . . . Fold map  : Min:1 - Max:209 
2026-05-06T12:36:30     info       Loaded : . . . Min-offset: Min:22.36m - Max:358.47m 
2026-05-06T12:36:30     info       Loaded : . . . Max-offset: Min:22.36m - Max:5158.34m 
2026-05-06T12:36:30     info       Loaded : . . . Rms-offset: Min:0.00m - Max:309.82m 
2026-05-06T12:36:30     info       Loaded : . . . Max-gap   : Min:0.00m - Max:639.98m 
2026-05-06T12:36:30     info       Loaded : . . . offset histogram
2026-05-06T12:36:30     info       Loaded : . . . azi-offset histogram
2026-05-06T12:36:30     info       Analysis load: fold=210, maxFold=209
2026-05-06T12:36:30     info       Analysis load: nT=10736712000, expected=10736712000, delta=0
2026-05-06T12:36:30     info       Analysis load: an2Output.shape=(671044500, 16)
2026-05-06T12:36:30     info       Loaded : . . . Analysis  : 671,044,500 traces (reserved space)
2026-05-06T12:36:30     info       Loaded : . . . read 161,894 rec-records
2026-05-06T12:36:30     info       Loaded : . . . read 51,240 src-records
2026-05-06T12:36:30     info       Loaded : . . . read 1,795,499 rel-records
2026-05-06T12:36:30     info       Loaded : . . . Analysis: 671,044,500 traces available (showing 1,000,000 at a time)
2026-05-06T12:36:31     info       Params : D:/Roll/roll_samples/Noordoostpolder/Noordoostpolder.roll survey object read, containing 282 parameters
2026-05-06T12:36:47     binning    Starting full binning from geometry; preparing worker thread...
2026-05-06T12:36:48     binning    Thread : Prepare full-analysis buffer for 671,044,500 traces, with nx=2630, ny=1215, fold=210
2026-05-06T12:37:01     binning    Thread : Prepare memory mapped file for full analysis results.
2026-05-06T12:37:01     binning    Thread : Started 'Bin from geometry', using 51,240 shot points
2026-05-06T12:37:05     info       Binning: useExperimental=True, hasRel=True -> binFromGeometry10, fullAnalysis=True
2026-05-06T12:42:10     debug      Called : binFromGeometry() profiling information
2026-05-06T12:42:10     debug      Called : 00=gatherReceivers, 01=buildTraceArrays, 02=travelTime, 03=writeHelper
2026-05-06T12:42:10     debug      Called : Profiling summary: buildTraceArrays tot=0081462.404 ms (freq=0036741), writeHelper tot=0031303.194 ms (freq=0036741), dominant=buildTraceArrays, buildTraceArrays/writeHelper=2.60x
2026-05-06T12:42:10     debug      Called : 00: min:0000000.136, max:0000099.540, tot:0011123.429, avr:0000000.303, freq:0036741
2026-05-06T12:42:10     debug      Called : 01: min:0000000.406, max:0004127.905, tot:0081462.404, avr:0000002.217, freq:0036741
2026-05-06T12:42:10     debug      Called : 02: min:0000000.052, max:0000625.108, tot:0009446.623, avr:0000000.257, freq:0036741
2026-05-06T12:42:10     debug      Called : 03: min:0000000.224, max:0000241.218, tot:0031303.194, avr:0000000.852, freq:0036741
2026-05-06T12:42:10     debug      Called : 04: min:0000000.000, max:0000000.000, tot:0000000.000, avr:0000000.000, freq:0000000
2026-05-06T12:42:10     debug      Called : 05: min:0000000.000, max:0000000.000, tot:0000000.000, avr:0000000.000, freq:0000000
2026-05-06T12:42:10     debug      Called : 06: min:0000000.000, max:0000000.000, tot:0000000.000, avr:0000000.000, freq:0000000
2026-05-06T12:42:10     debug      Called : 07: min:0000000.000, max:0000000.000, tot:0000000.000, avr:0000000.000, freq:0000000
2026-05-06T12:42:10     debug      Called : 08: min:0000000.000, max:0000000.000, tot:0000000.000, avr:0000000.000, freq:0000000
2026-05-06T12:42:10     debug      Called : 09: min:0000000.000, max:0000000.000, tot:0000000.000, avr:0000000.000, freq:0000000
2026-05-06T12:42:10     debug      Called : 10: min:0000000.000, max:0000000.000, tot:0000000.000, avr:0000000.000, freq:0000000
2026-05-06T12:42:10     debug      Called : 11: min:0000000.000, max:0000000.000, tot:0000000.000, avr:0000000.000, freq:0000000
2026-05-06T12:42:10     debug      Called : 12: min:0000000.000, max:0000000.000, tot:0000000.000, avr:0000000.000, freq:0000000
2026-05-06T12:42:10     debug      Called : 13: min:0000000.000, max:0000000.000, tot:0000000.000, avr:0000000.000, freq:0000000
2026-05-06T12:42:10     debug      Called : 14: min:0000000.000, max:0000000.000, tot:0000000.000, avr:0000000.000, freq:0000000
2026-05-06T12:42:10     debug      Called : 15: min:0000000.000, max:0000000.000, tot:0000000.000, avr:0000000.000, freq:0000000
2026-05-06T12:42:10     debug      Called : 16: min:0000000.000, max:0000000.000, tot:0000000.000, avr:0000000.000, freq:0000000
2026-05-06T12:42:10     debug      Called : 17: min:0000000.000, max:0000000.000, tot:0000000.000, avr:0000000.000, freq:0000000
2026-05-06T12:42:10     debug      Called : 18: min:0000000.000, max:0000000.000, tot:0000000.000, avr:0000000.000, freq:0000000
2026-05-06T12:42:10     debug      Called : 19: min:0000000.000, max:0000000.000, tot:0000000.000, avr:0000000.000, freq:0000000
2026-05-06T12:42:10     binning    Thread : Binning completed. Elapsed time:0:05:10 
2026-05-06T12:42:10     binning    Thread : . . . Fold       : Min:0 - Max:209 
2026-05-06T12:42:10     binning    Thread : . . . Min-offsets: Min:22.36m - Max:4998.13m 
2026-05-06T12:42:10     binning    Thread : . . . Max-offsets: Min:22.36m - Max:5158.34m 
2026-05-06T12:42:10     binning    Thread : . . . Rms-offsets: Min:0.00m - Max:1376.98m 
2026-05-06T12:42:10     binning    Thread : . . . Max-gap   : Min:0.00m - Max:3274.95m 
2026-05-06T12:42:11     info       Loaded : . . . Analysis: 671,044,500 traces available (showing 1,000,000 at a time)
2026-05-06T13:02:12     binning    Starting full binning from templates; preparing worker thread...
2026-05-06T13:02:13     binning    Thread : Prepare full-analysis buffer for 671,044,500 traces, with nx=2630, ny=1215, fold=210
2026-05-06T13:02:26     binning    Thread : Prepare memory mapped file for full analysis results.
2026-05-06T13:02:26     binning    Thread : Started 'Bin from templates', using 51,240 shot points
2026-05-06T13:02:29     info       Binning: useExperimental=True -> binTemplate10, fullAnalysis=True
2026-05-06T13:08:47     debug      Called : binFromTemplates() profiling information
2026-05-06T13:08:47     debug      Called : 00=srcClip, 01=recPrepOrClip, 02=buildTraceArrays, 03=travelTime, 04=binMapFilter, 05=analysisWrite, 06=noAnalysisScatter
2026-05-06T13:08:47     debug      Called : Profiling summary: buildTraceArrays tot=0088028.421 ms (freq=0010248), analysisWrite tot=0037331.082 ms (freq=0010248), dominant=buildTraceArrays, buildTraceArrays/analysisWrite=2.36x
2026-05-06T13:08:47     debug      Called : 00: min:0000000.002, max:0000000.194, tot:0000045.414, avr:0000000.004, freq:0010248
2026-05-06T13:08:47     debug      Called : 01: min:0000000.087, max:0000002.537, tot:0001739.359, avr:0000000.170, freq:0010248
2026-05-06T13:08:47     debug      Called : 02: min:0000002.307, max:0000664.277, tot:0088028.421, avr:0000008.590, freq:0010248
2026-05-06T13:08:47     debug      Called : 03: min:0000000.186, max:0000743.795, tot:0008846.236, avr:0000000.863, freq:0010248
2026-05-06T13:08:47     debug      Called : 04: min:0000000.060, max:0000000.683, tot:0002045.961, avr:0000000.200, freq:0010248
2026-05-06T13:08:47     debug      Called : 05: min:0000000.756, max:0001410.175, tot:0037331.082, avr:0000003.643, freq:0010248
2026-05-06T13:08:47     debug      Called : 06: min:0000000.000, max:0000000.000, tot:0000000.000, avr:0000000.000, freq:0000000
2026-05-06T13:08:47     debug      Called : 07: min:0000000.000, max:0000000.000, tot:0000000.000, avr:0000000.000, freq:0000000
2026-05-06T13:08:47     debug      Called : 08: min:0000000.000, max:0000000.000, tot:0000000.000, avr:0000000.000, freq:0000000
2026-05-06T13:08:47     debug      Called : 09: min:0000000.000, max:0000000.000, tot:0000000.000, avr:0000000.000, freq:0000000
2026-05-06T13:08:47     debug      Called : 10: min:0000000.000, max:0000000.000, tot:0000000.000, avr:0000000.000, freq:0000000
2026-05-06T13:08:47     debug      Called : 11: min:0000000.000, max:0000000.000, tot:0000000.000, avr:0000000.000, freq:0000000
2026-05-06T13:08:47     debug      Called : 12: min:0000000.000, max:0000000.000, tot:0000000.000, avr:0000000.000, freq:0000000
2026-05-06T13:08:47     debug      Called : 13: min:0000000.000, max:0000000.000, tot:0000000.000, avr:0000000.000, freq:0000000
2026-05-06T13:08:47     debug      Called : 14: min:0000000.000, max:0000000.000, tot:0000000.000, avr:0000000.000, freq:0000000
2026-05-06T13:08:47     debug      Called : 15: min:0000000.000, max:0000000.000, tot:0000000.000, avr:0000000.000, freq:0000000
2026-05-06T13:08:47     debug      Called : 16: min:0000000.000, max:0000000.000, tot:0000000.000, avr:0000000.000, freq:0000000
2026-05-06T13:08:47     debug      Called : 17: min:0000000.000, max:0000000.000, tot:0000000.000, avr:0000000.000, freq:0000000
2026-05-06T13:08:47     debug      Called : 18: min:0000000.000, max:0000000.000, tot:0000000.000, avr:0000000.000, freq:0000000
2026-05-06T13:08:47     debug      Called : 19: min:0000000.000, max:0000000.000, tot:0000000.000, avr:0000000.000, freq:0000000
2026-05-06T13:08:47     binning    Thread : Binning completed. Elapsed time:0:06:21 
2026-05-06T13:08:47     binning    Thread : . . . Fold       : Min:1 - Max:209 
2026-05-06T13:08:47     binning    Thread : . . . Min-offsets: Min:22.36m - Max:358.47m 
2026-05-06T13:08:47     binning    Thread : . . . Max-offsets: Min:22.36m - Max:5158.34m 
2026-05-06T13:08:47     binning    Thread : . . . Rms-offsets: Min:0.00m - Max:309.82m 
2026-05-06T13:08:47     binning    Thread : . . . Max-gap   : Min:0.00m - Max:639.98m 
2026-05-06T13:08:47     info       Loaded : . . . Analysis: 671,044,500 traces available (showing 1,000,000 at a time)
2026-05-06T13:09:26     binning    Starting full binning from geometry; preparing worker thread...
2026-05-06T13:09:26     binning    Thread : Prepare full-analysis buffer for 671,044,500 traces, with nx=2630, ny=1215, fold=210
2026-05-06T13:09:40     binning    Thread : Prepare memory mapped file for full analysis results.
2026-05-06T13:09:40     binning    Thread : Started 'Bin from geometry', using 51,240 shot points
2026-05-06T13:09:44     info       Binning: useExperimental=True, hasRel=True -> binFromGeometry10, fullAnalysis=True
2026-05-06T13:14:39     debug      Called : binFromGeometry() profiling information
2026-05-06T13:14:39     debug      Called : 00=gatherReceivers, 01=buildTraceArrays, 02=travelTime, 03=writeHelper
2026-05-06T13:14:39     debug      Called : Profiling summary: buildTraceArrays tot=0079770.729 ms (freq=0036741), writeHelper tot=0032986.579 ms (freq=0036741), dominant=buildTraceArrays, buildTraceArrays/writeHelper=2.42x
2026-05-06T13:14:39     debug      Called : 00: min:0000000.136, max:0000478.585, tot:0011946.320, avr:0000000.325, freq:0036741
2026-05-06T13:14:39     debug      Called : 01: min:0000000.402, max:0000543.874, tot:0079770.729, avr:0000002.171, freq:0036741
2026-05-06T13:14:39     debug      Called : 02: min:0000000.053, max:0000439.370, tot:0009432.861, avr:0000000.257, freq:0036741
2026-05-06T13:14:39     debug      Called : 03: min:0000000.222, max:0000544.080, tot:0032986.579, avr:0000000.898, freq:0036741
2026-05-06T13:14:39     debug      Called : 04: min:0000000.000, max:0000000.000, tot:0000000.000, avr:0000000.000, freq:0000000
2026-05-06T13:14:39     debug      Called : 05: min:0000000.000, max:0000000.000, tot:0000000.000, avr:0000000.000, freq:0000000
2026-05-06T13:14:39     debug      Called : 06: min:0000000.000, max:0000000.000, tot:0000000.000, avr:0000000.000, freq:0000000
2026-05-06T13:14:39     debug      Called : 07: min:0000000.000, max:0000000.000, tot:0000000.000, avr:0000000.000, freq:0000000
2026-05-06T13:14:39     debug      Called : 08: min:0000000.000, max:0000000.000, tot:0000000.000, avr:0000000.000, freq:0000000
2026-05-06T13:14:39     debug      Called : 09: min:0000000.000, max:0000000.000, tot:0000000.000, avr:0000000.000, freq:0000000
2026-05-06T13:14:39     debug      Called : 10: min:0000000.000, max:0000000.000, tot:0000000.000, avr:0000000.000, freq:0000000
2026-05-06T13:14:39     debug      Called : 11: min:0000000.000, max:0000000.000, tot:0000000.000, avr:0000000.000, freq:0000000
2026-05-06T13:14:39     debug      Called : 12: min:0000000.000, max:0000000.000, tot:0000000.000, avr:0000000.000, freq:0000000
2026-05-06T13:14:39     debug      Called : 13: min:0000000.000, max:0000000.000, tot:0000000.000, avr:0000000.000, freq:0000000
2026-05-06T13:14:39     debug      Called : 14: min:0000000.000, max:0000000.000, tot:0000000.000, avr:0000000.000, freq:0000000
2026-05-06T13:14:39     debug      Called : 15: min:0000000.000, max:0000000.000, tot:0000000.000, avr:0000000.000, freq:0000000
2026-05-06T13:14:39     debug      Called : 16: min:0000000.000, max:0000000.000, tot:0000000.000, avr:0000000.000, freq:0000000
2026-05-06T13:14:39     debug      Called : 17: min:0000000.000, max:0000000.000, tot:0000000.000, avr:0000000.000, freq:0000000
2026-05-06T13:14:39     debug      Called : 18: min:0000000.000, max:0000000.000, tot:0000000.000, avr:0000000.000, freq:0000000
2026-05-06T13:14:39     debug      Called : 19: min:0000000.000, max:0000000.000, tot:0000000.000, avr:0000000.000, freq:0000000
2026-05-06T13:14:39     binning    Thread : Binning completed. Elapsed time:0:04:59 
2026-05-06T13:14:39     binning    Thread : . . . Fold       : Min:0 - Max:209 
2026-05-06T13:14:39     binning    Thread : . . . Min-offsets: Min:22.36m - Max:4998.13m 
2026-05-06T13:14:39     binning    Thread : . . . Max-offsets: Min:22.36m - Max:5158.34m 
2026-05-06T13:14:39     binning    Thread : . . . Rms-offsets: Min:0.00m - Max:1376.98m 
2026-05-06T13:14:39     binning    Thread : . . . Max-gap   : Min:0.00m - Max:3274.95m 
2026-05-06T13:14:39     info       Loaded : . . . Analysis: 671,044,500 traces available (showing 1,000,000 at a time)
2026-05-06T14:18:58     info       Parsing: D:/Roll/roll_samples/Noordoostpolder/Noordoostpolder.roll survey object succesfully parsed
2026-05-06T14:18:58     info       Params : D:/Roll/roll_samples/Noordoostpolder/Noordoostpolder.roll survey object read, containing 282 parameters+++

2026-05-06T14:36:38     info       Plugin : Started on Windows 11 v(10.0.26200)
2026-05-06T14:36:38     info       Library: Numba version 0.65.1 available for JIT acceleration
2026-05-06T14:36:38     info       Library: Numba is enabled, running in JIT mode
2026-05-06T14:36:38     info       Parsing: survey object succesfully parsed
2026-05-06T14:36:39     info       Params : survey object read, containing 282 parameters
2026-05-06T14:37:04     info       Opening: D:/Roll/roll_samples/Noordoostpolder/Noordoostpolder.roll
2026-05-06T14:37:04     info       Parsing: D:/Roll/roll_samples/Noordoostpolder/Noordoostpolder.roll
2026-05-06T14:37:04     info       Parsing: D:/Roll/roll_samples/Noordoostpolder/Noordoostpolder.roll survey object succesfully parsed
2026-05-06T14:37:04     info       Reading: D:/Roll/roll_samples/Noordoostpolder/Noordoostpolder.roll, success: True
2026-05-06T14:37:04     info       Loading: D:/Roll/roll_samples/Noordoostpolder/Noordoostpolder.roll analysis files
2026-05-06T14:37:04     info       Loading: . . . Analysis dims: nx=2630, ny=1215, binSize=(10.000,20.000)
2026-05-06T14:37:04     info       Loading: . . . Analysis file: .bin.npy exists=True
2026-05-06T14:37:04     info       Loading: . . . Analysis file: .min.npy exists=True
2026-05-06T14:37:04     info       Loading: . . . Analysis file: .max.npy exists=True
2026-05-06T14:37:04     info       Loading: . . . Analysis file: .rms.npy exists=True
2026-05-06T14:37:04     info       Loading: . . . Analysis file: .gap.npy exists=True
2026-05-06T14:37:04     info       Loading: . . . Analysis file: .off.npy exists=True
2026-05-06T14:37:04     info       Loading: . . . Analysis file: .azi.npy exists=True
2026-05-06T14:37:04     info       Loading: . . . Analysis file: .ana.npy exists=True
2026-05-06T14:37:04     info       Loaded : . . . Fold map  : Min:0 - Max:209 
2026-05-06T14:37:04     info       Loaded : . . . Min-offset: Min:22.36m - Max:4998.13m 
2026-05-06T14:37:04     info       Loaded : . . . Max-offset: Min:22.36m - Max:5158.34m 
2026-05-06T14:37:04     info       Loaded : . . . Rms-offset: Min:0.00m - Max:1376.98m 
2026-05-06T14:37:04     info       Loaded : . . . Max-gap   : Min:0.00m - Max:3274.95m 
2026-05-06T14:37:04     info       Loaded : . . . offset histogram
2026-05-06T14:37:04     info       Loaded : . . . azi-offset histogram
2026-05-06T14:37:04     info       Analysis load: fold=210, maxFold=209
2026-05-06T14:37:04     info       Analysis load: nT=10736712000, expected=10736712000, delta=0
2026-05-06T14:37:04     info       Analysis load: an2Output.shape=(671044500, 16)
2026-05-06T14:37:04     info       Loaded : . . . Analysis  : 671,044,500 traces (reserved space)
2026-05-06T14:37:04     info       Loaded : . . . read 161,894 rec-records
2026-05-06T14:37:04     info       Loaded : . . . read 51,240 src-records
2026-05-06T14:37:04     info       Loaded : . . . read 1,795,499 rel-records
2026-05-06T14:37:04     info       Loaded : . . . Analysis: 671,044,500 traces available (showing 1,000,000 at a time)
2026-05-06T14:37:05     info       Params : D:/Roll/roll_samples/Noordoostpolder/Noordoostpolder.roll survey object read, containing 282 parameters
2026-05-06T14:37:16     binning    Starting full binning from geometry; preparing worker thread...
2026-05-06T14:37:17     binning    Thread : Prepare full-analysis buffer for 671,044,500 traces, with nx=2630, ny=1215, fold=210
2026-05-06T14:37:30     binning    Thread : Prepare memory mapped file for full analysis results.
2026-05-06T14:37:30     binning    Thread : Started 'Bin from geometry', using 51,240 shot points
2026-05-06T14:37:33     info       Binning: useExperimental=True, hasRel=True -> binFromGeometry10, fullAnalysis=True
2026-05-06T14:41:44     debug      Called : binFromGeometry() profiling information
2026-05-06T14:41:44     debug      Called : 00=gatherReceivers, 01=buildTraceArrays, 02=travelTime, 03=writeHelper
2026-05-06T14:41:44     debug      Called : Profiling summary: buildTraceArrays tot=0058808.148 ms (freq=0036741), writeHelper tot=0026356.739 ms (freq=0036741), dominant=buildTraceArrays, buildTraceArrays/writeHelper=2.23x
2026-05-06T14:41:44     debug      Called : 00: min:0000000.397, max:0000303.636, tot:0029099.696, avr:0000000.792, freq:0036741
2026-05-06T14:41:44     debug      Called : 01: min:0000000.377, max:0001265.138, tot:0058808.148, avr:0000001.601, freq:0036741
2026-05-06T14:41:44     debug      Called : 02: min:0000000.048, max:0000000.533, tot:0007245.549, avr:0000000.197, freq:0036741
2026-05-06T14:41:44     debug      Called : 03: min:0000000.203, max:0000162.547, tot:0026356.739, avr:0000000.717, freq:0036741
2026-05-06T14:41:44     debug      Called : 04: min:0000000.000, max:0000000.000, tot:0000000.000, avr:0000000.000, freq:0000000
2026-05-06T14:41:44     debug      Called : 05: min:0000000.000, max:0000000.000, tot:0000000.000, avr:0000000.000, freq:0000000
2026-05-06T14:41:44     debug      Called : 06: min:0000000.000, max:0000000.000, tot:0000000.000, avr:0000000.000, freq:0000000
2026-05-06T14:41:44     debug      Called : 07: min:0000000.000, max:0000000.000, tot:0000000.000, avr:0000000.000, freq:0000000
2026-05-06T14:41:44     debug      Called : 08: min:0000000.000, max:0000000.000, tot:0000000.000, avr:0000000.000, freq:0000000
2026-05-06T14:41:44     debug      Called : 09: min:0000000.000, max:0000000.000, tot:0000000.000, avr:0000000.000, freq:0000000
2026-05-06T14:41:44     debug      Called : 10: min:0000000.000, max:0000000.000, tot:0000000.000, avr:0000000.000, freq:0000000
2026-05-06T14:41:44     debug      Called : 11: min:0000000.000, max:0000000.000, tot:0000000.000, avr:0000000.000, freq:0000000
2026-05-06T14:41:44     debug      Called : 12: min:0000000.000, max:0000000.000, tot:0000000.000, avr:0000000.000, freq:0000000
2026-05-06T14:41:44     debug      Called : 13: min:0000000.000, max:0000000.000, tot:0000000.000, avr:0000000.000, freq:0000000
2026-05-06T14:41:44     debug      Called : 14: min:0000000.000, max:0000000.000, tot:0000000.000, avr:0000000.000, freq:0000000
2026-05-06T14:41:44     debug      Called : 15: min:0000000.000, max:0000000.000, tot:0000000.000, avr:0000000.000, freq:0000000
2026-05-06T14:41:44     debug      Called : 16: min:0000000.000, max:0000000.000, tot:0000000.000, avr:0000000.000, freq:0000000
2026-05-06T14:41:44     debug      Called : 17: min:0000000.000, max:0000000.000, tot:0000000.000, avr:0000000.000, freq:0000000
2026-05-06T14:41:44     debug      Called : 18: min:0000000.000, max:0000000.000, tot:0000000.000, avr:0000000.000, freq:0000000
2026-05-06T14:41:44     debug      Called : 19: min:0000000.000, max:0000000.000, tot:0000000.000, avr:0000000.000, freq:0000000
2026-05-06T14:41:44     binning    Thread : Binning completed. Elapsed time:0:04:14 
2026-05-06T14:41:44     binning    Thread : . . . Fold       : Min:0 - Max:209 
2026-05-06T14:41:44     binning    Thread : . . . Min-offsets: Min:22.36m - Max:4998.13m 
2026-05-06T14:41:44     binning    Thread : . . . Max-offsets: Min:22.36m - Max:5158.34m 
2026-05-06T14:41:44     binning    Thread : . . . Rms-offsets: Min:0.00m - Max:1376.98m 
2026-05-06T14:41:44     binning    Thread : . . . Max-gap   : Min:0.00m - Max:3274.95m 
2026-05-06T14:41:44     info       Loaded : . . . Analysis: 671,044,500 traces available (showing 1,000,000 at a time)
2026-05-06T15:03:25     info       Parsing: D:/Roll/roll_samples/Noordoostpolder/Noordoostpolder.roll survey object succesfully parsed
2026-05-06T15:03:25     info       Params : D:/Roll/roll_samples/Noordoostpolder/Noordoostpolder.roll survey object read, containing 282 parameters+++

