2025-09-16T11:28:13     info       Parsing: survey object succesfully parsed
2025-09-16T11:28:13     info       Params : survey object read, containing 282 parameters
2025-09-16T11:28:13     info       Plugin : Started on Windows 11 v(10.0.26100)
2025-09-16T11:28:29     info       Opening: D:/Roll/roll_samples/brick/Brick_001.roll
2025-09-16T11:28:29     info       Parsing: D:/Roll/roll_samples/brick/Brick_001.roll
2025-09-16T11:28:29     info       Parsing: D:/Roll/roll_samples/brick/Brick_001.roll survey object succesfully parsed
2025-09-16T11:28:29     info       Reading: D:/Roll/roll_samples/brick/Brick_001.roll
2025-09-16T11:28:29     info       Loading: D:/Roll/roll_samples/brick/Brick_001.roll analysis files
2025-09-16T11:28:29     info       Loaded : . . . Fold map  : Min:1 - Max:40 
2025-09-16T11:28:29     info       Loaded : . . . Min-offset: Min:35.36m - Max:6002.60m 
2025-09-16T11:28:29     info       Loaded : . . . Max-offset: Min:2113.35m - Max:6038.73m 
2025-09-16T11:28:29     info       Loaded : . . . Rms-offset: Min:0.00m - Max:99.91m 
2025-09-16T11:28:29     info       Loaded : . . . Analysis  : 1,264,000 traces (reserved space)
2025-09-16T11:28:29     info       Loaded : . . . read 7,506 rec-records
2025-09-16T11:28:29     info       Loaded : . . . read 1,200 src-records
2025-09-16T11:28:29     info       Loaded : . . . read 9,600 rel-records
2025-09-16T11:28:30     info       Params : D:/Roll/roll_samples/brick/Brick_001.roll survey object read, containing 364 parameters
2025-09-16T11:28:52     binning    Thread : started 'Bin from geometry', using 1,200 shot points
2025-09-16T11:28:52     error      Thread : . . . aborted binning operation
2025-09-16T11:28:52     error      Thread : . . . file: roll_survey.py, function: binFromGeometry4(), line: 1194, error: no field of name InUse
2025-09-16T11:29:17     geometry   Thread : started 'Create Geometry from Templates', from 1,200 shot points
2025-09-16T11:29:19     geometry   Thread : completed 'Create Geometry from Templates'. Elapsed time:0:00:02 
2025-09-16T11:29:32     binning    Thread : started 'Bin from geometry', using 1,200 shot points
2025-09-16T11:29:34     binning    Thread : Binning completed. Elapsed time:0:00:03 
2025-09-16T11:29:34     binning    Thread : . . . Fold       : Min:1 - Max:40 
2025-09-16T11:29:34     binning    Thread : . . . Min-offsets: Min:35.36m - Max:6002.60m 
2025-09-16T11:29:34     binning    Thread : . . . Max-offsets: Min:2113.35m - Max:6038.73m 
2025-09-16T11:29:34     binning    Thread : . . . Rms-offsets: Min:0.00m - Max:0.00m 
2025-09-16T11:29:51     binning    Thread : prepare memory mapped file for 1,264,000 traces, with nx=316, ny=80, fold=50
2025-09-16T11:29:51     binning    Thread : started 'Bin from geometry', using 1,200 shot points
2025-09-16T11:29:57     binning    Thread : Binning completed. Elapsed time:0:00:07 
2025-09-16T11:29:57     binning    Thread : . . . Fold       : Min:1 - Max:40 
2025-09-16T11:29:57     binning    Thread : . . . Min-offsets: Min:35.36m - Max:6002.60m 
2025-09-16T11:29:57     binning    Thread : . . . Max-offsets: Min:2113.35m - Max:6038.73m 
2025-09-16T11:29:57     binning    Thread : . . . Rms-offsets: Min:0.00m - Max:99.91m 
2025-09-16T11:30:30     info       Opening: D:/Roll/roll_samples/other/Abtswoudsebrug_001.roll
2025-09-16T11:30:30     info       Parsing: D:/Roll/roll_samples/other/Abtswoudsebrug_001.roll
2025-09-16T11:30:30     info       Parsing: D:/Roll/roll_samples/other/Abtswoudsebrug_001.roll survey object succesfully parsed
2025-09-16T11:30:30     info       Reading: D:/Roll/roll_samples/other/Abtswoudsebrug_001.roll
2025-09-16T11:30:30     info       Loading: D:/Roll/roll_samples/other/Abtswoudsebrug_001.roll analysis files
2025-09-16T11:30:30     info       Params : D:/Roll/roll_samples/other/Abtswoudsebrug_001.roll survey object read, containing 222 parameters
2025-09-16T11:30:52     binning    Thread : started 'Bin from templates', using 8,364 shot points
2025-09-16T11:30:59     binning    Thread : Binning completed. Elapsed time:0:00:07 
2025-09-16T11:30:59     binning    Thread : . . . Fold       : Min:0 - Max:96 
2025-09-16T11:30:59     binning    Thread : . . . Min-offsets: Min:35.36m - Max:6002.60m 
2025-09-16T11:30:59     binning    Thread : . . . Max-offsets: Min:5541.32m - Max:6025.05m 
2025-09-16T11:31:36     info       Edited : D:/Roll/roll_samples/other/Abtswoudsebrug_001.roll survey object updated
2025-09-16T11:31:53     binning    Thread : started 'Bin from templates', using 8,364 shot points
2025-09-16T11:32:31     binning    Thread : Binning completed. Elapsed time:0:00:39 
2025-09-16T11:32:31     binning    Thread : . . . Fold       : Min:0 - Max:96 
2025-09-16T11:32:31     binning    Thread : . . . Min-offsets: Min:35.36m - Max:6002.60m 
2025-09-16T11:32:31     binning    Thread : . . . Max-offsets: Min:5541.32m - Max:6025.05m 
2025-09-16T11:32:41     info       Saved  : D:/Roll/roll_samples/other/Abtswoudsebrug_001.roll
2025-09-16T11:32:44     binning    Thread : prepare memory mapped file for 30,443,200 traces, with nx=718, ny=424, fold=100
2025-09-16T11:32:44     binning    Thread : started 'Bin from templates', using 8,364 shot points
2025-09-16T11:34:38     binning    Thread : Binning completed. Elapsed time:0:01:54 
2025-09-16T11:34:38     binning    Thread : . . . Fold       : Min:0 - Max:96 
2025-09-16T11:34:38     binning    Thread : . . . Min-offsets: Min:35.36m - Max:6002.60m 
2025-09-16T11:34:38     binning    Thread : . . . Max-offsets: Min:5541.32m - Max:6025.05m 
2025-09-16T11:34:38     binning    Thread : . . . Rms-offsets: Min:0.00m - Max:229.83m 
2025-09-16T11:35:39     geometry   Thread : started 'Create Geometry from Templates', from 8,364 shot points
2025-09-16T11:35:55     geometry   Thread : completed 'Create Geometry from Templates'. Elapsed time:0:00:16 
2025-09-16T11:37:41     binning    Thread : prepare memory mapped file for 30,443,200 traces, with nx=718, ny=424, fold=100
2025-09-16T11:37:41     binning    Thread : started 'Bin from geometry', using 8,364 shot points
2025-09-16T11:39:40     binning    Thread : Binning completed. Elapsed time:0:01:59 
2025-09-16T11:39:40     binning    Thread : . . . Fold       : Min:0 - Max:96 
2025-09-16T11:39:40     binning    Thread : . . . Min-offsets: Min:35.36m - Max:6002.60m 
2025-09-16T11:39:40     binning    Thread : . . . Max-offsets: Min:5541.32m - Max:6025.05m 
2025-09-16T11:39:40     binning    Thread : . . . Rms-offsets: Min:0.00m - Max:229.83m 
2025-09-16T11:41:55     info       Parsing: D:/Roll/roll_samples/other/Abtswoudsebrug_001.roll survey object succesfully parsed
2025-09-16T11:41:55     info       Params : D:/Roll/roll_samples/other/Abtswoudsebrug_001.roll survey object read, containing 282 parameters+++

2025-09-16T11:47:31     info       Parsing: survey object succesfully parsed
2025-09-16T11:47:31     info       Params : survey object read, containing 282 parameters
2025-09-16T11:47:31     info       Plugin : Started on Windows 11 v(10.0.26100)
2025-09-16T11:47:49     info       Opening: D:/Roll/roll_samples/other/TripleZigzag_001.roll
2025-09-16T11:47:49     info       Parsing: D:/Roll/roll_samples/other/TripleZigzag_001.roll
2025-09-16T11:47:49     info       Parsing: D:/Roll/roll_samples/other/TripleZigzag_001.roll survey object succesfully parsed
2025-09-16T11:47:49     info       Reading: D:/Roll/roll_samples/other/TripleZigzag_001.roll
2025-09-16T11:47:49     info       Loading: D:/Roll/roll_samples/other/TripleZigzag_001.roll analysis files
2025-09-16T11:47:50     info       Params : D:/Roll/roll_samples/other/TripleZigzag_001.roll survey object read, containing 1014 parameters
2025-09-16T11:48:15     binning    Thread : started 'Bin from templates', using 13,824 shot points
2025-09-16T11:49:21     binning    Thread : Binning completed. Elapsed time:0:01:07 
2025-09-16T11:49:21     binning    Thread : . . . Fold       : Min:0 - Max:180 
2025-09-16T11:49:21     binning    Thread : . . . Min-offsets: Min:35.36m - Max:6372.70m 
2025-09-16T11:49:21     binning    Thread : . . . Max-offsets: Min:4796.48m - Max:6372.70m 
2025-09-16T11:49:34     binning    Thread : prepare memory mapped file for 53,887,680 traces, with nx=630, ny=432, fold=198
2025-09-16T11:49:35     binning    Thread : started 'Bin from templates', using 13,824 shot points
2025-09-16T11:49:47     error      Thread : . . . aborted binning operation
2025-09-16T11:49:47     error      Thread : . . . binning from templates cancelled by user
2025-09-16T11:49:54     info       Opening: D:/Roll/roll_samples/Noordoostpolder/Noordoostpolder.roll
2025-09-16T11:49:54     info       Parsing: D:/Roll/roll_samples/Noordoostpolder/Noordoostpolder.roll
2025-09-16T11:49:54     info       Parsing: D:/Roll/roll_samples/Noordoostpolder/Noordoostpolder.roll survey object succesfully parsed
2025-09-16T11:49:54     info       Reading: D:/Roll/roll_samples/Noordoostpolder/Noordoostpolder.roll
2025-09-16T11:49:54     info       Loading: D:/Roll/roll_samples/Noordoostpolder/Noordoostpolder.roll analysis files
2025-09-16T11:49:54     info       Loaded : . . . Fold map  : Min:0 - Max:209 
2025-09-16T11:49:54     info       Loaded : . . . Min-offset: Min:22.36m - Max:4972.05m 
2025-09-16T11:49:54     info       Loaded : . . . Max-offset: Min:22.36m - Max:5158.34m 
2025-09-16T11:49:54     info       Loaded : . . . offset histogram
2025-09-16T11:49:54     info       Loaded : . . . azi-offset histogram
2025-09-16T11:49:54     info       Loaded : . . . Analysis  : 671,044,500 traces (reserved space)
2025-09-16T11:49:54     error      Loaded : . . . Analysis  : 671,044,500 traces; too large to display in Trace Table
2025-09-16T11:49:54     info       Loaded : . . . read 161,894 rec-records
2025-09-16T11:49:54     info       Loaded : . . . read 51,240 src-records
2025-09-16T11:49:54     info       Loaded : . . . read 1,795,499 rel-records
2025-09-16T11:49:55     info       Params : D:/Roll/roll_samples/Noordoostpolder/Noordoostpolder.roll survey object read, containing 282 parameters
2025-09-16T11:50:04     binning    Thread : prepare memory mapped file for 671,044,500 traces, with nx=2630, ny=1215, fold=210
2025-09-16T11:50:14     binning    Thread : started 'Bin from templates', using 51,240 shot points
2025-09-16T12:56:42     error      Loaded : . . . Analysis  : 671,044,500 traces; too large to display in Trace Table
2025-09-16T12:56:43     binning    Thread : Binning completed. Elapsed time:1:06:29 
2025-09-16T12:56:43     binning    Thread : . . . Fold       : Min:1 - Max:209 
2025-09-16T12:56:43     binning    Thread : . . . Min-offsets: Min:22.36m - Max:358.47m 
2025-09-16T12:56:43     binning    Thread : . . . Max-offsets: Min:22.36m - Max:5158.34m 
2025-09-16T12:56:43     binning    Thread : . . . Rms-offsets: Min:0.00m - Max:309.82m 
2025-09-16T12:58:27     info       Parsing: D:/Roll/roll_samples/Noordoostpolder/Noordoostpolder.roll survey object succesfully parsed
2025-09-16T12:58:28     info       Params : D:/Roll/roll_samples/Noordoostpolder/Noordoostpolder.roll survey object read, containing 282 parameters+++

2025-09-16T16:25:15     info       Parsing: survey object succesfully parsed
2025-09-16T16:25:15     info       Params : survey object read, containing 282 parameters
2025-09-16T16:25:15     info       Plugin : Started on Windows 11 v(10.0.26100)
2025-09-16T16:25:24     info       Opening: D:/Roll/roll_samples/other/Abtswoudsebrug_001.roll
2025-09-16T16:25:24     info       Parsing: D:/Roll/roll_samples/other/Abtswoudsebrug_001.roll
2025-09-16T16:25:24     info       Parsing: D:/Roll/roll_samples/other/Abtswoudsebrug_001.roll survey object succesfully parsed
2025-09-16T16:25:24     info       Reading: D:/Roll/roll_samples/other/Abtswoudsebrug_001.roll
2025-09-16T16:25:24     info       Loading: D:/Roll/roll_samples/other/Abtswoudsebrug_001.roll analysis files
2025-09-16T16:25:24     info       Loaded : . . . Fold map  : Min:0 - Max:96 
2025-09-16T16:25:24     info       Loaded : . . . Min-offset: Min:35.36m - Max:6002.60m 
2025-09-16T16:25:24     info       Loaded : . . . Max-offset: Min:5541.32m - Max:6025.05m 
2025-09-16T16:25:24     info       Loaded : . . . Rms-offset: Min:0.00m - Max:229.83m 
2025-09-16T16:25:24     info       Loaded : . . . Analysis  : 30,443,200 traces (reserved space)
2025-09-16T16:25:24     info       Loaded : . . . read 25,520 rec-records
2025-09-16T16:25:24     info       Loaded : . . . read 8,364 src-records
2025-09-16T16:25:24     info       Loaded : . . . read 66,912 rel-records
2025-09-16T16:25:25     info       Params : D:/Roll/roll_samples/other/Abtswoudsebrug_001.roll survey object read, containing 222 parameters
2025-09-16T16:25:33     binning    Thread : prepare memory mapped file for 30,443,200 traces, with nx=718, ny=424, fold=100
2025-09-16T16:25:34     binning    Thread : started 'Bin from templates', using 8,364 shot points
2025-09-16T16:27:28     binning    Thread : Binning completed. Elapsed time:0:01:54 
2025-09-16T16:27:28     binning    Thread : . . . Fold       : Min:0 - Max:96 
2025-09-16T16:27:28     binning    Thread : . . . Min-offsets: Min:35.36m - Max:6002.60m 
2025-09-16T16:27:28     binning    Thread : . . . Max-offsets: Min:5541.32m - Max:6025.05m 
2025-09-16T16:27:28     binning    Thread : . . . Rms-offsets: Min:0.00m - Max:229.83m 
2025-09-16T16:33:57     geometry   Thread : started 'Create Geometry from Templates', from 8,364 shot points
2025-09-16T16:34:13     geometry   Thread : completed 'Create Geometry from Templates'. Elapsed time:0:00:17 
2025-09-16T16:34:22     binning    Thread : prepare memory mapped file for 30,443,200 traces, with nx=718, ny=424, fold=100
2025-09-16T16:34:22     binning    Thread : started 'Bin from geometry', using 8,364 shot points
2025-09-16T16:36:17     binning    Thread : Binning completed. Elapsed time:0:01:55 
2025-09-16T16:36:17     binning    Thread : . . . Fold       : Min:0 - Max:96 
2025-09-16T16:36:17     binning    Thread : . . . Min-offsets: Min:35.36m - Max:6002.60m 
2025-09-16T16:36:17     binning    Thread : . . . Max-offsets: Min:5541.32m - Max:6025.05m 
2025-09-16T16:36:17     binning    Thread : . . . Rms-offsets: Min:0.00m - Max:229.83m 
2025-09-16T16:36:43     info       Opening: D:/Roll/roll_samples/Noordoostpolder/Noordoostpolder.roll
2025-09-16T16:36:43     info       Parsing: D:/Roll/roll_samples/Noordoostpolder/Noordoostpolder.roll
2025-09-16T16:36:43     info       Parsing: D:/Roll/roll_samples/Noordoostpolder/Noordoostpolder.roll survey object succesfully parsed
2025-09-16T16:36:43     info       Reading: D:/Roll/roll_samples/Noordoostpolder/Noordoostpolder.roll
2025-09-16T16:36:43     info       Loading: D:/Roll/roll_samples/Noordoostpolder/Noordoostpolder.roll analysis files
2025-09-16T16:36:43     info       Loaded : . . . Fold map  : Min:1 - Max:209 
2025-09-16T16:36:43     info       Loaded : . . . Min-offset: Min:22.36m - Max:358.47m 
2025-09-16T16:36:43     info       Loaded : . . . Max-offset: Min:22.36m - Max:5158.34m 
2025-09-16T16:36:43     info       Loaded : . . . Rms-offset: Min:0.00m - Max:309.82m 
2025-09-16T16:36:43     info       Loaded : . . . offset histogram
2025-09-16T16:36:43     info       Loaded : . . . azi-offset histogram
2025-09-16T16:36:43     info       Loaded : . . . Analysis  : 671,044,500 traces (reserved space)
2025-09-16T16:36:43     error      Loaded : . . . Analysis  : 671,044,500 traces; too large to display in Trace Table
2025-09-16T16:36:43     info       Loaded : . . . read 161,894 rec-records
2025-09-16T16:36:43     info       Loaded : . . . read 51,240 src-records
2025-09-16T16:36:43     info       Loaded : . . . read 1,795,499 rel-records
2025-09-16T16:36:43     info       Params : D:/Roll/roll_samples/Noordoostpolder/Noordoostpolder.roll survey object read, containing 282 parameters
2025-09-16T16:36:50     binning    Thread : prepare memory mapped file for 671,044,500 traces, with nx=2630, ny=1215, fold=210
2025-09-16T16:37:14     binning    Thread : started 'Bin from templates', using 51,240 shot points
2025-09-16T17:45:18     error      Loaded : . . . Analysis  : 671,044,500 traces; too large to display in Trace Table
2025-09-16T17:45:18     binning    Thread : Binning completed. Elapsed time:1:08:05 
2025-09-16T17:45:18     binning    Thread : . . . Fold       : Min:1 - Max:209 
2025-09-16T17:45:18     binning    Thread : . . . Min-offsets: Min:22.36m - Max:358.47m 
2025-09-16T17:45:18     binning    Thread : . . . Max-offsets: Min:22.36m - Max:5158.34m 
2025-09-16T17:45:18     binning    Thread : . . . Rms-offsets: Min:0.00m - Max:309.82m 
2025-09-16T17:48:39     info       Parsing: D:/Roll/roll_samples/Noordoostpolder/Noordoostpolder.roll survey object succesfully parsed
2025-09-16T17:48:40     info       Params : D:/Roll/roll_samples/Noordoostpolder/Noordoostpolder.roll survey object read, containing 282 parameters+++

2025-09-16T17:48:44     info       Parsing: survey object succesfully parsed
2025-09-16T17:48:44     info       Params : survey object read, containing 282 parameters
2025-09-16T17:48:44     info       Plugin : Started on Windows 11 v(10.0.26100)
2025-09-16T17:48:50     info       Opening: D:/Roll/roll_samples/Noordoostpolder/Noordoostpolder.roll
2025-09-16T17:48:50     info       Parsing: D:/Roll/roll_samples/Noordoostpolder/Noordoostpolder.roll
2025-09-16T17:48:50     info       Parsing: D:/Roll/roll_samples/Noordoostpolder/Noordoostpolder.roll survey object succesfully parsed
2025-09-16T17:48:50     info       Reading: D:/Roll/roll_samples/Noordoostpolder/Noordoostpolder.roll
2025-09-16T17:48:50     info       Loading: D:/Roll/roll_samples/Noordoostpolder/Noordoostpolder.roll analysis files
2025-09-16T17:48:50     info       Loaded : . . . Fold map  : Min:1 - Max:209 
2025-09-16T17:48:50     info       Loaded : . . . Min-offset: Min:22.36m - Max:358.47m 
2025-09-16T17:48:50     info       Loaded : . . . Max-offset: Min:22.36m - Max:5158.34m 
2025-09-16T17:48:50     info       Loaded : . . . Rms-offset: Min:0.00m - Max:309.82m 
2025-09-16T17:48:50     info       Loaded : . . . offset histogram
2025-09-16T17:48:50     info       Loaded : . . . azi-offset histogram
2025-09-16T17:48:50     info       Loaded : . . . Analysis  : 671,044,500 traces (reserved space)
2025-09-16T17:48:50     error      Loaded : . . . Analysis  : 671,044,500 traces; too large to display in Trace Table
2025-09-16T17:48:50     info       Loaded : . . . read 161,894 rec-records
2025-09-16T17:48:50     info       Loaded : . . . read 51,240 src-records
2025-09-16T17:48:50     info       Loaded : . . . read 1,795,499 rel-records
2025-09-16T17:48:50     info       Params : D:/Roll/roll_samples/Noordoostpolder/Noordoostpolder.roll survey object read, containing 282 parameters
2025-09-16T17:50:12     binning    Thread : prepare memory mapped file for 671,044,500 traces, with nx=2630, ny=1215, fold=210
2025-09-16T17:50:19     binning    Thread : started 'Bin from geometry', using 51,240 shot points
2025-09-16T18:37:52     error      Loaded : . . . Analysis  : 671,044,500 traces; too large to display in Trace Table
2025-09-16T18:37:53     binning    Thread : Binning completed. Elapsed time:0:47:34 
2025-09-16T18:37:53     binning    Thread : . . . Fold       : Min:0 - Max:209 
2025-09-16T18:37:53     binning    Thread : . . . Min-offsets: Min:22.36m - Max:4972.05m 
2025-09-16T18:37:53     binning    Thread : . . . Max-offsets: Min:22.36m - Max:5158.34m 
2025-09-16T18:37:53     binning    Thread : . . . Rms-offsets: Min:0.00m - Max:1416.25m 
2025-09-17T00:00:13     info       Parsing: D:/Roll/roll_samples/Noordoostpolder/Noordoostpolder.roll survey object succesfully parsed
2025-09-17T00:00:13     info       Params : D:/Roll/roll_samples/Noordoostpolder/Noordoostpolder.roll survey object read, containing 282 parameters+++

2025-09-17T11:02:13     info       Parsing: survey object succesfully parsed
2025-09-17T11:02:13     info       Params : survey object read, containing 282 parameters
2025-09-17T11:02:13     info       Plugin : Started on Windows 11 v(10.0.26100)
2025-09-17T11:02:25     info       Parsing: survey object succesfully parsed
2025-09-17T11:02:25     info       Params : survey object read, containing 282 parameters+++

2025-09-17T12:36:32     info       Plugin : Started on Windows 11 v(10.0.26100)
2025-09-17T12:36:32     info       Parsing: survey object succesfully parsed
2025-09-17T12:36:32     info       Params : survey object read, containing 282 parameters
2025-09-17T12:36:39     info       Opening: D:/Roll/roll_samples/Noordoostpolder/Noordoostpolder.roll
2025-09-17T12:36:39     info       Parsing: D:/Roll/roll_samples/Noordoostpolder/Noordoostpolder.roll
2025-09-17T12:36:39     info       Parsing: D:/Roll/roll_samples/Noordoostpolder/Noordoostpolder.roll survey object succesfully parsed
2025-09-17T12:36:39     info       Reading: D:/Roll/roll_samples/Noordoostpolder/Noordoostpolder.roll
2025-09-17T12:36:40     info       Loading: D:/Roll/roll_samples/Noordoostpolder/Noordoostpolder.roll analysis files
2025-09-17T12:36:40     info       Loaded : . . . Fold map  : Min:0 - Max:209 
2025-09-17T12:36:40     info       Loaded : . . . Min-offset: Min:22.36m - Max:4972.05m 
2025-09-17T12:36:40     info       Loaded : . . . Max-offset: Min:22.36m - Max:5158.34m 
2025-09-17T12:36:40     info       Loaded : . . . Rms-offset: Min:0.00m - Max:1416.25m 
2025-09-17T12:36:40     info       Loaded : . . . offset histogram
2025-09-17T12:36:40     info       Loaded : . . . azi-offset histogram
2025-09-17T12:36:40     info       Loaded : . . . Analysis  : 671,044,500 traces (reserved space)
2025-09-17T12:36:40     error      Loaded : . . . Analysis  : 671,044,500 traces; too large to display in Trace Table
2025-09-17T12:36:40     info       Loaded : . . . read 161,894 rec-records
2025-09-17T12:36:40     info       Loaded : . . . read 51,240 src-records
2025-09-17T12:36:40     info       Loaded : . . . read 1,795,499 rel-records
2025-09-17T12:36:40     info       Params : D:/Roll/roll_samples/Noordoostpolder/Noordoostpolder.roll survey object read, containing 282 parameters
2025-09-17T12:36:45     binning    Thread : prepare memory mapped file for 671,044,500 traces, with nx=2630, ny=1215, fold=210
2025-09-17T12:37:10     binning    Thread : started 'Bin from geometry', using 51,240 shot points
2025-09-17T13:26:32     error      Loaded : . . . Analysis  : 671,044,500 traces; too large to display in Trace Table
2025-09-17T13:26:32     binning    Thread : Binning completed. Elapsed time:0:49:22 
2025-09-17T13:26:32     binning    Thread : . . . Fold       : Min:0 - Max:209 
2025-09-17T13:26:32     binning    Thread : . . . Min-offsets: Min:22.36m - Max:4972.05m 
2025-09-17T13:26:32     binning    Thread : . . . Max-offsets: Min:22.36m - Max:5158.34m 
2025-09-17T13:26:32     binning    Thread : . . . Rms-offsets: Min:0.00m - Max:1416.25m 
2025-09-17T15:06:35     info       Parsing: D:/Roll/roll_samples/Noordoostpolder/Noordoostpolder.roll survey object succesfully parsed
2025-09-17T15:06:36     info       Params : D:/Roll/roll_samples/Noordoostpolder/Noordoostpolder.roll survey object read, containing 282 parameters+++

2025-09-19T16:58:07     info       Plugin : Started on Windows 11 v(10.0.26100)
2025-09-19T16:58:07     info       Parsing: survey object succesfully parsed
2025-09-19T16:58:08     info       Params : survey object read, containing 282 parameters
2025-09-19T16:58:15     info       Opening: D:/Roll/roll_samples/Noordoostpolder/Noordoostpolder.roll
2025-09-19T16:58:15     info       Parsing: D:/Roll/roll_samples/Noordoostpolder/Noordoostpolder.roll
2025-09-19T16:58:15     info       Parsing: D:/Roll/roll_samples/Noordoostpolder/Noordoostpolder.roll survey object succesfully parsed
2025-09-19T16:58:15     info       Reading: D:/Roll/roll_samples/Noordoostpolder/Noordoostpolder.roll
2025-09-19T16:58:15     info       Loading: D:/Roll/roll_samples/Noordoostpolder/Noordoostpolder.roll analysis files
2025-09-19T16:58:15     info       Loaded : . . . Fold map  : Min:0 - Max:209 
2025-09-19T16:58:15     info       Loaded : . . . Min-offset: Min:22.36m - Max:4972.05m 
2025-09-19T16:58:15     info       Loaded : . . . Max-offset: Min:22.36m - Max:5158.34m 
2025-09-19T16:58:15     info       Loaded : . . . Rms-offset: Min:0.00m - Max:1416.25m 
2025-09-19T16:58:15     info       Loaded : . . . offset histogram
2025-09-19T16:58:15     info       Loaded : . . . azi-offset histogram
2025-09-19T16:58:15     info       Loaded : . . . Analysis  : 671,044,500 traces (reserved space)
2025-09-19T16:58:15     info       Loaded : . . . Analysis: 671,044,500 traces available (showing 1,000,000 at a time)
2025-09-19T16:58:15     info       Loaded : . . . read 161,894 rec-records
2025-09-19T16:58:15     info       Loaded : . . . read 51,240 src-records
2025-09-19T16:58:15     info       Loaded : . . . read 1,795,499 rel-records
2025-09-19T16:58:16     info       Params : D:/Roll/roll_samples/Noordoostpolder/Noordoostpolder.roll survey object read, containing 282 parameters
2025-09-19T16:59:58     info       Parsing: D:/Roll/roll_samples/Noordoostpolder/Noordoostpolder.roll survey object succesfully parsed
2025-09-19T16:59:58     info       Params : D:/Roll/roll_samples/Noordoostpolder/Noordoostpolder.roll survey object read, containing 282 parameters+++

2025-09-19T17:00:08     info       Plugin : Started on Windows 11 v(10.0.26100)
2025-09-19T17:00:08     info       Parsing: survey object succesfully parsed
2025-09-19T17:00:08     info       Params : survey object read, containing 282 parameters
2025-09-19T17:00:36     info       Opening: D:/Roll/roll_samples/other/Abtswoudsebrug_001.roll
2025-09-19T17:00:36     info       Parsing: D:/Roll/roll_samples/other/Abtswoudsebrug_001.roll
2025-09-19T17:00:36     info       Parsing: D:/Roll/roll_samples/other/Abtswoudsebrug_001.roll survey object succesfully parsed
2025-09-19T17:00:36     info       Reading: D:/Roll/roll_samples/other/Abtswoudsebrug_001.roll
2025-09-19T17:00:36     info       Loading: D:/Roll/roll_samples/other/Abtswoudsebrug_001.roll analysis files
2025-09-19T17:00:36     info       Loaded : . . . Fold map  : Min:0 - Max:96 
2025-09-19T17:00:36     info       Loaded : . . . Min-offset: Min:35.36m - Max:6002.60m 
2025-09-19T17:00:36     info       Loaded : . . . Max-offset: Min:5541.32m - Max:6025.05m 
2025-09-19T17:00:36     info       Loaded : . . . Rms-offset: Min:0.00m - Max:229.83m 
2025-09-19T17:00:36     info       Loaded : . . . Analysis  : 30,443,200 traces (reserved space)
2025-09-19T17:00:36     info       Loaded : . . . Analysis: 30,443,200 traces available (showing 1,000,000 at a time)
2025-09-19T17:00:36     info       Loaded : . . . read 25,520 rec-records
2025-09-19T17:00:36     info       Loaded : . . . read 8,364 src-records
2025-09-19T17:00:36     info       Loaded : . . . read 66,912 rel-records
2025-09-19T17:00:36     info       Params : D:/Roll/roll_samples/other/Abtswoudsebrug_001.roll survey object read, containing 222 parameters
2025-09-19T17:00:53     info       Parsing: D:/Roll/roll_samples/other/Abtswoudsebrug_001.roll survey object succesfully parsed
2025-09-19T17:00:53     info       Params : D:/Roll/roll_samples/other/Abtswoudsebrug_001.roll survey object read, containing 282 parameters+++

2025-09-19T17:04:01     info       Plugin : Started on Windows 11 v(10.0.26100)
2025-09-19T17:04:01     info       Parsing: survey object succesfully parsed
2025-09-19T17:04:01     info       Params : survey object read, containing 282 parameters
2025-09-19T17:04:18     info       Parsing: survey object succesfully parsed
2025-09-19T17:04:18     info       Params : survey object read, containing 282 parameters+++

2025-09-19T17:04:21     info       Plugin : Started on Windows 11 v(10.0.26100)
2025-09-19T17:04:21     info       Parsing: survey object succesfully parsed
2025-09-19T17:04:21     info       Params : survey object read, containing 282 parameters
2025-09-19T17:04:33     info       Opening: D:/Roll/roll_samples/other/Abtswoudsebrug_001.roll
2025-09-19T17:04:33     info       Parsing: D:/Roll/roll_samples/other/Abtswoudsebrug_001.roll
2025-09-19T17:04:33     info       Parsing: D:/Roll/roll_samples/other/Abtswoudsebrug_001.roll survey object succesfully parsed
2025-09-19T17:04:33     info       Reading: D:/Roll/roll_samples/other/Abtswoudsebrug_001.roll
2025-09-19T17:04:33     info       Loading: D:/Roll/roll_samples/other/Abtswoudsebrug_001.roll analysis files
2025-09-19T17:04:33     info       Loaded : . . . Fold map  : Min:0 - Max:96 
2025-09-19T17:04:33     info       Loaded : . . . Min-offset: Min:35.36m - Max:6002.60m 
2025-09-19T17:04:33     info       Loaded : . . . Max-offset: Min:5541.32m - Max:6025.05m 
2025-09-19T17:04:33     info       Loaded : . . . Rms-offset: Min:0.00m - Max:229.83m 
2025-09-19T17:04:33     info       Loaded : . . . Analysis  : 30,443,200 traces (reserved space)
2025-09-19T17:04:33     info       Loaded : . . . Analysis: 30,443,200 traces available (showing 1,000,000 at a time)
2025-09-19T17:04:33     info       Loaded : . . . read 25,520 rec-records
2025-09-19T17:04:33     info       Loaded : . . . read 8,364 src-records
2025-09-19T17:04:33     info       Loaded : . . . read 66,912 rel-records
2025-09-19T17:04:34     info       Params : D:/Roll/roll_samples/other/Abtswoudsebrug_001.roll survey object read, containing 222 parameters
2025-09-19T17:05:07     info       Opening: D:/Roll/roll_samples/Noordoostpolder/Noordoostpolder.roll
2025-09-19T17:05:07     info       Parsing: D:/Roll/roll_samples/Noordoostpolder/Noordoostpolder.roll
2025-09-19T17:05:07     info       Parsing: D:/Roll/roll_samples/Noordoostpolder/Noordoostpolder.roll survey object succesfully parsed
2025-09-19T17:05:07     info       Reading: D:/Roll/roll_samples/Noordoostpolder/Noordoostpolder.roll
2025-09-19T17:05:07     info       Loading: D:/Roll/roll_samples/Noordoostpolder/Noordoostpolder.roll analysis files
2025-09-19T17:05:07     info       Loaded : . . . Fold map  : Min:0 - Max:209 
2025-09-19T17:05:07     info       Loaded : . . . Min-offset: Min:22.36m - Max:4972.05m 
2025-09-19T17:05:07     info       Loaded : . . . Max-offset: Min:22.36m - Max:5158.34m 
2025-09-19T17:05:07     info       Loaded : . . . Rms-offset: Min:0.00m - Max:1416.25m 
2025-09-19T17:05:07     info       Loaded : . . . offset histogram
2025-09-19T17:05:07     info       Loaded : . . . azi-offset histogram
2025-09-19T17:05:07     info       Loaded : . . . Analysis  : 671,044,500 traces (reserved space)
2025-09-19T17:05:07     info       Loaded : . . . Analysis: 671,044,500 traces available (showing 1,000,000 at a time)
2025-09-19T17:05:07     info       Loaded : . . . read 161,894 rec-records
2025-09-19T17:05:07     info       Loaded : . . . read 51,240 src-records
2025-09-19T17:05:07     info       Loaded : . . . read 1,795,499 rel-records
2025-09-19T17:05:08     info       Params : D:/Roll/roll_samples/Noordoostpolder/Noordoostpolder.roll survey object read, containing 282 parameters
2025-09-19T17:06:34     info       Parsing: D:/Roll/roll_samples/Noordoostpolder/Noordoostpolder.roll survey object succesfully parsed
2025-09-19T17:06:35     info       Params : D:/Roll/roll_samples/Noordoostpolder/Noordoostpolder.roll survey object read, containing 282 parameters+++

2025-09-19T17:11:48     info       Plugin : Started on Windows 11 v(10.0.26100)
2025-09-19T17:11:48     info       Parsing: survey object succesfully parsed
2025-09-19T17:11:48     info       Params : survey object read, containing 282 parameters
2025-09-19T17:12:03     info       Parsing: survey object succesfully parsed
2025-09-19T17:12:04     info       Params : survey object read, containing 282 parameters+++

2025-09-19T17:12:06     info       Plugin : Started on Windows 11 v(10.0.26100)
2025-09-19T17:12:06     info       Parsing: survey object succesfully parsed
2025-09-19T17:12:06     info       Params : survey object read, containing 282 parameters
2025-09-19T17:12:16     info       Opening: D:/Roll/roll_samples/Noordoostpolder/Noordoostpolder.roll
2025-09-19T17:12:16     info       Parsing: D:/Roll/roll_samples/Noordoostpolder/Noordoostpolder.roll
2025-09-19T17:12:16     info       Parsing: D:/Roll/roll_samples/Noordoostpolder/Noordoostpolder.roll survey object succesfully parsed
2025-09-19T17:12:16     info       Reading: D:/Roll/roll_samples/Noordoostpolder/Noordoostpolder.roll
2025-09-19T17:12:16     info       Loading: D:/Roll/roll_samples/Noordoostpolder/Noordoostpolder.roll analysis files
2025-09-19T17:12:16     info       Loaded : . . . Fold map  : Min:0 - Max:209 
2025-09-19T17:12:16     info       Loaded : . . . Min-offset: Min:22.36m - Max:4972.05m 
2025-09-19T17:12:16     info       Loaded : . . . Max-offset: Min:22.36m - Max:5158.34m 
2025-09-19T17:12:16     info       Loaded : . . . Rms-offset: Min:0.00m - Max:1416.25m 
2025-09-19T17:12:16     info       Loaded : . . . offset histogram
2025-09-19T17:12:17     info       Loaded : . . . azi-offset histogram
2025-09-19T17:12:17     info       Loaded : . . . Analysis  : 671,044,500 traces (reserved space)
2025-09-19T17:12:17     info       Loaded : . . . Analysis: 671,044,500 traces available (showing 1,000,000 at a time)
2025-09-19T17:12:17     info       Loaded : . . . read 161,894 rec-records
2025-09-19T17:12:17     info       Loaded : . . . read 51,240 src-records
2025-09-19T17:12:17     info       Loaded : . . . read 1,795,499 rel-records
2025-09-19T17:12:17     info       Params : D:/Roll/roll_samples/Noordoostpolder/Noordoostpolder.roll survey object read, containing 282 parameters
2025-09-19T17:13:33     info       Parsing: D:/Roll/roll_samples/Noordoostpolder/Noordoostpolder.roll survey object succesfully parsed
2025-09-19T17:13:34     info       Params : D:/Roll/roll_samples/Noordoostpolder/Noordoostpolder.roll survey object read, containing 282 parameters+++

2025-09-19T23:07:11     info       Plugin : Started on Windows 11 v(10.0.26100)
2025-09-19T23:07:11     info       Parsing: survey object succesfully parsed
2025-09-19T23:07:11     info       Params : survey object read, containing 282 parameters
2025-09-19T23:07:20     info       Parsing: survey object succesfully parsed
2025-09-19T23:07:20     info       Params : survey object read, containing 282 parameters+++

2025-09-19T23:07:52     info       Plugin : Started on Windows 11 v(10.0.26100)
2025-09-19T23:07:52     info       Parsing: survey object succesfully parsed
2025-09-19T23:07:52     info       Params : survey object read, containing 282 parameters
2025-09-19T23:08:04     info       Opening: D:/Roll/roll_samples/Noordoostpolder/Noordoostpolder.roll
2025-09-19T23:08:04     info       Parsing: D:/Roll/roll_samples/Noordoostpolder/Noordoostpolder.roll
2025-09-19T23:08:04     info       Parsing: D:/Roll/roll_samples/Noordoostpolder/Noordoostpolder.roll survey object succesfully parsed
2025-09-19T23:08:04     info       Reading: D:/Roll/roll_samples/Noordoostpolder/Noordoostpolder.roll
2025-09-19T23:08:04     info       Loading: D:/Roll/roll_samples/Noordoostpolder/Noordoostpolder.roll analysis files
2025-09-19T23:08:04     info       Loaded : . . . Fold map  : Min:0 - Max:209 
2025-09-19T23:08:04     info       Loaded : . . . Min-offset: Min:22.36m - Max:4972.05m 
2025-09-19T23:08:04     info       Loaded : . . . Max-offset: Min:22.36m - Max:5158.34m 
2025-09-19T23:08:05     info       Loaded : . . . Rms-offset: Min:0.00m - Max:1416.25m 
2025-09-19T23:08:05     info       Loaded : . . . offset histogram
2025-09-19T23:08:05     info       Loaded : . . . azi-offset histogram
2025-09-19T23:08:05     info       Loaded : . . . Analysis  : 671,044,500 traces (reserved space)
2025-09-19T23:08:05     info       Loaded : . . . Analysis: 671,044,500 traces available (showing 1,000,000 at a time)
2025-09-19T23:08:05     info       Loaded : . . . read 161,894 rec-records
2025-09-19T23:08:05     info       Loaded : . . . read 51,240 src-records
2025-09-19T23:08:05     info       Loaded : . . . read 1,795,499 rel-records
2025-09-19T23:08:05     info       Params : D:/Roll/roll_samples/Noordoostpolder/Noordoostpolder.roll survey object read, containing 282 parameters
2025-09-19T23:11:20     info       Opening: D:/Roll/roll_samples/brick/Brick_001.roll
2025-09-19T23:11:20     info       Parsing: D:/Roll/roll_samples/brick/Brick_001.roll
2025-09-19T23:11:20     info       Parsing: D:/Roll/roll_samples/brick/Brick_001.roll survey object succesfully parsed
2025-09-19T23:11:20     info       Reading: D:/Roll/roll_samples/brick/Brick_001.roll
2025-09-19T23:11:20     info       Loading: D:/Roll/roll_samples/brick/Brick_001.roll analysis files
2025-09-19T23:11:20     info       Loaded : . . . Fold map  : Min:1 - Max:40 
2025-09-19T23:11:20     info       Loaded : . . . Min-offset: Min:35.36m - Max:6002.60m 
2025-09-19T23:11:20     info       Loaded : . . . Max-offset: Min:2113.35m - Max:6038.73m 
2025-09-19T23:11:20     info       Loaded : . . . Rms-offset: Min:0.00m - Max:99.91m 
2025-09-19T23:11:20     info       Loaded : . . . Analysis  : 1,264,000 traces (reserved space)
2025-09-19T23:11:21     info       Loaded : . . . Analysis: 1,264,000 traces available (showing 1,000,000 at a time)
2025-09-19T23:11:21     info       Loaded : . . . read 7,506 rec-records
2025-09-19T23:11:21     info       Loaded : . . . read 1,200 src-records
2025-09-19T23:11:21     info       Loaded : . . . read 9,600 rel-records
2025-09-19T23:11:21     info       Params : D:/Roll/roll_samples/brick/Brick_001.roll survey object read, containing 364 parameters
2025-09-19T23:12:20     info       Edited : Closing memory mapped file D:/Roll/roll_samples/brick/Brick_001.roll.ana.npy
2025-09-19T23:12:20     info       Edited : D:/Roll/roll_samples/brick/Brick_001.roll survey object updated
2025-09-19T23:12:30     binning    Thread : prepare memory mapped file for 948,000 traces, with nx=316, ny=60, fold=50
2025-09-19T23:12:30     binning    Thread : started 'Bin from geometry', using 1,200 shot points
2025-09-19T23:12:35     info       Loaded : . . . Analysis: 948,000 traces displayed in Trace Table
2025-09-19T23:12:35     binning    Thread : Binning completed. Elapsed time:0:00:05 
2025-09-19T23:12:35     binning    Thread : . . . Fold       : Min:1 - Max:40 
2025-09-19T23:12:35     binning    Thread : . . . Min-offsets: Min:35.36m - Max:6002.60m 
2025-09-19T23:12:35     binning    Thread : . . . Max-offsets: Min:2113.35m - Max:6038.73m 
2025-09-19T23:12:35     binning    Thread : . . . Rms-offsets: Min:0.00m - Max:99.91m 
2025-09-19T23:13:49     info       Saved  : D:/Roll/roll_samples/brick/Brick_001.roll
2025-09-19T23:13:49     info       Parsing: D:/Roll/roll_samples/brick/Brick_001.roll survey object succesfully parsed
2025-09-19T23:13:50     info       Params : D:/Roll/roll_samples/brick/Brick_001.roll survey object read, containing 282 parameters+++

2025-09-19T23:13:56     info       Plugin : Started on Windows 11 v(10.0.26100)
2025-09-19T23:13:56     info       Parsing: survey object succesfully parsed
2025-09-19T23:13:56     info       Params : survey object read, containing 282 parameters
2025-09-19T23:14:46     info       Parsing: survey object succesfully parsed
2025-09-19T23:14:46     info       Params : survey object read, containing 282 parameters+++

2025-09-26T17:45:45     info       Plugin : Started on Windows 11 v(10.0.26100)
2025-09-26T17:45:45     info       Parsing: survey object succesfully parsed
2025-09-26T17:45:46     info       Params : survey object read, containing 282 parameters
2025-09-26T17:46:15     info       Parsing: survey object succesfully parsed
2025-09-26T17:46:15     info       Params : survey object read, containing 282 parameters+++

2025-09-27T14:40:07     info       Plugin : Started on Windows 11 v(10.0.26100)
2025-09-27T14:40:07     info       Parsing: survey object succesfully parsed
2025-09-27T14:40:07     info       Params : survey object read, containing 282 parameters
2025-09-27T14:40:57     info       Parsing: survey object succesfully parsed
2025-09-27T14:40:57     info       Params : survey object read, containing 282 parameters+++

2025-10-31T12:54:53     info       Plugin : Started on Windows 11 v(10.0.26100)
2025-10-31T12:54:53     warning    Library: Numba not available, running pure Python code only
2025-10-31T12:54:53     warning    Library: Debugpy not available, (remote) debugging will not work
2025-10-31T12:54:53     info       Parsing: survey object succesfully parsed
2025-10-31T12:54:53     info       Params : survey object read, containing 282 parameters
2025-10-31T12:55:38     info       Opening: D:/Roll/roll_samples/other/TripleZigzag_001.roll
2025-10-31T12:55:38     info       Parsing: D:/Roll/roll_samples/other/TripleZigzag_001.roll
2025-10-31T12:55:38     info       Parsing: D:/Roll/roll_samples/other/TripleZigzag_001.roll survey object succesfully parsed
2025-10-31T12:55:38     info       Reading: D:/Roll/roll_samples/other/TripleZigzag_001.roll, success: True
2025-10-31T12:55:38     info       Loading: D:/Roll/roll_samples/other/TripleZigzag_001.roll analysis files
2025-10-31T12:55:38     info       Loaded : . . . Fold map  : Min:0 - Max:180 
2025-10-31T12:55:38     info       Loaded : . . . Min-offset: Min:35.36m - Max:6372.70m 
2025-10-31T12:55:38     info       Loaded : . . . Max-offset: Min:4796.48m - Max:6372.70m 
2025-10-31T12:55:38     info       Loaded : . . . Rms-offset: Min:0.00m - Max:420.05m 
2025-10-31T12:55:38     info       Loaded : . . . Analysis  : 53,887,680 traces (reserved space)
2025-10-31T12:55:38     info       Loaded : . . . Analysis: 53,887,680 traces available (showing 1,000,000 at a time)
2025-10-31T12:55:40     info       Params : D:/Roll/roll_samples/other/TripleZigzag_001.roll survey object read, containing 1014 parameters
2025-10-31T18:26:09     info       Parsing: D:/Roll/roll_samples/other/TripleZigzag_001.roll survey object succesfully parsed
2025-10-31T18:26:09     info       Params : D:/Roll/roll_samples/other/TripleZigzag_001.roll survey object read, containing 282 parameters+++

2025-10-31T18:52:33     info       Plugin : Started on Windows 11 v(10.0.26100)
2025-10-31T18:52:33     info       Library: Numba version 0.62.1 available for JIT acceleration
2025-10-31T18:52:33     info       Parsing: survey object succesfully parsed
2025-10-31T18:52:33     info       Params : survey object read, containing 282 parameters
2025-10-31T18:52:56     info       Parsing: survey object succesfully parsed
2025-10-31T18:52:57     info       Params : survey object read, containing 282 parameters+++

2025-10-31T18:53:20     info       Plugin : Started on Windows 11 v(10.0.26100)
2025-10-31T18:53:20     warning    Library: Numba not available, running pure Python code only
2025-10-31T18:53:20     warning    Library: Debugpy not available, (remote) debugging will not work
2025-10-31T18:53:20     info       Parsing: survey object succesfully parsed
2025-10-31T18:53:20     info       Params : survey object read, containing 282 parameters
2025-10-31T22:59:04     info       Parsing: survey object succesfully parsed
2025-10-31T22:59:04     info       Params : survey object read, containing 282 parameters+++

2025-11-11T13:08:52     info       Plugin : Started on Windows 11 v(10.0.26100)
2025-11-11T13:08:52     info       Library: Numba version 0.62.1 available for JIT acceleration
2025-11-11T13:08:52     info       Parsing: survey object succesfully parsed
2025-11-11T13:08:52     info       Params : survey object read, containing 282 parameters
2025-11-11T13:24:05     info       Parsing: survey object succesfully parsed
2025-11-11T13:24:06     info       Params : survey object read, containing 282 parameters+++

2025-11-11T13:24:59     info       Plugin : Started on Windows 11 v(10.0.26100)
2025-11-11T13:24:59     info       Library: Numba version 0.62.1 available for JIT acceleration
2025-11-11T13:24:59     info       Parsing: survey object succesfully parsed
2025-11-11T13:25:00     info       Params : survey object read, containing 282 parameters
2025-11-11T13:27:05     info       Import : importing SPS-data using the 'SEG rev2.1' SPS-dialect
2025-11-11T13:27:05     info       Import : importing 1 rps-file(s), 1 sps-file(s) and 0 xps-file(s)
2025-11-11T13:27:05     info       Import : imported 127887 sps-records, 0 xps-records and 930 rps-records
2025-11-11T13:27:05     info       Import : . . . analysed rps-records; found 822 unique records and 0 duplicates
2025-11-11T13:27:05     info       Import : . . . . . . Survey grid -> Global grid: RPS origin = (510007.09, 636985.38), azimuth = -42.434 deg for rec lines ∥ x-axis
2025-11-11T13:27:05     info       Import : . . . . . . Survey grid -> Local grid: Stake origin = (1265.00, 1161.00), increment = (24.95, 24.97) m
2025-11-11T13:27:06     info       Import : . . . analysed sps-records; found 127,780 unique records and 0 duplicates
2025-11-11T13:27:06     info       Import : . . . . . . Survey grid -> Global grid: SPS origin = (508544.09, 644931.81) m, azimuth = -41.502 deg for src lines ∥ x-axis
2025-11-11T13:27:06     info       Import : . . . . . . Survey grid -> Local grid: stake origin = (1000.00, 0.00), increment = (202.49, 1.00) m
2025-11-11T13:28:02     info       Edited : survey object updated
2025-11-11T13:41:28     info       Saved  : D:/WorkStuff/G/RIJKES-L-84599/APPS/OMNI studies/2015/Gumusut/Gumusut_obn-files/SPS/Final SPS/2015 GK-GRG-JGE 3D OBN.roll
2025-11-11T13:42:40     info       Parsing: D:/WorkStuff/G/RIJKES-L-84599/APPS/OMNI studies/2015/Gumusut/Gumusut_obn-files/SPS/Final SPS/2015 GK-GRG-JGE 3D OBN.roll survey object succesfully parsed
2025-11-11T13:42:40     info       Params : D:/WorkStuff/G/RIJKES-L-84599/APPS/OMNI studies/2015/Gumusut/Gumusut_obn-files/SPS/Final SPS/2015 GK-GRG-JGE 3D OBN.roll survey object read, containing 282 parameters+++

2026-01-12T22:02:03     info       Plugin : Started on Windows 11 v(10.0.26200)
2026-01-12T22:02:03     info       Library: Numba version 0.62.1 available for JIT acceleration
2026-01-12T22:02:03     info       Parsing: survey object succesfully parsed
2026-01-12T22:02:03     info       Params : survey object read, containing 282 parameters
2026-01-12T22:02:12     info       Opening: D:/Roll/roll_samples/brick/Brick_001.roll
2026-01-12T22:02:12     info       Parsing: D:/Roll/roll_samples/brick/Brick_001.roll
2026-01-12T22:02:12     info       Parsing: D:/Roll/roll_samples/brick/Brick_001.roll survey object succesfully parsed
2026-01-12T22:02:12     info       Reading: D:/Roll/roll_samples/brick/Brick_001.roll, success: True
2026-01-12T22:02:12     info       Loading: D:/Roll/roll_samples/brick/Brick_001.roll analysis files
2026-01-12T22:02:12     info       Loaded : . . . Fold map  : Min:1 - Max:40 
2026-01-12T22:02:12     info       Loaded : . . . Min-offset: Min:35.36m - Max:6002.60m 
2026-01-12T22:02:12     info       Loaded : . . . Max-offset: Min:2113.35m - Max:6038.73m 
2026-01-12T22:02:12     info       Loaded : . . . Rms-offset: Min:0.00m - Max:99.91m 
2026-01-12T22:02:12     info       Loaded : . . . offset histogram
2026-01-12T22:02:12     info       Loaded : . . . azi-offset histogram
2026-01-12T22:02:12     info       Loaded : . . . Analysis  : 948,000 traces (reserved space)
2026-01-12T22:02:12     info       Loaded : . . . Analysis: 948,000 traces displayed in Trace Table
2026-01-12T22:02:12     info       Loaded : . . . read 7,506 rec-records
2026-01-12T22:02:12     info       Loaded : . . . read 1,200 src-records
2026-01-12T22:02:12     info       Loaded : . . . read 9,600 rel-records
2026-01-12T22:02:13     info       Params : D:/Roll/roll_samples/brick/Brick_001.roll survey object read, containing 364 parameters
2026-01-12T22:03:26     info       Edited : D:/Roll/roll_samples/brick/Brick_001.roll survey object updated
2026-01-12T22:03:43     info       Edited : D:/Roll/roll_samples/brick/Brick_001.roll survey object updated
2026-01-12T22:04:05     info       Edited : D:/Roll/roll_samples/brick/Brick_001.roll survey object updated
2026-01-12T22:04:10     info       Params : D:/Roll/roll_samples/brick/Brick_001.roll survey object read, containing 394 parameters
2026-01-12T22:04:36     info       Edited : D:/Roll/roll_samples/brick/Brick_001.roll survey object updated
2026-01-12T22:05:27     info       Edited : D:/Roll/roll_samples/brick/Brick_001.roll survey object updated
2026-01-12T22:06:03     info       Edited : D:/Roll/roll_samples/brick/Brick_001.roll survey object updated
2026-01-12T22:06:51     info       Edited : D:/Roll/roll_samples/brick/Brick_001.roll survey object updated
2026-01-12T22:07:31     info       Edited : D:/Roll/roll_samples/brick/Brick_001.roll survey object updated
2026-01-12T22:07:34     info       Saved  : D:/Roll/roll_samples/brick/Brick_001.roll
2026-01-12T22:07:40     info       Opening: D:/Roll/roll_samples/brick/Brick_001.roll
2026-01-12T22:07:40     info       Parsing: D:/Roll/roll_samples/brick/Brick_001.roll
2026-01-12T22:07:40     info       Parsing: D:/Roll/roll_samples/brick/Brick_001.roll survey object succesfully parsed
2026-01-12T22:07:40     info       Reading: D:/Roll/roll_samples/brick/Brick_001.roll, success: True
2026-01-12T22:07:40     info       Loading: D:/Roll/roll_samples/brick/Brick_001.roll analysis files
2026-01-12T22:07:40     info       Loaded : . . . Fold map  : Min:1 - Max:40 
2026-01-12T22:07:40     info       Loaded : . . . Min-offset: Min:35.36m - Max:6002.60m 
2026-01-12T22:07:40     info       Loaded : . . . Max-offset: Min:2113.35m - Max:6038.73m 
2026-01-12T22:07:40     info       Loaded : . . . Rms-offset: Min:0.00m - Max:99.91m 
2026-01-12T22:07:40     info       Loaded : . . . offset histogram
2026-01-12T22:07:40     info       Loaded : . . . azi-offset histogram
2026-01-12T22:07:40     info       Loaded : . . . Analysis  : 948,000 traces (reserved space)
2026-01-12T22:07:40     info       Loaded : . . . Analysis: 948,000 traces displayed in Trace Table
2026-01-12T22:07:40     info       Loaded : . . . read 7,506 rec-records
2026-01-12T22:07:40     info       Loaded : . . . read 1,200 src-records
2026-01-12T22:07:40     info       Loaded : . . . read 9,600 rel-records
2026-01-12T22:07:40     info       Params : D:/Roll/roll_samples/brick/Brick_001.roll survey object read, containing 394 parameters
2026-01-12T22:09:00     info       Opening: D:/Roll/roll_samples/other/TripleZigzag_001.roll
2026-01-12T22:09:00     info       Parsing: D:/Roll/roll_samples/other/TripleZigzag_001.roll
2026-01-12T22:09:00     info       Parsing: D:/Roll/roll_samples/other/TripleZigzag_001.roll survey object succesfully parsed
2026-01-12T22:09:00     info       Reading: D:/Roll/roll_samples/other/TripleZigzag_001.roll, success: True
2026-01-12T22:09:01     info       Loading: D:/Roll/roll_samples/other/TripleZigzag_001.roll analysis files
2026-01-12T22:09:01     info       Loaded : . . . Fold map  : Min:0 - Max:180 
2026-01-12T22:09:01     info       Loaded : . . . Min-offset: Min:35.36m - Max:6372.70m 
2026-01-12T22:09:01     info       Loaded : . . . Max-offset: Min:4796.48m - Max:6372.70m 
2026-01-12T22:09:01     info       Loaded : . . . Rms-offset: Min:0.00m - Max:420.05m 
2026-01-12T22:09:01     info       Loaded : . . . Analysis  : 53,887,680 traces (reserved space)
2026-01-12T22:09:01     info       Loaded : . . . Analysis: 53,887,680 traces available (showing 1,000,000 at a time)
2026-01-12T22:09:02     info       Params : D:/Roll/roll_samples/other/TripleZigzag_001.roll survey object read, containing 1014 parameters
2026-01-12T22:10:35     info       Parsing: D:/Roll/roll_samples/other/TripleZigzag_001.roll survey object succesfully parsed
2026-01-12T22:10:35     info       Params : D:/Roll/roll_samples/other/TripleZigzag_001.roll survey object read, containing 282 parameters+++

2026-02-02T18:50:10     info       Plugin : Started on Windows 11 v(10.0.26200)
2026-02-02T18:50:10     info       Library: Numba version 0.62.1 available for JIT acceleration
2026-02-02T18:50:10     info       Parsing: survey object succesfully parsed
2026-02-02T18:50:10     info       Params : survey object read, containing 282 parameters
2026-02-02T18:50:27     info       Opening: D:/Roll/roll_samples/Noordoostpolder/Noordoostpolder.roll
2026-02-02T18:50:27     info       Parsing: D:/Roll/roll_samples/Noordoostpolder/Noordoostpolder.roll
2026-02-02T18:50:27     info       Parsing: D:/Roll/roll_samples/Noordoostpolder/Noordoostpolder.roll survey object succesfully parsed
2026-02-02T18:50:27     info       Reading: D:/Roll/roll_samples/Noordoostpolder/Noordoostpolder.roll, success: True
2026-02-02T18:50:27     info       Loading: D:/Roll/roll_samples/Noordoostpolder/Noordoostpolder.roll analysis files
2026-02-02T18:50:27     info       Loaded : . . . Fold map  : Min:0 - Max:209 
2026-02-02T18:50:27     info       Loaded : . . . Min-offset: Min:22.36m - Max:4998.13m 
2026-02-02T18:50:27     info       Loaded : . . . Max-offset: Min:22.36m - Max:5158.34m 
2026-02-02T18:50:27     info       Loaded : . . . Rms-offset: Min:0.00m - Max:1376.98m 
2026-02-02T18:50:27     info       Loaded : . . . offset histogram
2026-02-02T18:50:27     info       Loaded : . . . azi-offset histogram
2026-02-02T18:50:27     info       Loaded : . . . Analysis  : 671,044,500 traces (reserved space)
2026-02-02T18:50:27     info       Loaded : . . . Analysis: 671,044,500 traces available (showing 1,000,000 at a time)
2026-02-02T18:50:27     info       Loaded : . . . read 161,894 rec-records
2026-02-02T18:50:27     info       Loaded : . . . read 51,240 src-records
2026-02-02T18:50:27     info       Loaded : . . . read 1,795,499 rel-records
2026-02-02T18:50:31     info       Params : D:/Roll/roll_samples/Noordoostpolder/Noordoostpolder.roll survey object read, containing 282 parameters
2026-02-02T18:50:52     info       Opening: D:/Roll/roll_samples/other/TripleZigzag_001.roll
2026-02-02T18:50:52     info       Parsing: D:/Roll/roll_samples/other/TripleZigzag_001.roll
2026-02-02T18:50:52     info       Parsing: D:/Roll/roll_samples/other/TripleZigzag_001.roll survey object succesfully parsed
2026-02-02T18:50:52     info       Reading: D:/Roll/roll_samples/other/TripleZigzag_001.roll, success: True
2026-02-02T18:50:52     info       Loading: D:/Roll/roll_samples/other/TripleZigzag_001.roll analysis files
2026-02-02T18:50:52     info       Loaded : . . . Fold map  : Min:0 - Max:180 
2026-02-02T18:50:52     info       Loaded : . . . Min-offset: Min:35.36m - Max:6372.70m 
2026-02-02T18:50:52     info       Loaded : . . . Max-offset: Min:4796.48m - Max:6372.70m 
2026-02-02T18:50:52     info       Loaded : . . . Rms-offset: Min:0.00m - Max:420.05m 
2026-02-02T18:50:52     info       Loaded : . . . Analysis  : 53,887,680 traces (reserved space)
2026-02-02T18:50:52     info       Loaded : . . . Analysis: 53,887,680 traces available (showing 1,000,000 at a time)
2026-02-02T18:50:52     info       Loaded : . . . read 13,485 rec-records
2026-02-02T18:50:52     info       Loaded : . . . read 13,824 src-records
2026-02-02T18:50:52     info       Loaded : . . . read 110,592 rel-records
2026-02-02T18:50:54     info       Params : D:/Roll/roll_samples/other/TripleZigzag_001.roll survey object read, containing 1014 parameters
2026-02-02T18:52:14     info       Edit   : Toggled in-use flag for 10 REC record(s)
2026-02-02T18:52:27     info       Edit   : Toggled in-use flag for 10 REC record(s)
2026-02-02T18:52:59     info       Edit   : Toggled in-use flag for 435 REC record(s)
2026-02-02T18:53:04     info       Edit   : Toggled in-use flag for 435 REC record(s)
2026-02-02T22:44:57     info       Parsing: D:/Roll/roll_samples/other/TripleZigzag_001.roll survey object succesfully parsed
2026-02-02T22:44:58     info       Params : D:/Roll/roll_samples/other/TripleZigzag_001.roll survey object read, containing 282 parameters+++

2026-02-06T14:43:54     info       Plugin : Started on Windows 11 v(10.0.26200)
2026-02-06T14:43:54     info       Library: Numba version 0.62.1 available for JIT acceleration
2026-02-06T14:43:54     info       Parsing: survey object succesfully parsed
2026-02-06T14:43:54     info       Params : survey object read, containing 282 parameters
2026-02-06T14:44:01     info       Opening: D:/EBN/Amstelland 3D/Amstelland 3D.roll
2026-02-06T14:44:01     info       Parsing: D:/EBN/Amstelland 3D/Amstelland 3D.roll
2026-02-06T14:44:01     info       Parsing: D:/EBN/Amstelland 3D/Amstelland 3D.roll survey object succesfully parsed
2026-02-06T14:44:01     info       Reading: D:/EBN/Amstelland 3D/Amstelland 3D.roll, success: True
2026-02-06T14:44:01     info       Loading: D:/EBN/Amstelland 3D/Amstelland 3D.roll analysis files
2026-02-06T14:44:01     info       Loaded : . . . Fold map  : Min:0 - Max:488 
2026-02-06T14:44:01     info       Loaded : . . . Min-offset: Min:0.69m - Max:3359.95m 
2026-02-06T14:44:01     info       Loaded : . . . Max-offset: Min:0.69m - Max:3360.00m 
2026-02-06T14:44:01     info       Loaded : . . . Rms-offset: Min:0.00m - Max:1675.63m 
2026-02-06T14:44:01     info       Loaded : . . . Analysis  : 143,750,000 traces (reserved space)
2026-02-06T14:44:01     info       Loaded : . . . Analysis: 143,750,000 traces available (showing 1,000,000 at a time)
2026-02-06T14:44:01     info       Loaded : . . . read 20,001 rps-records
2026-02-06T14:44:01     info       Loaded : . . . read 6,143 sps-records
2026-02-06T14:44:01     info       Loaded : . . . read 3,920,579 xps-records
2026-02-06T14:44:02     info       Params : D:/EBN/Amstelland 3D/Amstelland 3D.roll survey object read, containing 282 parameters
2026-02-06T14:46:47     info       Opening: D:/Roll/roll_samples/Noordoostpolder/Noordoostpolder.roll
2026-02-06T14:46:47     info       Parsing: D:/Roll/roll_samples/Noordoostpolder/Noordoostpolder.roll
2026-02-06T14:46:47     info       Parsing: D:/Roll/roll_samples/Noordoostpolder/Noordoostpolder.roll survey object succesfully parsed
2026-02-06T14:46:47     info       Reading: D:/Roll/roll_samples/Noordoostpolder/Noordoostpolder.roll, success: True
2026-02-06T14:46:47     info       Loading: D:/Roll/roll_samples/Noordoostpolder/Noordoostpolder.roll analysis files
2026-02-06T14:46:47     info       Loaded : . . . Fold map  : Min:0 - Max:209 
2026-02-06T14:46:47     info       Loaded : . . . Min-offset: Min:22.36m - Max:4998.13m 
2026-02-06T14:46:47     info       Loaded : . . . Max-offset: Min:22.36m - Max:5158.34m 
2026-02-06T14:46:47     info       Loaded : . . . Rms-offset: Min:0.00m - Max:1376.98m 
2026-02-06T14:46:47     info       Loaded : . . . offset histogram
2026-02-06T14:46:47     info       Loaded : . . . azi-offset histogram
2026-02-06T14:46:47     info       Loaded : . . . Analysis  : 671,044,500 traces (reserved space)
2026-02-06T14:46:47     info       Loaded : . . . Analysis: 671,044,500 traces available (showing 1,000,000 at a time)
2026-02-06T14:46:47     info       Loaded : . . . read 161,894 rec-records
2026-02-06T14:46:47     info       Loaded : . . . read 51,240 src-records
2026-02-06T14:46:47     info       Loaded : . . . read 1,795,499 rel-records
2026-02-06T14:46:53     info       Params : D:/Roll/roll_samples/Noordoostpolder/Noordoostpolder.roll survey object read, containing 282 parameters
2026-02-06T14:47:17     info       Opening: D:/EBN/Amstelland 3D/Amstelland 3D.roll
2026-02-06T14:47:17     info       Parsing: D:/EBN/Amstelland 3D/Amstelland 3D.roll
2026-02-06T14:47:17     info       Parsing: D:/EBN/Amstelland 3D/Amstelland 3D.roll survey object succesfully parsed
2026-02-06T14:47:17     info       Reading: D:/EBN/Amstelland 3D/Amstelland 3D.roll, success: True
2026-02-06T14:47:18     info       Loading: D:/EBN/Amstelland 3D/Amstelland 3D.roll analysis files
2026-02-06T14:47:18     info       Loaded : . . . Fold map  : Min:0 - Max:488 
2026-02-06T14:47:18     info       Loaded : . . . Min-offset: Min:0.69m - Max:3359.95m 
2026-02-06T14:47:18     info       Loaded : . . . Max-offset: Min:0.69m - Max:3360.00m 
2026-02-06T14:47:18     info       Loaded : . . . Rms-offset: Min:0.00m - Max:1675.63m 
2026-02-06T14:47:18     info       Loaded : . . . Analysis  : 143,750,000 traces (reserved space)
2026-02-06T14:47:18     info       Loaded : . . . Analysis: 143,750,000 traces available (showing 1,000,000 at a time)
2026-02-06T14:47:18     info       Loaded : . . . read 20,001 rps-records
2026-02-06T14:47:18     info       Loaded : . . . read 6,143 sps-records
2026-02-06T14:47:18     info       Loaded : . . . read 3,920,579 xps-records
2026-02-06T14:47:19     info       Params : D:/EBN/Amstelland 3D/Amstelland 3D.roll survey object read, containing 282 parameters
2026-02-06T14:49:37     info       Edited : D:/EBN/Amstelland 3D/Amstelland 3D.roll survey object updated
2026-02-06T14:50:02     info       Edited : D:/EBN/Amstelland 3D/Amstelland 3D.roll survey object updated
2026-02-06T14:51:19     info       Edited : D:/EBN/Amstelland 3D/Amstelland 3D.roll survey object updated
2026-02-06T14:51:26     binning    Thread : Prepare memory mapped file for 143,750,000 traces, with nx=575, ny=500, fold=500
2026-02-06T14:51:27     binning    Thread : Started 'Bin from Imported SPS', using 6,143 shot points
2026-02-06T14:55:14     binning    Thread : Binning completed. Elapsed time:0:03:47 
2026-02-06T14:55:14     binning    Thread : . . . Fold       : Min:0 - Max:488 
2026-02-06T14:55:14     binning    Thread : . . . Min-offsets: Min:0.69m - Max:3359.95m 
2026-02-06T14:55:14     binning    Thread : . . . Max-offsets: Min:0.69m - Max:3360.00m 
2026-02-06T14:55:14     binning    Thread : . . . Rms-offsets: Min:0.00m - Max:1675.63m 
2026-02-06T14:55:14     info       Loaded : . . . Analysis: 143,750,000 traces available (showing 1,000,000 at a time)
2026-02-06T14:58:29     info       Opening: D:/Roll/roll_samples/Noordoostpolder/Noordoostpolder.roll
2026-02-06T14:58:29     info       Parsing: D:/Roll/roll_samples/Noordoostpolder/Noordoostpolder.roll
2026-02-06T14:58:29     info       Parsing: D:/Roll/roll_samples/Noordoostpolder/Noordoostpolder.roll survey object succesfully parsed
2026-02-06T14:58:29     info       Reading: D:/Roll/roll_samples/Noordoostpolder/Noordoostpolder.roll, success: True
2026-02-06T14:58:29     info       Loading: D:/Roll/roll_samples/Noordoostpolder/Noordoostpolder.roll analysis files
2026-02-06T14:58:29     info       Loaded : . . . Fold map  : Min:0 - Max:209 
2026-02-06T14:58:29     info       Loaded : . . . Min-offset: Min:22.36m - Max:4998.13m 
2026-02-06T14:58:29     info       Loaded : . . . Max-offset: Min:22.36m - Max:5158.34m 
2026-02-06T14:58:29     info       Loaded : . . . Rms-offset: Min:0.00m - Max:1376.98m 
2026-02-06T14:58:29     info       Loaded : . . . offset histogram
2026-02-06T14:58:29     info       Loaded : . . . azi-offset histogram
2026-02-06T14:58:29     info       Loaded : . . . Analysis  : 671,044,500 traces (reserved space)
2026-02-06T14:58:29     info       Loaded : . . . Analysis: 671,044,500 traces available (showing 1,000,000 at a time)
2026-02-06T14:58:29     info       Loaded : . . . read 161,894 rec-records
2026-02-06T14:58:29     info       Loaded : . . . read 51,240 src-records
2026-02-06T14:58:29     info       Loaded : . . . read 1,795,499 rel-records
2026-02-06T14:58:34     info       Params : D:/Roll/roll_samples/Noordoostpolder/Noordoostpolder.roll survey object read, containing 282 parameters
2026-02-06T14:59:12     info       Opening: D:/Roll/roll_samples/other/TripleZigzag_001.roll
2026-02-06T14:59:12     info       Parsing: D:/Roll/roll_samples/other/TripleZigzag_001.roll
2026-02-06T14:59:12     info       Parsing: D:/Roll/roll_samples/other/TripleZigzag_001.roll survey object succesfully parsed
2026-02-06T14:59:12     info       Reading: D:/Roll/roll_samples/other/TripleZigzag_001.roll, success: True
2026-02-06T14:59:12     info       Loading: D:/Roll/roll_samples/other/TripleZigzag_001.roll analysis files
2026-02-06T14:59:12     info       Loaded : . . . Fold map  : Min:0 - Max:180 
2026-02-06T14:59:13     info       Loaded : . . . Min-offset: Min:35.36m - Max:6372.70m 
2026-02-06T14:59:13     info       Loaded : . . . Max-offset: Min:4796.48m - Max:6372.70m 
2026-02-06T14:59:13     info       Loaded : . . . Rms-offset: Min:0.00m - Max:420.05m 
2026-02-06T14:59:13     info       Loaded : . . . Analysis  : 53,887,680 traces (reserved space)
2026-02-06T14:59:13     info       Loaded : . . . Analysis: 53,887,680 traces available (showing 1,000,000 at a time)
2026-02-06T14:59:13     info       Loaded : . . . read 13,485 rec-records
2026-02-06T14:59:13     info       Loaded : . . . read 13,824 src-records
2026-02-06T14:59:13     info       Loaded : . . . read 110,592 rel-records
2026-02-06T14:59:14     info       Params : D:/Roll/roll_samples/other/TripleZigzag_001.roll survey object read, containing 1014 parameters
2026-02-06T15:00:46     info       Parsing: D:/Roll/roll_samples/other/TripleZigzag_001.roll survey object succesfully parsed
2026-02-06T15:00:47     info       Params : D:/Roll/roll_samples/other/TripleZigzag_001.roll survey object read, containing 282 parameters+++

2026-02-06T15:43:37     info       Plugin : Started on Windows 11 v(10.0.26200)
2026-02-06T15:43:37     info       Library: Numba version 0.62.1 available for JIT acceleration
2026-02-06T15:43:37     info       Parsing: survey object succesfully parsed
2026-02-06T15:43:37     info       Params : survey object read, containing 282 parameters
2026-02-06T15:44:07     info       Opening: D:/EBN/Amstelland 3D/Amstelland 3D.roll
2026-02-06T15:44:07     info       Parsing: D:/EBN/Amstelland 3D/Amstelland 3D.roll
2026-02-06T15:44:07     info       Parsing: D:/EBN/Amstelland 3D/Amstelland 3D.roll survey object succesfully parsed
2026-02-06T15:44:07     info       Reading: D:/EBN/Amstelland 3D/Amstelland 3D.roll, success: True
2026-02-06T15:44:07     info       Loading: D:/EBN/Amstelland 3D/Amstelland 3D.roll analysis files
2026-02-06T15:44:07     info       Loaded : . . . Fold map  : Min:0 - Max:763 
2026-02-06T15:44:07     info       Loaded : . . . Min-offset: Min:0.69m - Max:4694.17m 
2026-02-06T15:44:07     info       Loaded : . . . Max-offset: Min:22.51m - Max:4750.30m 
2026-02-06T15:44:07     info       Loaded : . . . Rms-offset: Min:0.00m - Max:2267.17m 
2026-02-06T15:44:07     info       Loaded : . . . offset histogram
2026-02-06T15:44:07     info       Loaded : . . . azi-offset histogram
2026-02-06T15:44:07     info       Loaded : . . . Analysis  : observed fold in in binning file 763 larger than allowed in trace table 500 missing traces in spider plot !
2026-02-06T15:44:07     info       Loaded : . . . Analysis  : 143,750,000 traces (reserved space)
2026-02-06T15:44:07     info       Loaded : . . . Analysis: 143,750,000 traces available (showing 1,000,000 at a time)
2026-02-06T15:44:07     info       Loaded : . . . read 20,001 rps-records
2026-02-06T15:44:07     info       Loaded : . . . read 6,143 sps-records
2026-02-06T15:44:07     info       Loaded : . . . read 3,920,579 xps-records
2026-02-06T15:44:08     info       Params : D:/EBN/Amstelland 3D/Amstelland 3D.roll survey object read, containing 282 parameters
2026-02-06T15:46:32     info       Opening: D:/Roll/roll_samples/brick/Brick_001.roll
2026-02-06T15:46:32     info       Parsing: D:/Roll/roll_samples/brick/Brick_001.roll
2026-02-06T15:46:32     info       Parsing: D:/Roll/roll_samples/brick/Brick_001.roll survey object succesfully parsed
2026-02-06T15:46:32     info       Reading: D:/Roll/roll_samples/brick/Brick_001.roll, success: True
2026-02-06T15:46:32     info       Loading: D:/Roll/roll_samples/brick/Brick_001.roll analysis files
2026-02-06T15:46:32     info       Loaded : . . . Fold map  : Min:1 - Max:40 
2026-02-06T15:46:32     info       Loaded : . . . Min-offset: Min:35.36m - Max:6002.60m 
2026-02-06T15:46:32     info       Loaded : . . . Max-offset: Min:2113.35m - Max:6038.73m 
2026-02-06T15:46:32     info       Loaded : . . . Rms-offset: Min:0.00m - Max:99.91m 
2026-02-06T15:46:32     info       Loaded : . . . offset histogram
2026-02-06T15:46:32     info       Loaded : . . . azi-offset histogram
2026-02-06T15:46:32     info       Loaded : . . . Analysis  : 948,000 traces (reserved space)
2026-02-06T15:46:32     info       Loaded : . . . Analysis: 948,000 traces displayed in Trace Table
2026-02-06T15:46:32     info       Loaded : . . . read 7,506 rec-records
2026-02-06T15:46:32     info       Loaded : . . . read 1,200 src-records
2026-02-06T15:46:32     info       Loaded : . . . read 9,600 rel-records
2026-02-06T15:46:33     info       Params : D:/Roll/roll_samples/brick/Brick_001.roll survey object read, containing 394 parameters
2026-02-06T15:46:48     info       Opening: D:/Roll/roll_samples/Noordoostpolder/Noordoostpolder.roll
2026-02-06T15:46:48     info       Parsing: D:/Roll/roll_samples/Noordoostpolder/Noordoostpolder.roll
2026-02-06T15:46:48     info       Parsing: D:/Roll/roll_samples/Noordoostpolder/Noordoostpolder.roll survey object succesfully parsed
2026-02-06T15:46:48     info       Reading: D:/Roll/roll_samples/Noordoostpolder/Noordoostpolder.roll, success: True
2026-02-06T15:46:48     info       Loading: D:/Roll/roll_samples/Noordoostpolder/Noordoostpolder.roll analysis files
2026-02-06T15:46:48     info       Loaded : . . . Fold map  : Min:0 - Max:209 
2026-02-06T15:46:48     info       Loaded : . . . Min-offset: Min:22.36m - Max:4998.13m 
2026-02-06T15:46:48     info       Loaded : . . . Max-offset: Min:22.36m - Max:5158.34m 
2026-02-06T15:46:48     info       Loaded : . . . Rms-offset: Min:0.00m - Max:1376.98m 
2026-02-06T15:46:48     info       Loaded : . . . offset histogram
2026-02-06T15:46:48     info       Loaded : . . . azi-offset histogram
2026-02-06T15:46:48     info       Loaded : . . . Analysis  : 671,044,500 traces (reserved space)
2026-02-06T15:46:48     info       Loaded : . . . Analysis: 671,044,500 traces available (showing 1,000,000 at a time)
2026-02-06T15:46:48     info       Loaded : . . . read 161,894 rec-records
2026-02-06T15:46:48     info       Loaded : . . . read 51,240 src-records
2026-02-06T15:46:48     info       Loaded : . . . read 1,795,499 rel-records
2026-02-06T15:46:53     info       Params : D:/Roll/roll_samples/Noordoostpolder/Noordoostpolder.roll survey object read, containing 282 parameters
2026-02-06T15:47:56     info       Opening: D:/Roll/roll_samples/other/TripleZigzag_001.roll
2026-02-06T15:47:56     info       Parsing: D:/Roll/roll_samples/other/TripleZigzag_001.roll
2026-02-06T15:47:56     info       Parsing: D:/Roll/roll_samples/other/TripleZigzag_001.roll survey object succesfully parsed
2026-02-06T15:47:56     info       Reading: D:/Roll/roll_samples/other/TripleZigzag_001.roll, success: True
2026-02-06T15:47:57     info       Loading: D:/Roll/roll_samples/other/TripleZigzag_001.roll analysis files
2026-02-06T15:47:57     info       Loaded : . . . Fold map  : Min:0 - Max:180 
2026-02-06T15:47:57     info       Loaded : . . . Min-offset: Min:35.36m - Max:6372.70m 
2026-02-06T15:47:57     info       Loaded : . . . Max-offset: Min:4796.48m - Max:6372.70m 
2026-02-06T15:47:57     info       Loaded : . . . Rms-offset: Min:0.00m - Max:420.05m 
2026-02-06T15:47:57     info       Loaded : . . . Analysis  : 53,887,680 traces (reserved space)
2026-02-06T15:47:57     info       Loaded : . . . Analysis: 53,887,680 traces available (showing 1,000,000 at a time)
2026-02-06T15:47:57     info       Loaded : . . . read 13,485 rec-records
2026-02-06T15:47:57     info       Loaded : . . . read 13,824 src-records
2026-02-06T15:47:57     info       Loaded : . . . read 110,592 rel-records
2026-02-06T15:47:58     info       Params : D:/Roll/roll_samples/other/TripleZigzag_001.roll survey object read, containing 1014 parameters
2026-02-06T15:49:12     binning    Thread : Prepare memory mapped file for 53,887,680 traces, with nx=630, ny=432, fold=198
2026-02-06T15:49:12     binning    Thread : Started 'Bin from templates', using 13,824 shot points
2026-02-06T15:51:05     binning    Thread : Binning completed. Elapsed time:0:01:53 
2026-02-06T15:51:05     binning    Thread : . . . Fold       : Min:0 - Max:180 
2026-02-06T15:51:05     binning    Thread : . . . Min-offsets: Min:35.36m - Max:6372.70m 
2026-02-06T15:51:05     binning    Thread : . . . Max-offsets: Min:4796.48m - Max:6372.70m 
2026-02-06T15:51:05     binning    Thread : . . . Rms-offsets: Min:0.00m - Max:420.05m 
2026-02-06T15:51:05     info       Loaded : . . . Analysis: 53,887,680 traces available (showing 1,000,000 at a time)
2026-02-06T15:52:39     geometry   Thread : Started 'Create Geometry from Templates', from 13,824 shot points
2026-02-06T15:52:42     geometry   Thread : Completed 'Create Geometry from Templates'. Elapsed time:0:00:03 
2026-02-06T15:53:05     binning    Thread : Prepare memory mapped file for 53,887,680 traces, with nx=630, ny=432, fold=198
2026-02-06T15:53:06     binning    Thread : Started 'Bin from geometry', using 13,824 shot points
2026-02-06T15:55:05     binning    Thread : Binning completed. Elapsed time:0:02:00 
2026-02-06T15:55:05     binning    Thread : . . . Fold       : Min:0 - Max:180 
2026-02-06T15:55:05     binning    Thread : . . . Min-offsets: Min:35.36m - Max:6372.70m 
2026-02-06T15:55:05     binning    Thread : . . . Max-offsets: Min:4796.48m - Max:6372.70m 
2026-02-06T15:55:05     binning    Thread : . . . Rms-offsets: Min:0.00m - Max:420.05m 
2026-02-06T15:55:05     info       Loaded : . . . Analysis: 53,887,680 traces available (showing 1,000,000 at a time)
2026-02-06T16:09:13     info       Parsing: D:/Roll/roll_samples/other/TripleZigzag_001.roll survey object succesfully parsed
2026-02-06T16:09:13     info       Params : D:/Roll/roll_samples/other/TripleZigzag_001.roll survey object read, containing 282 parameters+++

2026-02-06T16:09:18     info       Plugin : Started on Windows 11 v(10.0.26200)
2026-02-06T16:09:18     info       Library: Numba version 0.62.1 available for JIT acceleration
2026-02-06T16:09:18     info       Library: Numba is enabled, running in JIT mode
2026-02-06T16:09:18     info       Parsing: survey object succesfully parsed
2026-02-06T16:09:18     info       Params : survey object read, containing 282 parameters
2026-02-06T16:10:07     info       Opening: D:/Roll/roll_samples/other/TripleZigzag_001.roll
2026-02-06T16:10:07     info       Parsing: D:/Roll/roll_samples/other/TripleZigzag_001.roll
2026-02-06T16:10:07     info       Parsing: D:/Roll/roll_samples/other/TripleZigzag_001.roll survey object succesfully parsed
2026-02-06T16:10:07     info       Reading: D:/Roll/roll_samples/other/TripleZigzag_001.roll, success: True
2026-02-06T16:10:07     info       Loading: D:/Roll/roll_samples/other/TripleZigzag_001.roll analysis files
2026-02-06T16:10:07     info       Loaded : . . . Fold map  : Min:0 - Max:180 
2026-02-06T16:10:07     info       Loaded : . . . Min-offset: Min:35.36m - Max:6372.70m 
2026-02-06T16:10:07     info       Loaded : . . . Max-offset: Min:4796.48m - Max:6372.70m 
2026-02-06T16:10:07     info       Loaded : . . . Rms-offset: Min:0.00m - Max:420.05m 
2026-02-06T16:10:07     info       Loaded : . . . Analysis  : 53,887,680 traces (reserved space)
2026-02-06T16:10:07     info       Loaded : . . . Analysis: 53,887,680 traces available (showing 1,000,000 at a time)
2026-02-06T16:10:07     info       Loaded : . . . read 13,485 rec-records
2026-02-06T16:10:07     info       Loaded : . . . read 13,824 src-records
2026-02-06T16:10:07     info       Loaded : . . . read 110,592 rel-records
2026-02-06T16:10:09     info       Params : D:/Roll/roll_samples/other/TripleZigzag_001.roll survey object read, containing 1014 parameters
2026-02-06T16:17:11     info       Parsing: D:/Roll/roll_samples/other/TripleZigzag_001.roll survey object succesfully parsed
2026-02-06T16:17:11     info       Params : D:/Roll/roll_samples/other/TripleZigzag_001.roll survey object read, containing 282 parameters+++

2026-02-06T16:23:33     info       Plugin : Started on Windows 11 v(10.0.26200)
2026-02-06T16:23:33     info       Library: Numba version 0.62.1 available for JIT acceleration
2026-02-06T16:23:33     info       Library: Numba is enabled, running in JIT mode
2026-02-06T16:23:33     info       Parsing: survey object succesfully parsed
2026-02-06T16:23:34     info       Params : survey object read, containing 282 parameters
2026-02-06T16:29:26     info       Parsing: survey object succesfully parsed
2026-02-06T16:29:26     info       Params : survey object read, containing 282 parameters+++

2026-02-06T16:29:40     info       Plugin : Started on Windows 11 v(10.0.26200)
2026-02-06T16:29:40     info       Library: Numba version 0.62.1 available for JIT acceleration
2026-02-06T16:29:40     info       Library: Numba is enabled, running in JIT mode
2026-02-06T16:29:40     info       Parsing: survey object succesfully parsed
2026-02-06T16:29:41     info       Params : survey object read, containing 282 parameters
2026-02-06T16:29:58     info       Parsing: survey object succesfully parsed
2026-02-06T16:29:58     info       Params : survey object read, containing 282 parameters+++

2026-02-06T16:38:31     info       Plugin : Started on Windows 11 v(10.0.26200)
2026-02-06T16:38:31     info       Library: Numba version 0.62.1 available for JIT acceleration
2026-02-06T16:38:31     info       Library: Numba is enabled, running in JIT mode
2026-02-06T16:38:31     info       Parsing: survey object succesfully parsed
2026-02-06T16:38:31     info       Params : survey object read, containing 282 parameters
2026-02-06T16:38:43     info       Opening: D:/Roll/roll_samples/other/TripleZigzag_001.roll
2026-02-06T16:38:43     info       Parsing: D:/Roll/roll_samples/other/TripleZigzag_001.roll
2026-02-06T16:38:43     info       Parsing: D:/Roll/roll_samples/other/TripleZigzag_001.roll survey object succesfully parsed
2026-02-06T16:38:43     info       Reading: D:/Roll/roll_samples/other/TripleZigzag_001.roll, success: True
2026-02-06T16:38:43     info       Loading: D:/Roll/roll_samples/other/TripleZigzag_001.roll analysis files
2026-02-06T16:38:43     info       Loaded : . . . Fold map  : Min:0 - Max:180 
2026-02-06T16:38:43     info       Loaded : . . . Min-offset: Min:35.36m - Max:6372.70m 
2026-02-06T16:38:43     info       Loaded : . . . Max-offset: Min:4796.48m - Max:6372.70m 
2026-02-06T16:38:43     info       Loaded : . . . Rms-offset: Min:0.00m - Max:420.05m 
2026-02-06T16:38:43     info       Loaded : . . . Analysis  : 53,887,680 traces (reserved space)
2026-02-06T16:38:43     info       Loaded : . . . Analysis: 53,887,680 traces available (showing 1,000,000 at a time)
2026-02-06T16:38:43     info       Loaded : . . . read 13,485 rec-records
2026-02-06T16:38:43     info       Loaded : . . . read 13,824 src-records
2026-02-06T16:38:43     info       Loaded : . . . read 110,592 rel-records
2026-02-06T16:38:45     info       Params : D:/Roll/roll_samples/other/TripleZigzag_001.roll survey object read, containing 1014 parameters
2026-02-06T16:42:10     info       Parsing: D:/Roll/roll_samples/other/TripleZigzag_001.roll survey object succesfully parsed
2026-02-06T16:42:10     info       Params : D:/Roll/roll_samples/other/TripleZigzag_001.roll survey object read, containing 282 parameters+++

2026-04-14T14:19:28     info       Plugin : Started on Windows 11 v(10.0.26200)
2026-04-14T14:19:28     info       Library: Numba version 0.64.0 available for JIT acceleration
2026-04-14T14:19:28     info       Parsing: survey object succesfully parsed
2026-04-14T14:19:28     info       Params : survey object read, containing 282 parameters
2026-04-14T14:19:42     info       Opening: D:/Roll/roll_samples/other/TripleZigzag_001.roll
2026-04-14T14:19:42     info       Parsing: D:/Roll/roll_samples/other/TripleZigzag_001.roll
2026-04-14T14:19:42     info       Parsing: D:/Roll/roll_samples/other/TripleZigzag_001.roll survey object succesfully parsed
2026-04-14T14:19:42     info       Reading: D:/Roll/roll_samples/other/TripleZigzag_001.roll, success: True
2026-04-14T14:19:42     info       Loading: D:/Roll/roll_samples/other/TripleZigzag_001.roll analysis files
2026-04-14T14:19:42     info       Analysis dims: nx=630, ny=432, binSize=(25.000,25.000)
2026-04-14T14:19:42     info       Analysis file: .bin.npy exists=True
2026-04-14T14:19:42     info       Analysis file: .min.npy exists=True
2026-04-14T14:19:42     info       Analysis file: .max.npy exists=True
2026-04-14T14:19:42     info       Analysis file: .rms.npy exists=True
2026-04-14T14:19:42     info       Analysis file: .off.npy exists=False
2026-04-14T14:19:42     info       Analysis file: .azi.npy exists=False
2026-04-14T14:19:42     info       Analysis file: .ana.npy exists=True
2026-04-14T14:19:42     info       Loaded : . . . Fold map  : Min:0 - Max:180 
2026-04-14T14:19:42     info       Loaded : . . . Min-offset: Min:35.36m - Max:6372.70m 
2026-04-14T14:19:42     info       Loaded : . . . Max-offset: Min:4796.48m - Max:6372.70m 
2026-04-14T14:19:42     info       Loaded : . . . Rms-offset: Min:0.00m - Max:420.05m 
2026-04-14T14:19:42     info       Analysis load: fold=198, maxFold=180
2026-04-14T14:19:42     info       Analysis load: nT=700539840, expected=700539840, delta=0
2026-04-14T14:19:42     info       Analysis load: an2Output.shape=(53887680, 13)
2026-04-14T14:19:42     info       Loaded : . . . Analysis  : 53,887,680 traces (reserved space)
2026-04-14T14:19:42     info       Loaded : . . . read 13,485 rec-records
2026-04-14T14:19:42     info       Loaded : . . . read 13,824 src-records
2026-04-14T14:19:42     info       Loaded : . . . read 110,592 rel-records
2026-04-14T14:19:42     info       Loaded : . . . Analysis: 53,887,680 traces available (showing 1,000,000 at a time)
2026-04-14T14:19:44     info       Params : D:/Roll/roll_samples/other/TripleZigzag_001.roll survey object read, containing 1014 parameters
2026-04-14T14:20:03     geometry   Thread : Started 'Create Geometry from Templates', from 13,824 shot points
2026-04-14T14:20:05     debug      Called : geometryFromTemplates() profiling information
2026-04-14T14:20:05     debug      Called : 00: min:0000000.000, max:0000000.000, tot:0000000.000, avr:0000000.000, freq:0000000
2026-04-14T14:20:05     debug      Called : 01: min:0000000.000, max:0000000.000, tot:0000000.000, avr:0000000.000, freq:0000000
2026-04-14T14:20:05     debug      Called : 02: min:0000000.000, max:0000000.000, tot:0000000.000, avr:0000000.000, freq:0000000
2026-04-14T14:20:05     debug      Called : 03: min:0000000.000, max:0000000.000, tot:0000000.000, avr:0000000.000, freq:0000000
2026-04-14T14:20:05     debug      Called : 04: min:0000000.000, max:0000000.000, tot:0000000.000, avr:0000000.000, freq:0000000
2026-04-14T14:20:05     debug      Called : 05: min:0000000.000, max:0000000.000, tot:0000000.000, avr:0000000.000, freq:0000000
2026-04-14T14:20:05     debug      Called : 06: min:0000000.000, max:0000000.000, tot:0000000.000, avr:0000000.000, freq:0000000
2026-04-14T14:20:05     debug      Called : 07: min:0000000.000, max:0000000.000, tot:0000000.000, avr:0000000.000, freq:0000000
2026-04-14T14:20:05     debug      Called : 08: min:0000000.000, max:0000000.000, tot:0000000.000, avr:0000000.000, freq:0000000
2026-04-14T14:20:05     debug      Called : 09: min:0000000.000, max:0000000.000, tot:0000000.000, avr:0000000.000, freq:0000000
2026-04-14T14:20:05     debug      Called : 10: min:0000000.000, max:0000000.000, tot:0000000.000, avr:0000000.000, freq:0000000
2026-04-14T14:20:05     debug      Called : 11: min:0000000.000, max:0000000.000, tot:0000000.000, avr:0000000.000, freq:0000000
2026-04-14T14:20:05     debug      Called : 12: min:0000000.000, max:0000000.000, tot:0000000.000, avr:0000000.000, freq:0000000
2026-04-14T14:20:05     debug      Called : 13: min:0000000.000, max:0000000.000, tot:0000000.000, avr:0000000.000, freq:0000000
2026-04-14T14:20:05     debug      Called : 14: min:0000000.000, max:0000000.000, tot:0000000.000, avr:0000000.000, freq:0000000
2026-04-14T14:20:05     debug      Called : 15: min:0000000.000, max:0000000.000, tot:0000000.000, avr:0000000.000, freq:0000000
2026-04-14T14:20:05     debug      Called : 16: min:0000000.000, max:0000000.000, tot:0000000.000, avr:0000000.000, freq:0000000
2026-04-14T14:20:05     debug      Called : 17: min:0000000.000, max:0000000.000, tot:0000000.000, avr:0000000.000, freq:0000000
2026-04-14T14:20:05     debug      Called : 18: min:0000000.000, max:0000000.000, tot:0000000.000, avr:0000000.000, freq:0000000
2026-04-14T14:20:05     debug      Called : 19: min:0000000.000, max:0000000.000, tot:0000000.000, avr:0000000.000, freq:0000000
2026-04-14T14:20:05     geometry   Thread : Completed 'Create Geometry from Templates'. Elapsed time:0:00:03 
2026-04-14T14:20:29     binning    Thread : Prepare memory mapped file for 53,887,680 traces, with nx=630, ny=432, fold=198
2026-04-14T14:20:31     binning    Thread : Started 'Bin from geometry', using 13,824 shot points
2026-04-14T14:22:34     binning    Thread : Binning completed. Elapsed time:0:02:04 
2026-04-14T14:22:34     binning    Thread : . . . Fold       : Min:0 - Max:180 
2026-04-14T14:22:34     binning    Thread : . . . Min-offsets: Min:35.36m - Max:6372.70m 
2026-04-14T14:22:34     binning    Thread : . . . Max-offsets: Min:4796.48m - Max:6372.70m 
2026-04-14T14:22:34     binning    Thread : . . . Rms-offsets: Min:0.00m - Max:420.05m 
2026-04-14T14:22:34     info       Loaded : . . . Analysis: 53,887,680 traces available (showing 1,000,000 at a time)
2026-04-14T14:23:41     info       Parsing: D:/Roll/roll_samples/other/TripleZigzag_001.roll survey object succesfully parsed
2026-04-14T14:23:42     info       Params : D:/Roll/roll_samples/other/TripleZigzag_001.roll survey object read, containing 282 parameters+++

2026-04-14T14:30:00     info       Plugin : Started on Windows 11 v(10.0.26200)
2026-04-14T14:30:00     info       Library: Numba version 0.64.0 available for JIT acceleration
2026-04-14T14:30:00     info       Parsing: survey object succesfully parsed
2026-04-14T14:30:00     info       Params : survey object read, containing 282 parameters
2026-04-14T14:30:08     info       Opening: D:/Roll/roll_samples/other/TripleZigzag_001.roll
2026-04-14T14:30:08     info       Parsing: D:/Roll/roll_samples/other/TripleZigzag_001.roll
2026-04-14T14:30:08     info       Parsing: D:/Roll/roll_samples/other/TripleZigzag_001.roll survey object succesfully parsed
2026-04-14T14:30:08     info       Reading: D:/Roll/roll_samples/other/TripleZigzag_001.roll, success: True
2026-04-14T14:30:08     info       Loading: D:/Roll/roll_samples/other/TripleZigzag_001.roll analysis files
2026-04-14T14:30:08     info       Analysis dims: nx=630, ny=432, binSize=(25.000,25.000)
2026-04-14T14:30:08     info       Analysis file: .bin.npy exists=True
2026-04-14T14:30:08     info       Analysis file: .min.npy exists=True
2026-04-14T14:30:08     info       Analysis file: .max.npy exists=True
2026-04-14T14:30:08     info       Analysis file: .rms.npy exists=True
2026-04-14T14:30:08     info       Analysis file: .off.npy exists=True
2026-04-14T14:30:08     info       Analysis file: .azi.npy exists=True
2026-04-14T14:30:08     info       Analysis file: .ana.npy exists=True
2026-04-14T14:30:08     info       Loaded : . . . Fold map  : Min:0 - Max:180 
2026-04-14T14:30:08     info       Loaded : . . . Min-offset: Min:35.36m - Max:6372.70m 
2026-04-14T14:30:08     info       Loaded : . . . Max-offset: Min:4796.48m - Max:6372.70m 
2026-04-14T14:30:08     info       Loaded : . . . Rms-offset: Min:0.00m - Max:420.05m 
2026-04-14T14:30:08     info       Loaded : . . . offset histogram
2026-04-14T14:30:08     info       Loaded : . . . azi-offset histogram
2026-04-14T14:30:08     info       Analysis load: fold=198, maxFold=180
2026-04-14T14:30:08     info       Analysis load: nT=700539840, expected=700539840, delta=0
2026-04-14T14:30:08     info       Analysis load: an2Output.shape=(53887680, 13)
2026-04-14T14:30:08     info       Loaded : . . . Analysis  : 53,887,680 traces (reserved space)
2026-04-14T14:30:08     info       Loaded : . . . read 13,485 rec-records
2026-04-14T14:30:08     info       Loaded : . . . read 13,824 src-records
2026-04-14T14:30:08     info       Loaded : . . . read 110,592 rel-records
2026-04-14T14:30:08     info       Loaded : . . . Analysis: 53,887,680 traces available (showing 1,000,000 at a time)
2026-04-14T14:30:10     info       Params : D:/Roll/roll_samples/other/TripleZigzag_001.roll survey object read, containing 1014 parameters
2026-04-14T14:30:13     geometry   Thread : Started 'Create Geometry from Templates', from 13,824 shot points
2026-04-14T14:30:16     debug      Called : geometryFromTemplates() profiling information
2026-04-14T14:30:16     debug      Called : 00: min:0000000.000, max:0000000.000, tot:0000000.000, avr:0000000.000, freq:0000000
2026-04-14T14:30:16     debug      Called : 01: min:0000000.000, max:0000000.000, tot:0000000.000, avr:0000000.000, freq:0000000
2026-04-14T14:30:16     debug      Called : 02: min:0000000.000, max:0000000.000, tot:0000000.000, avr:0000000.000, freq:0000000
2026-04-14T14:30:16     debug      Called : 03: min:0000000.000, max:0000000.000, tot:0000000.000, avr:0000000.000, freq:0000000
2026-04-14T14:30:16     debug      Called : 04: min:0000000.000, max:0000000.000, tot:0000000.000, avr:0000000.000, freq:0000000
2026-04-14T14:30:16     debug      Called : 05: min:0000000.000, max:0000000.000, tot:0000000.000, avr:0000000.000, freq:0000000
2026-04-14T14:30:16     debug      Called : 06: min:0000000.000, max:0000000.000, tot:0000000.000, avr:0000000.000, freq:0000000
2026-04-14T14:30:16     debug      Called : 07: min:0000000.000, max:0000000.000, tot:0000000.000, avr:0000000.000, freq:0000000
2026-04-14T14:30:16     debug      Called : 08: min:0000000.000, max:0000000.000, tot:0000000.000, avr:0000000.000, freq:0000000
2026-04-14T14:30:16     debug      Called : 09: min:0000000.000, max:0000000.000, tot:0000000.000, avr:0000000.000, freq:0000000
2026-04-14T14:30:16     debug      Called : 10: min:0000000.000, max:0000000.000, tot:0000000.000, avr:0000000.000, freq:0000000
2026-04-14T14:30:16     debug      Called : 11: min:0000000.000, max:0000000.000, tot:0000000.000, avr:0000000.000, freq:0000000
2026-04-14T14:30:16     debug      Called : 12: min:0000000.000, max:0000000.000, tot:0000000.000, avr:0000000.000, freq:0000000
2026-04-14T14:30:16     debug      Called : 13: min:0000000.000, max:0000000.000, tot:0000000.000, avr:0000000.000, freq:0000000
2026-04-14T14:30:16     debug      Called : 14: min:0000000.000, max:0000000.000, tot:0000000.000, avr:0000000.000, freq:0000000
2026-04-14T14:30:16     debug      Called : 15: min:0000000.000, max:0000000.000, tot:0000000.000, avr:0000000.000, freq:0000000
2026-04-14T14:30:16     debug      Called : 16: min:0000000.000, max:0000000.000, tot:0000000.000, avr:0000000.000, freq:0000000
2026-04-14T14:30:16     debug      Called : 17: min:0000000.000, max:0000000.000, tot:0000000.000, avr:0000000.000, freq:0000000
2026-04-14T14:30:16     debug      Called : 18: min:0000000.000, max:0000000.000, tot:0000000.000, avr:0000000.000, freq:0000000
2026-04-14T14:30:16     debug      Called : 19: min:0000000.000, max:0000000.000, tot:0000000.000, avr:0000000.000, freq:0000000
2026-04-14T14:30:16     geometry   Thread : Completed 'Create Geometry from Templates'. Elapsed time:0:00:04 
2026-04-14T14:30:25     binning    Thread : Prepare memory mapped file for 53,887,680 traces, with nx=630, ny=432, fold=198
2026-04-14T14:30:25     binning    Thread : Started 'Bin from geometry', using 13,824 shot points
2026-04-14T14:32:26     binning    Thread : Binning completed. Elapsed time:0:02:01 
2026-04-14T14:32:26     binning    Thread : . . . Fold       : Min:0 - Max:180 
2026-04-14T14:32:26     binning    Thread : . . . Min-offsets: Min:35.36m - Max:6372.70m 
2026-04-14T14:32:26     binning    Thread : . . . Max-offsets: Min:4796.48m - Max:6372.70m 
2026-04-14T14:32:26     binning    Thread : . . . Rms-offsets: Min:0.00m - Max:420.05m 
2026-04-14T14:32:26     info       Loaded : . . . Analysis: 53,887,680 traces available (showing 1,000,000 at a time)
2026-04-14T14:33:03     info       Parsing: D:/Roll/roll_samples/other/TripleZigzag_001.roll survey object succesfully parsed
2026-04-14T14:33:03     info       Params : D:/Roll/roll_samples/other/TripleZigzag_001.roll survey object read, containing 282 parameters+++

2026-04-14T14:33:51     info       Plugin : Started on Windows 11 v(10.0.26200)
2026-04-14T14:33:51     info       Library: Numba version 0.64.0 available for JIT acceleration
2026-04-14T14:33:51     info       Parsing: survey object succesfully parsed
2026-04-14T14:33:51     info       Params : survey object read, containing 282 parameters
2026-04-14T14:33:56     info       Opening: D:/Roll/roll_samples/other/TripleZigzag_001.roll
2026-04-14T14:33:56     info       Parsing: D:/Roll/roll_samples/other/TripleZigzag_001.roll
2026-04-14T14:33:56     info       Parsing: D:/Roll/roll_samples/other/TripleZigzag_001.roll survey object succesfully parsed
2026-04-14T14:33:56     info       Reading: D:/Roll/roll_samples/other/TripleZigzag_001.roll, success: True
2026-04-14T14:33:56     info       Loading: D:/Roll/roll_samples/other/TripleZigzag_001.roll analysis files
2026-04-14T14:33:56     info       Analysis dims: nx=630, ny=432, binSize=(25.000,25.000)
2026-04-14T14:33:56     info       Analysis file: .bin.npy exists=True
2026-04-14T14:33:56     info       Analysis file: .min.npy exists=True
2026-04-14T14:33:56     info       Analysis file: .max.npy exists=True
2026-04-14T14:33:56     info       Analysis file: .rms.npy exists=True
2026-04-14T14:33:56     info       Analysis file: .off.npy exists=True
2026-04-14T14:33:56     info       Analysis file: .azi.npy exists=True
2026-04-14T14:33:56     info       Analysis file: .ana.npy exists=True
2026-04-14T14:33:56     info       Loaded : . . . Fold map  : Min:0 - Max:180 
2026-04-14T14:33:56     info       Loaded : . . . Min-offset: Min:35.36m - Max:6372.70m 
2026-04-14T14:33:56     info       Loaded : . . . Max-offset: Min:4796.48m - Max:6372.70m 
2026-04-14T14:33:56     info       Loaded : . . . Rms-offset: Min:0.00m - Max:420.05m 
2026-04-14T14:33:56     info       Loaded : . . . offset histogram
2026-04-14T14:33:56     info       Loaded : . . . azi-offset histogram
2026-04-14T14:33:56     info       Analysis load: fold=198, maxFold=180
2026-04-14T14:33:56     info       Analysis load: nT=700539840, expected=700539840, delta=0
2026-04-14T14:33:56     info       Analysis load: an2Output.shape=(53887680, 13)
2026-04-14T14:33:56     info       Loaded : . . . Analysis  : 53,887,680 traces (reserved space)
2026-04-14T14:33:56     info       Loaded : . . . read 13,485 rec-records
2026-04-14T14:33:56     info       Loaded : . . . read 13,824 src-records
2026-04-14T14:33:56     info       Loaded : . . . read 110,592 rel-records
2026-04-14T14:33:56     info       Loaded : . . . Analysis: 53,887,680 traces available (showing 1,000,000 at a time)
2026-04-14T14:33:58     info       Params : D:/Roll/roll_samples/other/TripleZigzag_001.roll survey object read, containing 1014 parameters
2026-04-14T14:34:01     geometry   Thread : Started 'Create Geometry from Templates', from 13,824 shot points
2026-04-14T14:34:05     debug      Called : geometryFromTemplates() profiling information
2026-04-14T14:34:05     debug      Called : 00: min:0000000.000, max:0000000.000, tot:0000000.000, avr:0000000.000, freq:0000000
2026-04-14T14:34:05     debug      Called : 01: min:0000000.000, max:0000000.000, tot:0000000.000, avr:0000000.000, freq:0000000
2026-04-14T14:34:05     debug      Called : 02: min:0000000.000, max:0000000.000, tot:0000000.000, avr:0000000.000, freq:0000000
2026-04-14T14:34:05     debug      Called : 03: min:0000000.000, max:0000000.000, tot:0000000.000, avr:0000000.000, freq:0000000
2026-04-14T14:34:05     debug      Called : 04: min:0000000.000, max:0000000.000, tot:0000000.000, avr:0000000.000, freq:0000000
2026-04-14T14:34:05     debug      Called : 05: min:0000000.000, max:0000000.000, tot:0000000.000, avr:0000000.000, freq:0000000
2026-04-14T14:34:05     debug      Called : 06: min:0000000.000, max:0000000.000, tot:0000000.000, avr:0000000.000, freq:0000000
2026-04-14T14:34:05     debug      Called : 07: min:0000000.000, max:0000000.000, tot:0000000.000, avr:0000000.000, freq:0000000
2026-04-14T14:34:05     debug      Called : 08: min:0000000.000, max:0000000.000, tot:0000000.000, avr:0000000.000, freq:0000000
2026-04-14T14:34:05     debug      Called : 09: min:0000000.000, max:0000000.000, tot:0000000.000, avr:0000000.000, freq:0000000
2026-04-14T14:34:05     debug      Called : 10: min:0000000.000, max:0000000.000, tot:0000000.000, avr:0000000.000, freq:0000000
2026-04-14T14:34:05     debug      Called : 11: min:0000000.000, max:0000000.000, tot:0000000.000, avr:0000000.000, freq:0000000
2026-04-14T14:34:05     debug      Called : 12: min:0000000.000, max:0000000.000, tot:0000000.000, avr:0000000.000, freq:0000000
2026-04-14T14:34:05     debug      Called : 13: min:0000000.000, max:0000000.000, tot:0000000.000, avr:0000000.000, freq:0000000
2026-04-14T14:34:05     debug      Called : 14: min:0000000.000, max:0000000.000, tot:0000000.000, avr:0000000.000, freq:0000000
2026-04-14T14:34:05     debug      Called : 15: min:0000000.000, max:0000000.000, tot:0000000.000, avr:0000000.000, freq:0000000
2026-04-14T14:34:05     debug      Called : 16: min:0000000.000, max:0000000.000, tot:0000000.000, avr:0000000.000, freq:0000000
2026-04-14T14:34:05     debug      Called : 17: min:0000000.000, max:0000000.000, tot:0000000.000, avr:0000000.000, freq:0000000
2026-04-14T14:34:05     debug      Called : 18: min:0000000.000, max:0000000.000, tot:0000000.000, avr:0000000.000, freq:0000000
2026-04-14T14:34:05     debug      Called : 19: min:0000000.000, max:0000000.000, tot:0000000.000, avr:0000000.000, freq:0000000
2026-04-14T14:34:05     geometry   Thread : Completed 'Create Geometry from Templates'. Elapsed time:0:00:04 
2026-04-14T14:34:27     binning    Thread : Prepare memory mapped file for 53,887,680 traces, with nx=630, ny=432, fold=198
2026-04-14T14:34:28     binning    Thread : Started 'Bin from geometry', using 13,824 shot points
2026-04-14T14:36:28     binning    Thread : Binning completed. Elapsed time:0:02:01 
2026-04-14T14:36:28     binning    Thread : . . . Fold       : Min:0 - Max:180 
2026-04-14T14:36:28     binning    Thread : . . . Min-offsets: Min:35.36m - Max:6372.70m 
2026-04-14T14:36:28     binning    Thread : . . . Max-offsets: Min:4796.48m - Max:6372.70m 
2026-04-14T14:36:28     binning    Thread : . . . Rms-offsets: Min:0.00m - Max:420.05m 
2026-04-14T14:36:29     info       Loaded : . . . Analysis: 53,887,680 traces available (showing 1,000,000 at a time)
2026-04-14T14:40:41     info       Parsing: D:/Roll/roll_samples/other/TripleZigzag_001.roll survey object succesfully parsed
2026-04-14T14:40:41     info       Params : D:/Roll/roll_samples/other/TripleZigzag_001.roll survey object read, containing 282 parameters+++

2026-04-14T18:36:47     info       Plugin : Started on Windows 11 v(10.0.26200)
2026-04-14T18:36:47     info       Library: Numba version 0.64.0 available for JIT acceleration
2026-04-14T18:36:47     info       Parsing: survey object succesfully parsed
2026-04-14T18:36:48     info       Params : survey object read, containing 282 parameters
2026-04-14T18:36:53     info       Opening: D:/Roll/roll_samples/other/TripleZigzag_001.roll
2026-04-14T18:36:53     info       Parsing: D:/Roll/roll_samples/other/TripleZigzag_001.roll
2026-04-14T18:36:53     info       Parsing: D:/Roll/roll_samples/other/TripleZigzag_001.roll survey object succesfully parsed
2026-04-14T18:36:53     info       Reading: D:/Roll/roll_samples/other/TripleZigzag_001.roll, success: True
2026-04-14T18:36:53     info       Loading: D:/Roll/roll_samples/other/TripleZigzag_001.roll analysis files
2026-04-14T18:36:53     info       Analysis dims: nx=630, ny=432, binSize=(25.000,25.000)
2026-04-14T18:36:53     info       Analysis file: .bin.npy exists=True
2026-04-14T18:36:53     info       Analysis file: .min.npy exists=True
2026-04-14T18:36:53     info       Analysis file: .max.npy exists=True
2026-04-14T18:36:53     info       Analysis file: .rms.npy exists=True
2026-04-14T18:36:53     info       Analysis file: .off.npy exists=True
2026-04-14T18:36:53     info       Analysis file: .azi.npy exists=True
2026-04-14T18:36:53     info       Analysis file: .ana.npy exists=True
2026-04-14T18:36:53     info       Loaded : . . . Fold map  : Min:0 - Max:180 
2026-04-14T18:36:53     info       Loaded : . . . Min-offset: Min:35.36m - Max:6372.70m 
2026-04-14T18:36:53     info       Loaded : . . . Max-offset: Min:4796.48m - Max:6372.70m 
2026-04-14T18:36:53     info       Loaded : . . . Rms-offset: Min:0.00m - Max:420.05m 
2026-04-14T18:36:53     info       Loaded : . . . offset histogram
2026-04-14T18:36:53     info       Loaded : . . . azi-offset histogram
2026-04-14T18:36:53     info       Analysis load: fold=198, maxFold=180
2026-04-14T18:36:53     info       Analysis load: nT=700539840, expected=700539840, delta=0
2026-04-14T18:36:53     info       Analysis load: an2Output.shape=(53887680, 13)
2026-04-14T18:36:53     info       Loaded : . . . Analysis  : 53,887,680 traces (reserved space)
2026-04-14T18:36:53     info       Loaded : . . . read 13,485 rec-records
2026-04-14T18:36:53     info       Loaded : . . . read 13,824 src-records
2026-04-14T18:36:53     info       Loaded : . . . read 110,592 rel-records
2026-04-14T18:36:53     info       Loaded : . . . Analysis: 53,887,680 traces available (showing 1,000,000 at a time)
2026-04-14T18:36:55     info       Params : D:/Roll/roll_samples/other/TripleZigzag_001.roll survey object read, containing 1014 parameters
2026-04-14T18:36:58     binning    Thread : Prepare memory mapped file for 53,887,680 traces, with nx=630, ny=432, fold=198
2026-04-14T18:37:00     binning    Thread : Started 'Bin from templates', using 13,824 shot points
2026-04-14T18:38:51     binning    Thread : Binning completed. Elapsed time:0:01:52 
2026-04-14T18:38:51     binning    Thread : . . . Fold       : Min:0 - Max:180 
2026-04-14T18:38:51     binning    Thread : . . . Min-offsets: Min:35.36m - Max:6372.70m 
2026-04-14T18:38:51     binning    Thread : . . . Max-offsets: Min:4796.48m - Max:6372.70m 
2026-04-14T18:38:51     binning    Thread : . . . Rms-offsets: Min:0.00m - Max:420.05m 
2026-04-14T18:38:52     info       Loaded : . . . Analysis: 53,887,680 traces available (showing 1,000,000 at a time)
2026-04-14T18:41:35     geometry   Thread : Started 'Create Geometry from Templates', from 13,824 shot points
2026-04-14T18:41:38     debug      Called : geometryFromTemplates() profiling information
2026-04-14T18:41:38     debug      Called : 00: min:0000000.000, max:0000000.000, tot:0000000.000, avr:0000000.000, freq:0000000
2026-04-14T18:41:38     debug      Called : 01: min:0000000.000, max:0000000.000, tot:0000000.000, avr:0000000.000, freq:0000000
2026-04-14T18:41:38     debug      Called : 02: min:0000000.000, max:0000000.000, tot:0000000.000, avr:0000000.000, freq:0000000
2026-04-14T18:41:38     debug      Called : 03: min:0000000.000, max:0000000.000, tot:0000000.000, avr:0000000.000, freq:0000000
2026-04-14T18:41:38     debug      Called : 04: min:0000000.000, max:0000000.000, tot:0000000.000, avr:0000000.000, freq:0000000
2026-04-14T18:41:38     debug      Called : 05: min:0000000.000, max:0000000.000, tot:0000000.000, avr:0000000.000, freq:0000000
2026-04-14T18:41:38     debug      Called : 06: min:0000000.000, max:0000000.000, tot:0000000.000, avr:0000000.000, freq:0000000
2026-04-14T18:41:38     debug      Called : 07: min:0000000.000, max:0000000.000, tot:0000000.000, avr:0000000.000, freq:0000000
2026-04-14T18:41:38     debug      Called : 08: min:0000000.000, max:0000000.000, tot:0000000.000, avr:0000000.000, freq:0000000
2026-04-14T18:41:38     debug      Called : 09: min:0000000.000, max:0000000.000, tot:0000000.000, avr:0000000.000, freq:0000000
2026-04-14T18:41:38     debug      Called : 10: min:0000000.000, max:0000000.000, tot:0000000.000, avr:0000000.000, freq:0000000
2026-04-14T18:41:38     debug      Called : 11: min:0000000.000, max:0000000.000, tot:0000000.000, avr:0000000.000, freq:0000000
2026-04-14T18:41:38     debug      Called : 12: min:0000000.000, max:0000000.000, tot:0000000.000, avr:0000000.000, freq:0000000
2026-04-14T18:41:38     debug      Called : 13: min:0000000.000, max:0000000.000, tot:0000000.000, avr:0000000.000, freq:0000000
2026-04-14T18:41:38     debug      Called : 14: min:0000000.000, max:0000000.000, tot:0000000.000, avr:0000000.000, freq:0000000
2026-04-14T18:41:38     debug      Called : 15: min:0000000.000, max:0000000.000, tot:0000000.000, avr:0000000.000, freq:0000000
2026-04-14T18:41:38     debug      Called : 16: min:0000000.000, max:0000000.000, tot:0000000.000, avr:0000000.000, freq:0000000
2026-04-14T18:41:38     debug      Called : 17: min:0000000.000, max:0000000.000, tot:0000000.000, avr:0000000.000, freq:0000000
2026-04-14T18:41:38     debug      Called : 18: min:0000000.000, max:0000000.000, tot:0000000.000, avr:0000000.000, freq:0000000
2026-04-14T18:41:38     debug      Called : 19: min:0000000.000, max:0000000.000, tot:0000000.000, avr:0000000.000, freq:0000000
2026-04-14T18:41:38     geometry   Thread : Completed 'Create Geometry from Templates'. Elapsed time:0:00:03 
2026-04-14T18:42:12     geometry   Thread : Started 'Create Geometry from Templates', from 13,824 shot points
2026-04-14T18:42:15     geometry   Thread : Completed 'Create Geometry from Templates'. Elapsed time:0:00:03 
2026-04-14T18:42:26     binning    Thread : Prepare memory mapped file for 53,887,680 traces, with nx=630, ny=432, fold=198
2026-04-14T18:42:27     binning    Thread : Started 'Bin from geometry', using 13,824 shot points
2026-04-14T18:44:22     binning    Thread : Binning completed. Elapsed time:0:01:56 
2026-04-14T18:44:22     binning    Thread : . . . Fold       : Min:0 - Max:180 
2026-04-14T18:44:22     binning    Thread : . . . Min-offsets: Min:35.36m - Max:6372.70m 
2026-04-14T18:44:22     binning    Thread : . . . Max-offsets: Min:4796.48m - Max:6372.70m 
2026-04-14T18:44:22     binning    Thread : . . . Rms-offsets: Min:0.00m - Max:420.05m 
2026-04-14T18:44:22     info       Loaded : . . . Analysis: 53,887,680 traces available (showing 1,000,000 at a time)
2026-04-14T22:22:43     info       Parsing: D:/Roll/roll_samples/other/TripleZigzag_001.roll survey object succesfully parsed
2026-04-14T22:22:43     info       Params : D:/Roll/roll_samples/other/TripleZigzag_001.roll survey object read, containing 282 parameters+++

2026-04-14T22:25:42     info       Plugin : Started on Windows 11 v(10.0.26200)
2026-04-14T22:25:42     info       Library: Numba version 0.64.0 available for JIT acceleration
2026-04-14T22:25:42     info       Parsing: survey object succesfully parsed
2026-04-14T22:25:42     info       Params : survey object read, containing 282 parameters
2026-04-14T22:29:42     info       Opening: D:/Roll/roll_samples/other/TripleZigzag_001.roll
2026-04-14T22:29:42     info       Parsing: D:/Roll/roll_samples/other/TripleZigzag_001.roll
2026-04-14T22:29:42     info       Parsing: D:/Roll/roll_samples/other/TripleZigzag_001.roll survey object succesfully parsed
2026-04-14T22:29:42     info       Reading: D:/Roll/roll_samples/other/TripleZigzag_001.roll, success: True
2026-04-14T22:29:42     info       Loading: D:/Roll/roll_samples/other/TripleZigzag_001.roll analysis files
2026-04-14T22:29:42     info       Analysis dims: nx=630, ny=432, binSize=(25.000,25.000)
2026-04-14T22:29:42     info       Analysis file: .bin.npy exists=True
2026-04-14T22:29:42     info       Analysis file: .min.npy exists=True
2026-04-14T22:29:42     info       Analysis file: .max.npy exists=True
2026-04-14T22:29:42     info       Analysis file: .rms.npy exists=True
2026-04-14T22:29:42     info       Analysis file: .off.npy exists=True
2026-04-14T22:29:42     info       Analysis file: .azi.npy exists=True
2026-04-14T22:29:42     info       Analysis file: .ana.npy exists=True
2026-04-14T22:29:42     info       Loaded : . . . Fold map  : Min:0 - Max:180 
2026-04-14T22:29:42     info       Loaded : . . . Min-offset: Min:35.36m - Max:6372.70m 
2026-04-14T22:29:42     info       Loaded : . . . Max-offset: Min:4796.48m - Max:6372.70m 
2026-04-14T22:29:42     info       Loaded : . . . Rms-offset: Min:0.00m - Max:420.05m 
2026-04-14T22:29:42     info       Loaded : . . . offset histogram
2026-04-14T22:29:42     info       Loaded : . . . azi-offset histogram
2026-04-14T22:29:42     info       Analysis load: fold=198, maxFold=180
2026-04-14T22:29:42     info       Analysis load: nT=700539840, expected=700539840, delta=0
2026-04-14T22:29:42     info       Analysis load: an2Output.shape=(53887680, 13)
2026-04-14T22:29:42     info       Loaded : . . . Analysis  : 53,887,680 traces (reserved space)
2026-04-14T22:29:42     info       Loaded : . . . read 13,485 rec-records
2026-04-14T22:29:42     info       Loaded : . . . read 13,824 src-records
2026-04-14T22:29:42     info       Loaded : . . . read 110,592 rel-records
2026-04-14T22:29:42     info       Loaded : . . . Analysis: 53,887,680 traces available (showing 1,000,000 at a time)
2026-04-14T22:29:44     info       Params : D:/Roll/roll_samples/other/TripleZigzag_001.roll survey object read, containing 1014 parameters
2026-04-14T22:29:47     geometry   Thread : Started 'Create Geometry from Templates', from 13,824 shot points
2026-04-14T22:29:50     geometry   Thread : Completed 'Create Geometry from Templates'. Elapsed time:0:00:04 
2026-04-14T22:29:57     binning    Thread : Prepare memory mapped file for 53,887,680 traces, with nx=630, ny=432, fold=198
2026-04-14T22:29:58     binning    Thread : Started 'Bin from geometry', using 13,824 shot points
2026-04-14T22:31:54     binning    Thread : Binning completed. Elapsed time:0:01:57 
2026-04-14T22:31:54     binning    Thread : . . . Fold       : Min:0 - Max:180 
2026-04-14T22:31:54     binning    Thread : . . . Min-offsets: Min:35.36m - Max:6372.70m 
2026-04-14T22:31:54     binning    Thread : . . . Max-offsets: Min:4796.48m - Max:6372.70m 
2026-04-14T22:31:54     binning    Thread : . . . Rms-offsets: Min:0.00m - Max:420.05m 
2026-04-14T22:31:54     info       Loaded : . . . Analysis: 53,887,680 traces available (showing 1,000,000 at a time)
2026-04-14T22:32:51     info       Parsing: D:/Roll/roll_samples/other/TripleZigzag_001.roll survey object succesfully parsed
2026-04-14T22:32:51     info       Params : D:/Roll/roll_samples/other/TripleZigzag_001.roll survey object read, containing 282 parameters+++

2026-04-15T13:48:52     info       Plugin : Started on Windows 11 v(10.0.26200)
2026-04-15T13:48:52     info       Library: Numba version 0.64.0 available for JIT acceleration
2026-04-15T13:48:52     info       Parsing: survey object succesfully parsed
2026-04-15T13:48:52     info       Params : survey object read, containing 282 parameters
2026-04-15T13:48:58     info       Opening: D:/Roll/roll_samples/other/TripleZigzag_001.roll
2026-04-15T13:48:58     info       Parsing: D:/Roll/roll_samples/other/TripleZigzag_001.roll
2026-04-15T13:48:58     info       Parsing: D:/Roll/roll_samples/other/TripleZigzag_001.roll survey object succesfully parsed
2026-04-15T13:48:58     info       Reading: D:/Roll/roll_samples/other/TripleZigzag_001.roll, success: True
2026-04-15T13:48:58     info       Loading: D:/Roll/roll_samples/other/TripleZigzag_001.roll analysis files
2026-04-15T13:48:58     info       Analysis dims: nx=630, ny=432, binSize=(25.000,25.000)
2026-04-15T13:48:58     info       Analysis file: .bin.npy exists=True
2026-04-15T13:48:58     info       Analysis file: .min.npy exists=True
2026-04-15T13:48:58     info       Analysis file: .max.npy exists=True
2026-04-15T13:48:58     info       Analysis file: .rms.npy exists=True
2026-04-15T13:48:58     info       Analysis file: .off.npy exists=True
2026-04-15T13:48:58     info       Analysis file: .azi.npy exists=True
2026-04-15T13:48:58     info       Analysis file: .ana.npy exists=True
2026-04-15T13:48:58     info       Loaded : . . . Fold map  : Min:0 - Max:180 
2026-04-15T13:48:58     info       Loaded : . . . Min-offset: Min:35.36m - Max:6372.70m 
2026-04-15T13:48:58     info       Loaded : . . . Max-offset: Min:4796.48m - Max:6372.70m 
2026-04-15T13:48:58     info       Loaded : . . . Rms-offset: Min:0.00m - Max:420.05m 
2026-04-15T13:48:58     info       Loaded : . . . offset histogram
2026-04-15T13:48:58     info       Loaded : . . . azi-offset histogram
2026-04-15T13:48:58     info       Analysis load: fold=198, maxFold=180
2026-04-15T13:48:58     info       Analysis load: nT=700539840, expected=700539840, delta=0
2026-04-15T13:48:58     info       Analysis load: an2Output.shape=(53887680, 13)
2026-04-15T13:48:58     info       Loaded : . . . Analysis  : 53,887,680 traces (reserved space)
2026-04-15T13:48:58     info       Loaded : . . . read 13,485 rec-records
2026-04-15T13:48:58     info       Loaded : . . . read 13,824 src-records
2026-04-15T13:48:58     info       Loaded : . . . read 110,592 rel-records
2026-04-15T13:48:58     info       Loaded : . . . Analysis: 53,887,680 traces available (showing 1,000,000 at a time)
2026-04-15T13:49:00     info       Params : D:/Roll/roll_samples/other/TripleZigzag_001.roll survey object read, containing 1014 parameters
2026-04-15T13:49:02     geometry   Thread : Started 'Create Geometry from Templates', from 13,824 shot points
2026-04-15T13:49:05     geometry   Thread : Completed 'Create Geometry from Templates'. Elapsed time:0:00:04 
2026-04-15T13:49:15     binning    Thread : Prepare memory mapped file for 53,887,680 traces, with nx=630, ny=432, fold=198
2026-04-15T13:49:17     binning    Thread : Started 'Bin from geometry', using 13,824 shot points
2026-04-15T13:51:15     binning    Thread : Binning completed. Elapsed time:0:01:59 
2026-04-15T13:51:15     binning    Thread : . . . Fold       : Min:0 - Max:180 
2026-04-15T13:51:15     binning    Thread : . . . Min-offsets: Min:35.36m - Max:6372.70m 
2026-04-15T13:51:15     binning    Thread : . . . Max-offsets: Min:4796.48m - Max:6372.70m 
2026-04-15T13:51:15     binning    Thread : . . . Rms-offsets: Min:0.00m - Max:420.05m 
2026-04-15T13:51:15     info       Loaded : . . . Analysis: 53,887,680 traces available (showing 1,000,000 at a time)
2026-04-15T13:51:44     info       Parsing: D:/Roll/roll_samples/other/TripleZigzag_001.roll survey object succesfully parsed
2026-04-15T13:51:44     info       Params : D:/Roll/roll_samples/other/TripleZigzag_001.roll survey object read, containing 282 parameters+++

2026-04-16T14:37:34     info       Plugin : Started on Windows 11 v(10.0.26200)
2026-04-16T14:37:34     info       Library: Numba version 0.64.0 available for JIT acceleration
2026-04-16T14:37:34     info       Parsing: survey object succesfully parsed
2026-04-16T14:37:34     info       Params : survey object read, containing 282 parameters
2026-04-16T14:37:40     info       Opening: D:/Roll/roll_testing/kapuni.roll
2026-04-16T14:37:40     info       Parsing: D:/Roll/roll_testing/kapuni.roll
2026-04-16T14:37:40     info       Parsing: D:/Roll/roll_testing/kapuni.roll survey object succesfully parsed
2026-04-16T14:37:40     info       Reading: D:/Roll/roll_testing/kapuni.roll, success: True
2026-04-16T14:37:40     info       Loading: D:/Roll/roll_testing/kapuni.roll analysis files
2026-04-16T14:37:40     info       Analysis dims: nx=2000, ny=1366, binSize=(10.000,18.750)
2026-04-16T14:37:40     info       Analysis file: .bin.npy exists=True
2026-04-16T14:37:40     info       Analysis file: .min.npy exists=True
2026-04-16T14:37:40     info       Analysis file: .max.npy exists=True
2026-04-16T14:37:40     info       Analysis file: .rms.npy exists=True
2026-04-16T14:37:40     info       Analysis file: .off.npy exists=True
2026-04-16T14:37:40     info       Analysis file: .azi.npy exists=True
2026-04-16T14:37:40     info       Analysis file: .ana.npy exists=True
2026-04-16T14:37:40     info       Loaded : . . . Fold map  : Min:0 - Max:132 
2026-04-16T14:37:40     info       Loaded : . . . Min-offset: Min:10.00m - Max:5346.44m 
2026-04-16T14:37:40     info       Loaded : . . . Max-offset: Min:10.00m - Max:5415.07m 
2026-04-16T14:37:40     info       Loaded : . . . Rms-offset: Min:0.00m - Max:1770.86m 
2026-04-16T14:37:40     info       Loaded : . . . offset histogram
2026-04-16T14:37:40     info       Loaded : . . . azi-offset histogram
2026-04-16T14:37:40     info       Analysis load: fold=180, maxFold=132
2026-04-16T14:37:40     info       Analysis load: nT=6392880000, expected=6392880000, delta=0
2026-04-16T14:37:40     info       Analysis load: an2Output.shape=(491760000, 13)
2026-04-16T14:37:40     info       Loaded : . . . Analysis  : 491,760,000 traces (reserved space)
2026-04-16T14:37:40     info       Loaded : . . . read 76,119 rps-records
2026-04-16T14:37:40     info       Loaded : . . . read 26,731 sps-records
2026-04-16T14:37:40     info       Loaded : . . . read 598,465 xps-records
2026-04-16T14:37:40     info       Loaded : . . . Analysis: 491,760,000 traces available (showing 1,000,000 at a time)
2026-04-16T14:37:42     info       Params : D:/Roll/roll_testing/kapuni.roll survey object read, containing 282 parameters
2026-04-16T14:38:30     info       Opening: D:/Roll/roll_samples/other/TripleZigzag_001.roll
2026-04-16T14:38:30     info       Parsing: D:/Roll/roll_samples/other/TripleZigzag_001.roll
2026-04-16T14:38:30     info       Parsing: D:/Roll/roll_samples/other/TripleZigzag_001.roll survey object succesfully parsed
2026-04-16T14:38:30     info       Reading: D:/Roll/roll_samples/other/TripleZigzag_001.roll, success: True
2026-04-16T14:38:30     info       Loading: D:/Roll/roll_samples/other/TripleZigzag_001.roll analysis files
2026-04-16T14:38:30     info       Analysis dims: nx=630, ny=432, binSize=(25.000,25.000)
2026-04-16T14:38:30     info       Analysis file: .bin.npy exists=True
2026-04-16T14:38:30     info       Analysis file: .min.npy exists=True
2026-04-16T14:38:30     info       Analysis file: .max.npy exists=True
2026-04-16T14:38:30     info       Analysis file: .rms.npy exists=True
2026-04-16T14:38:30     info       Analysis file: .off.npy exists=True
2026-04-16T14:38:30     info       Analysis file: .azi.npy exists=True
2026-04-16T14:38:30     info       Analysis file: .ana.npy exists=True
2026-04-16T14:38:30     info       Loaded : . . . Fold map  : Min:0 - Max:180 
2026-04-16T14:38:30     info       Loaded : . . . Min-offset: Min:35.36m - Max:6372.70m 
2026-04-16T14:38:30     info       Loaded : . . . Max-offset: Min:4796.48m - Max:6372.70m 
2026-04-16T14:38:30     info       Loaded : . . . Rms-offset: Min:0.00m - Max:420.05m 
2026-04-16T14:38:30     info       Loaded : . . . offset histogram
2026-04-16T14:38:30     info       Loaded : . . . azi-offset histogram
2026-04-16T14:38:30     info       Analysis load: fold=198, maxFold=180
2026-04-16T14:38:30     info       Analysis load: nT=700539840, expected=700539840, delta=0
2026-04-16T14:38:30     info       Analysis load: an2Output.shape=(53887680, 13)
2026-04-16T14:38:30     info       Loaded : . . . Analysis  : 53,887,680 traces (reserved space)
2026-04-16T14:38:30     info       Loaded : . . . read 13,485 rec-records
2026-04-16T14:38:30     info       Loaded : . . . read 13,824 src-records
2026-04-16T14:38:30     info       Loaded : . . . read 110,592 rel-records
2026-04-16T14:38:30     info       Loaded : . . . Analysis: 53,887,680 traces available (showing 1,000,000 at a time)
2026-04-16T14:38:32     info       Params : D:/Roll/roll_samples/other/TripleZigzag_001.roll survey object read, containing 1014 parameters
2026-04-16T14:42:06     info       Parsing: D:/Roll/roll_samples/other/TripleZigzag_001.roll survey object succesfully parsed
2026-04-16T14:42:07     info       Params : D:/Roll/roll_samples/other/TripleZigzag_001.roll survey object read, containing 282 parameters+++

2026-04-16T14:42:11     info       Plugin : Started on Windows 11 v(10.0.26200)
2026-04-16T14:42:11     info       Library: Numba version 0.64.0 available for JIT acceleration
2026-04-16T14:42:11     info       Parsing: survey object succesfully parsed
2026-04-16T14:42:11     info       Params : survey object read, containing 282 parameters
2026-04-16T14:42:15     info       Opening: D:/Roll/roll_samples/other/TripleZigzag_001.roll
2026-04-16T14:42:15     info       Parsing: D:/Roll/roll_samples/other/TripleZigzag_001.roll
2026-04-16T14:42:15     info       Parsing: D:/Roll/roll_samples/other/TripleZigzag_001.roll survey object succesfully parsed
2026-04-16T14:42:15     info       Reading: D:/Roll/roll_samples/other/TripleZigzag_001.roll, success: True
2026-04-16T14:42:15     info       Loading: D:/Roll/roll_samples/other/TripleZigzag_001.roll analysis files
2026-04-16T14:42:15     info       Analysis dims: nx=630, ny=432, binSize=(25.000,25.000)
2026-04-16T14:42:15     info       Analysis file: .bin.npy exists=True
2026-04-16T14:42:15     info       Analysis file: .min.npy exists=True
2026-04-16T14:42:15     info       Analysis file: .max.npy exists=True
2026-04-16T14:42:15     info       Analysis file: .rms.npy exists=True
2026-04-16T14:42:15     info       Analysis file: .off.npy exists=True
2026-04-16T14:42:15     info       Analysis file: .azi.npy exists=True
2026-04-16T14:42:15     info       Analysis file: .ana.npy exists=True
2026-04-16T14:42:15     info       Loaded : . . . Fold map  : Min:0 - Max:180 
2026-04-16T14:42:15     info       Loaded : . . . Min-offset: Min:35.36m - Max:6372.70m 
2026-04-16T14:42:15     info       Loaded : . . . Max-offset: Min:4796.48m - Max:6372.70m 
2026-04-16T14:42:15     info       Loaded : . . . Rms-offset: Min:0.00m - Max:420.05m 
2026-04-16T14:42:15     info       Loaded : . . . offset histogram
2026-04-16T14:42:15     info       Loaded : . . . azi-offset histogram
2026-04-16T14:42:15     info       Analysis load: fold=198, maxFold=180
2026-04-16T14:42:15     info       Analysis load: nT=700539840, expected=700539840, delta=0
2026-04-16T14:42:15     info       Analysis load: an2Output.shape=(53887680, 13)
2026-04-16T14:42:15     info       Loaded : . . . Analysis  : 53,887,680 traces (reserved space)
2026-04-16T14:42:15     info       Loaded : . . . read 13,485 rec-records
2026-04-16T14:42:16     info       Loaded : . . . read 13,824 src-records
2026-04-16T14:42:16     info       Loaded : . . . read 110,592 rel-records
2026-04-16T14:42:16     info       Loaded : . . . Analysis: 53,887,680 traces available (showing 1,000,000 at a time)
2026-04-16T14:42:17     info       Params : D:/Roll/roll_samples/other/TripleZigzag_001.roll survey object read, containing 1014 parameters
2026-04-16T14:42:43     info       Parsing: D:/Roll/roll_samples/other/TripleZigzag_001.roll survey object succesfully parsed
2026-04-16T14:42:44     info       Params : D:/Roll/roll_samples/other/TripleZigzag_001.roll survey object read, containing 282 parameters+++

2026-04-16T15:30:34     info       Plugin : Started on Windows 11 v(10.0.26200)
2026-04-16T15:30:34     info       Library: Numba version 0.64.0 available for JIT acceleration
2026-04-16T15:30:34     info       Parsing: survey object succesfully parsed
2026-04-16T15:30:35     info       Params : survey object read, containing 282 parameters
2026-04-16T15:34:40     info       Opening: D:/Roll/roll_samples/other/TripleZigzag_001.roll
2026-04-16T15:34:40     info       Parsing: D:/Roll/roll_samples/other/TripleZigzag_001.roll
2026-04-16T15:34:40     info       Parsing: D:/Roll/roll_samples/other/TripleZigzag_001.roll survey object succesfully parsed
2026-04-16T15:34:40     info       Reading: D:/Roll/roll_samples/other/TripleZigzag_001.roll, success: True
2026-04-16T15:34:40     info       Loading: D:/Roll/roll_samples/other/TripleZigzag_001.roll analysis files
2026-04-16T15:34:40     info       Analysis dims: nx=630, ny=432, binSize=(25.000,25.000)
2026-04-16T15:34:40     info       Analysis file: .bin.npy exists=True
2026-04-16T15:34:40     info       Analysis file: .min.npy exists=True
2026-04-16T15:34:40     info       Analysis file: .max.npy exists=True
2026-04-16T15:34:40     info       Analysis file: .rms.npy exists=True
2026-04-16T15:34:40     info       Analysis file: .off.npy exists=True
2026-04-16T15:34:40     info       Analysis file: .azi.npy exists=True
2026-04-16T15:34:40     info       Analysis file: .ana.npy exists=True
2026-04-16T15:34:40     info       Loaded : . . . Fold map  : Min:0 - Max:180 
2026-04-16T15:34:40     info       Loaded : . . . Min-offset: Min:35.36m - Max:6372.70m 
2026-04-16T15:34:40     info       Loaded : . . . Max-offset: Min:4796.48m - Max:6372.70m 
2026-04-16T15:34:40     info       Loaded : . . . Rms-offset: Min:0.00m - Max:420.05m 
2026-04-16T15:34:40     info       Loaded : . . . offset histogram
2026-04-16T15:34:40     info       Loaded : . . . azi-offset histogram
2026-04-16T15:34:40     info       Analysis load: fold=198, maxFold=180
2026-04-16T15:34:40     info       Analysis load: nT=700539840, expected=700539840, delta=0
2026-04-16T15:34:40     info       Analysis load: an2Output.shape=(53887680, 13)
2026-04-16T15:34:40     info       Loaded : . . . Analysis  : 53,887,680 traces (reserved space)
2026-04-16T15:34:40     info       Loaded : . . . read 13,485 rec-records
2026-04-16T15:34:40     info       Loaded : . . . read 13,824 src-records
2026-04-16T15:34:40     info       Loaded : . . . read 110,592 rel-records
2026-04-16T15:34:40     info       Loaded : . . . Analysis: 53,887,680 traces available (showing 1,000,000 at a time)
2026-04-16T15:34:42     info       Params : D:/Roll/roll_samples/other/TripleZigzag_001.roll survey object read, containing 1014 parameters
2026-04-16T15:57:55     info       Parsing: D:/Roll/roll_samples/other/TripleZigzag_001.roll survey object succesfully parsed
2026-04-16T15:57:55     info       Params : D:/Roll/roll_samples/other/TripleZigzag_001.roll survey object read, containing 282 parameters+++

2026-04-16T15:58:00     info       Plugin : Started on Windows 11 v(10.0.26200)
2026-04-16T15:58:00     info       Library: Numba version 0.64.0 available for JIT acceleration
2026-04-16T15:58:00     info       Parsing: survey object succesfully parsed
2026-04-16T15:58:01     info       Params : survey object read, containing 282 parameters
2026-04-16T15:58:10     info       Opening: D:/Roll/roll_samples/other/TripleZigzag_001.roll
2026-04-16T15:58:10     info       Parsing: D:/Roll/roll_samples/other/TripleZigzag_001.roll
2026-04-16T15:58:10     info       Parsing: D:/Roll/roll_samples/other/TripleZigzag_001.roll survey object succesfully parsed
2026-04-16T15:58:10     info       Reading: D:/Roll/roll_samples/other/TripleZigzag_001.roll, success: True
2026-04-16T15:58:10     info       Loading: D:/Roll/roll_samples/other/TripleZigzag_001.roll analysis files
2026-04-16T15:58:10     info       Analysis dims: nx=630, ny=432, binSize=(25.000,25.000)
2026-04-16T15:58:10     info       Analysis file: .bin.npy exists=True
2026-04-16T15:58:10     info       Analysis file: .min.npy exists=True
2026-04-16T15:58:10     info       Analysis file: .max.npy exists=True
2026-04-16T15:58:10     info       Analysis file: .rms.npy exists=True
2026-04-16T15:58:10     info       Analysis file: .off.npy exists=True
2026-04-16T15:58:10     info       Analysis file: .azi.npy exists=True
2026-04-16T15:58:10     info       Analysis file: .ana.npy exists=True
2026-04-16T15:58:10     info       Loaded : . . . Fold map  : Min:0 - Max:180 
2026-04-16T15:58:10     info       Loaded : . . . Min-offset: Min:35.36m - Max:6372.70m 
2026-04-16T15:58:10     info       Loaded : . . . Max-offset: Min:4796.48m - Max:6372.70m 
2026-04-16T15:58:10     info       Loaded : . . . Rms-offset: Min:0.00m - Max:420.05m 
2026-04-16T15:58:10     info       Loaded : . . . offset histogram
2026-04-16T15:58:10     info       Loaded : . . . azi-offset histogram
2026-04-16T15:58:10     info       Analysis load: fold=198, maxFold=180
2026-04-16T15:58:10     info       Analysis load: nT=700539840, expected=700539840, delta=0
2026-04-16T15:58:10     info       Analysis load: an2Output.shape=(53887680, 13)
2026-04-16T15:58:10     info       Loaded : . . . Analysis  : 53,887,680 traces (reserved space)
2026-04-16T15:58:10     info       Loaded : . . . read 13,485 rec-records
2026-04-16T15:58:10     info       Loaded : . . . read 13,824 src-records
2026-04-16T15:58:10     info       Loaded : . . . read 110,592 rel-records
2026-04-16T15:58:10     info       Loaded : . . . Analysis: 53,887,680 traces available (showing 1,000,000 at a time)
2026-04-16T15:58:12     info       Params : D:/Roll/roll_samples/other/TripleZigzag_001.roll survey object read, containing 1014 parameters
2026-04-16T16:06:02     info       Parsing: D:/Roll/roll_samples/other/TripleZigzag_001.roll survey object succesfully parsed
2026-04-16T16:06:02     info       Params : D:/Roll/roll_samples/other/TripleZigzag_001.roll survey object read, containing 282 parameters+++

2026-04-17T15:05:51     info       Plugin : Started on Windows 11 v(10.0.26200)
2026-04-17T15:05:51     info       Library: Numba version 0.64.0 available for JIT acceleration
2026-04-17T15:05:51     info       Parsing: survey object succesfully parsed
2026-04-17T15:05:51     info       Params : survey object read, containing 282 parameters
2026-04-17T15:06:00     info       Opening: D:/Roll/roll_samples/other/TripleZigzag_001.roll
2026-04-17T15:06:00     info       Parsing: D:/Roll/roll_samples/other/TripleZigzag_001.roll
2026-04-17T15:06:00     info       Parsing: D:/Roll/roll_samples/other/TripleZigzag_001.roll survey object succesfully parsed
2026-04-17T15:06:00     info       Reading: D:/Roll/roll_samples/other/TripleZigzag_001.roll, success: True
2026-04-17T15:06:00     info       Loading: D:/Roll/roll_samples/other/TripleZigzag_001.roll analysis files
2026-04-17T15:06:00     info       Analysis dims: nx=630, ny=432, binSize=(25.000,25.000)
2026-04-17T15:06:00     info       Analysis file: .bin.npy exists=True
2026-04-17T15:06:00     info       Analysis file: .min.npy exists=True
2026-04-17T15:06:00     info       Analysis file: .max.npy exists=True
2026-04-17T15:06:00     info       Analysis file: .rms.npy exists=True
2026-04-17T15:06:00     info       Analysis file: .off.npy exists=True
2026-04-17T15:06:00     info       Analysis file: .azi.npy exists=True
2026-04-17T15:06:00     info       Analysis file: .ana.npy exists=True
2026-04-17T15:06:00     info       Loaded : . . . Fold map  : Min:0 - Max:180 
2026-04-17T15:06:00     info       Loaded : . . . Min-offset: Min:35.36m - Max:6372.70m 
2026-04-17T15:06:00     info       Loaded : . . . Max-offset: Min:4796.48m - Max:6372.70m 
2026-04-17T15:06:00     info       Loaded : . . . Rms-offset: Min:0.00m - Max:420.05m 
2026-04-17T15:06:00     info       Loaded : . . . offset histogram
2026-04-17T15:06:00     info       Loaded : . . . azi-offset histogram
2026-04-17T15:06:00     info       Analysis load: fold=198, maxFold=180
2026-04-17T15:06:00     info       Analysis load: nT=700539840, expected=700539840, delta=0
2026-04-17T15:06:00     info       Analysis load: an2Output.shape=(53887680, 13)
2026-04-17T15:06:00     info       Loaded : . . . Analysis  : 53,887,680 traces (reserved space)
2026-04-17T15:06:00     info       Loaded : . . . read 13,485 rec-records
2026-04-17T15:06:00     info       Loaded : . . . read 13,824 src-records
2026-04-17T15:06:00     info       Loaded : . . . read 110,592 rel-records
2026-04-17T15:06:00     info       Loaded : . . . Analysis: 53,887,680 traces available (showing 1,000,000 at a time)
2026-04-17T15:06:01     info       Params : D:/Roll/roll_samples/other/TripleZigzag_001.roll survey object read, containing 1014 parameters
2026-04-17T15:13:30     info       Parsing: D:/Roll/roll_samples/other/TripleZigzag_001.roll survey object succesfully parsed
2026-04-17T15:13:30     info       Params : D:/Roll/roll_samples/other/TripleZigzag_001.roll survey object read, containing 282 parameters+++

2026-04-17T15:28:49     info       Plugin : Started on Windows 11 v(10.0.26200)
2026-04-17T15:28:49     info       Library: Numba version 0.64.0 available for JIT acceleration
2026-04-17T15:28:49     info       Parsing: survey object succesfully parsed
2026-04-17T15:28:49     info       Params : survey object read, containing 282 parameters
2026-04-17T15:29:08     info       Parsing: survey object succesfully parsed
2026-04-17T15:29:08     info       Params : survey object read, containing 282 parameters+++

2026-04-18T13:11:22     info       Plugin : Started on Windows 11 v(10.0.26200)
2026-04-18T13:11:22     info       Library: Numba version 0.64.0 available for JIT acceleration
2026-04-18T13:11:22     info       Parsing: survey object succesfully parsed
2026-04-18T13:11:23     info       Params : survey object read, containing 282 parameters
2026-04-18T13:12:28     info       Opening: D:/Roll/roll_samples/other/TripleZigzag_001.roll
2026-04-18T13:12:28     info       Parsing: D:/Roll/roll_samples/other/TripleZigzag_001.roll
2026-04-18T13:12:28     info       Parsing: D:/Roll/roll_samples/other/TripleZigzag_001.roll survey object succesfully parsed
2026-04-18T13:12:28     info       Reading: D:/Roll/roll_samples/other/TripleZigzag_001.roll, success: True
2026-04-18T13:12:28     info       Loading: D:/Roll/roll_samples/other/TripleZigzag_001.roll analysis files
2026-04-18T13:12:28     info       Analysis dims: nx=630, ny=432, binSize=(25.000,25.000)
2026-04-18T13:12:28     info       Analysis file: .bin.npy exists=True
2026-04-18T13:12:28     info       Analysis file: .min.npy exists=True
2026-04-18T13:12:28     info       Analysis file: .max.npy exists=True
2026-04-18T13:12:28     info       Analysis file: .rms.npy exists=True
2026-04-18T13:12:28     info       Analysis file: .off.npy exists=True
2026-04-18T13:12:28     info       Analysis file: .azi.npy exists=True
2026-04-18T13:12:28     info       Analysis file: .ana.npy exists=True
2026-04-18T13:12:28     info       Loaded : . . . Fold map  : Min:0 - Max:180 
2026-04-18T13:12:28     info       Loaded : . . . Min-offset: Min:35.36m - Max:6372.70m 
2026-04-18T13:12:28     info       Loaded : . . . Max-offset: Min:4796.48m - Max:6372.70m 
2026-04-18T13:12:28     info       Loaded : . . . Rms-offset: Min:0.00m - Max:420.05m 
2026-04-18T13:12:28     info       Loaded : . . . offset histogram
2026-04-18T13:12:28     info       Loaded : . . . azi-offset histogram
2026-04-18T13:12:28     info       Analysis load: fold=198, maxFold=180
2026-04-18T13:12:28     info       Analysis load: nT=700539840, expected=700539840, delta=0
2026-04-18T13:12:28     info       Analysis load: an2Output.shape=(53887680, 13)
2026-04-18T13:12:28     info       Loaded : . . . Analysis  : 53,887,680 traces (reserved space)
2026-04-18T13:12:28     info       Loaded : . . . read 13,485 rec-records
2026-04-18T13:12:28     info       Loaded : . . . read 13,824 src-records
2026-04-18T13:12:28     info       Loaded : . . . read 110,592 rel-records
2026-04-18T13:12:28     info       Loaded : . . . Analysis: 53,887,680 traces available (showing 1,000,000 at a time)
2026-04-18T13:12:30     info       Params : D:/Roll/roll_samples/other/TripleZigzag_001.roll survey object read, containing 1014 parameters
2026-04-18T13:12:54     binning    Thread : Prepare memory mapped file for 53,887,680 traces, with nx=630, ny=432, fold=198
2026-04-18T13:12:56     binning    Thread : Started 'Bin from geometry', using 13,824 shot points
2026-04-18T13:13:00     error      Thread : . . . aborted binning operation
2026-04-18T13:13:00     error      Thread : . . . file: worker_threads.py, function: run(), line: 176, error: [WinError 10061] No connection could be made because the target machine actively refused it
2026-04-18T13:13:26     binning    Thread : Prepare memory mapped file for 53,887,680 traces, with nx=630, ny=432, fold=198
2026-04-18T13:13:27     binning    Thread : Started 'Bin from geometry', using 13,824 shot points
2026-04-18T13:13:51     error      Thread : . . . aborted binning operation
2026-04-18T13:13:51     error      Thread : . . . binning from geometry cancelled by user
2026-04-18T13:13:57     info       Parsing: D:/Roll/roll_samples/other/TripleZigzag_001.roll survey object succesfully parsed
2026-04-18T13:13:58     info       Params : D:/Roll/roll_samples/other/TripleZigzag_001.roll survey object read, containing 282 parameters+++

2026-04-18T13:14:02     info       Plugin : Started on Windows 11 v(10.0.26200)
2026-04-18T13:14:02     info       Library: Numba version 0.64.0 available for JIT acceleration
2026-04-18T13:14:02     info       Parsing: survey object succesfully parsed
2026-04-18T13:14:02     info       Params : survey object read, containing 282 parameters
2026-04-18T13:14:15     info       Opening: D:/Roll/roll_samples/other/TripleZigzag_001.roll
2026-04-18T13:14:15     info       Parsing: D:/Roll/roll_samples/other/TripleZigzag_001.roll
2026-04-18T13:14:15     info       Parsing: D:/Roll/roll_samples/other/TripleZigzag_001.roll survey object succesfully parsed
2026-04-18T13:14:15     info       Reading: D:/Roll/roll_samples/other/TripleZigzag_001.roll, success: True
2026-04-18T13:14:15     info       Loading: D:/Roll/roll_samples/other/TripleZigzag_001.roll analysis files
2026-04-18T13:14:15     info       Analysis dims: nx=630, ny=432, binSize=(25.000,25.000)
2026-04-18T13:14:15     info       Analysis file: .bin.npy exists=True
2026-04-18T13:14:15     info       Analysis file: .min.npy exists=True
2026-04-18T13:14:15     info       Analysis file: .max.npy exists=True
2026-04-18T13:14:15     info       Analysis file: .rms.npy exists=True
2026-04-18T13:14:15     info       Analysis file: .off.npy exists=True
2026-04-18T13:14:15     info       Analysis file: .azi.npy exists=True
2026-04-18T13:14:15     info       Analysis file: .ana.npy exists=True
2026-04-18T13:14:15     info       Loaded : . . . Fold map  : Min:0 - Max:180 
2026-04-18T13:14:15     info       Loaded : . . . Min-offset: Min:35.36m - Max:6372.70m 
2026-04-18T13:14:15     info       Loaded : . . . Max-offset: Min:4796.48m - Max:6372.70m 
2026-04-18T13:14:15     info       Loaded : . . . Rms-offset: Min:0.00m - Max:420.05m 
2026-04-18T13:14:15     info       Loaded : . . . offset histogram
2026-04-18T13:14:15     info       Loaded : . . . azi-offset histogram
2026-04-18T13:14:15     info       Analysis load: fold=198, maxFold=180
2026-04-18T13:14:15     info       Analysis load: nT=700539840, expected=700539840, delta=0
2026-04-18T13:14:15     info       Analysis load: an2Output.shape=(53887680, 13)
2026-04-18T13:14:15     info       Loaded : . . . Analysis  : 53,887,680 traces (reserved space)
2026-04-18T13:14:15     info       Loaded : . . . read 13,485 rec-records
2026-04-18T13:14:15     info       Loaded : . . . read 13,824 src-records
2026-04-18T13:14:15     info       Loaded : . . . read 110,592 rel-records
2026-04-18T13:14:15     info       Loaded : . . . Analysis: 53,887,680 traces available (showing 1,000,000 at a time)
2026-04-18T13:14:17     info       Params : D:/Roll/roll_samples/other/TripleZigzag_001.roll survey object read, containing 1014 parameters
2026-04-18T13:14:41     binning    Thread : Prepare memory mapped file for 53,887,680 traces, with nx=630, ny=432, fold=198
2026-04-18T13:14:41     binning    Thread : Started 'Bin from geometry', using 13,824 shot points
2026-04-18T13:16:39     binning    Thread : Binning completed. Elapsed time:0:01:58 
2026-04-18T13:16:39     binning    Thread : . . . Fold       : Min:0 - Max:180 
2026-04-18T13:16:39     binning    Thread : . . . Min-offsets: Min:35.36m - Max:6372.70m 
2026-04-18T13:16:39     binning    Thread : . . . Max-offsets: Min:4796.48m - Max:6372.70m 
2026-04-18T13:16:39     binning    Thread : . . . Rms-offsets: Min:0.00m - Max:420.05m 
2026-04-18T13:16:39     info       Loaded : . . . Analysis: 53,887,680 traces available (showing 1,000,000 at a time)
2026-04-18T13:21:16     info       Parsing: D:/Roll/roll_samples/other/TripleZigzag_001.roll survey object succesfully parsed
2026-04-18T13:21:17     info       Params : D:/Roll/roll_samples/other/TripleZigzag_001.roll survey object read, containing 282 parameters+++

2026-04-18T13:21:24     info       Plugin : Started on Windows 11 v(10.0.26200)
2026-04-18T13:21:24     info       Library: Numba version 0.64.0 available for JIT acceleration
2026-04-18T13:21:24     info       Parsing: survey object succesfully parsed
2026-04-18T13:21:24     info       Params : survey object read, containing 282 parameters
2026-04-18T13:23:11     info       Opening: D:/Roll/roll_samples/other/TripleZigzag_001.roll
2026-04-18T13:23:11     info       Parsing: D:/Roll/roll_samples/other/TripleZigzag_001.roll
2026-04-18T13:23:11     info       Parsing: D:/Roll/roll_samples/other/TripleZigzag_001.roll survey object succesfully parsed
2026-04-18T13:23:11     info       Reading: D:/Roll/roll_samples/other/TripleZigzag_001.roll, success: True
2026-04-18T13:23:11     info       Loading: D:/Roll/roll_samples/other/TripleZigzag_001.roll analysis files
2026-04-18T13:23:11     info       Analysis dims: nx=630, ny=432, binSize=(25.000,25.000)
2026-04-18T13:23:11     info       Analysis file: .bin.npy exists=True
2026-04-18T13:23:11     info       Analysis file: .min.npy exists=True
2026-04-18T13:23:11     info       Analysis file: .max.npy exists=True
2026-04-18T13:23:11     info       Analysis file: .rms.npy exists=True
2026-04-18T13:23:11     info       Analysis file: .off.npy exists=True
2026-04-18T13:23:11     info       Analysis file: .azi.npy exists=True
2026-04-18T13:23:11     info       Analysis file: .ana.npy exists=True
2026-04-18T13:23:11     info       Loaded : . . . Fold map  : Min:0 - Max:180 
2026-04-18T13:23:11     info       Loaded : . . . Min-offset: Min:35.36m - Max:6372.70m 
2026-04-18T13:23:11     info       Loaded : . . . Max-offset: Min:4796.48m - Max:6372.70m 
2026-04-18T13:23:11     info       Loaded : . . . Rms-offset: Min:0.00m - Max:420.05m 
2026-04-18T13:23:11     info       Loaded : . . . offset histogram
2026-04-18T13:23:11     info       Loaded : . . . azi-offset histogram
2026-04-18T13:23:11     info       Analysis load: fold=198, maxFold=180
2026-04-18T13:23:11     info       Analysis load: nT=700539840, expected=700539840, delta=0
2026-04-18T13:23:11     info       Analysis load: an2Output.shape=(53887680, 13)
2026-04-18T13:23:11     info       Loaded : . . . Analysis  : 53,887,680 traces (reserved space)
2026-04-18T13:23:11     info       Loaded : . . . read 13,485 rec-records
2026-04-18T13:23:11     info       Loaded : . . . read 13,824 src-records
2026-04-18T13:23:11     info       Loaded : . . . read 110,592 rel-records
2026-04-18T13:23:11     info       Loaded : . . . Analysis: 53,887,680 traces available (showing 1,000,000 at a time)
2026-04-18T13:23:13     info       Params : D:/Roll/roll_samples/other/TripleZigzag_001.roll survey object read, containing 1014 parameters
2026-04-18T13:23:15     binning    Thread : Prepare memory mapped file for 53,887,680 traces, with nx=630, ny=432, fold=198
2026-04-18T13:23:16     binning    Thread : Started 'Bin from geometry', using 13,824 shot points
2026-04-18T13:25:11     binning    Thread : Binning completed. Elapsed time:0:01:55 
2026-04-18T13:25:11     binning    Thread : . . . Fold       : Min:0 - Max:180 
2026-04-18T13:25:11     binning    Thread : . . . Min-offsets: Min:35.36m - Max:6372.70m 
2026-04-18T13:25:11     binning    Thread : . . . Max-offsets: Min:4796.48m - Max:6372.70m 
2026-04-18T13:25:11     binning    Thread : . . . Rms-offsets: Min:0.00m - Max:420.05m 
2026-04-18T13:25:11     info       Loaded : . . . Analysis: 53,887,680 traces available (showing 1,000,000 at a time)
2026-04-18T13:28:27     info       Parsing: D:/Roll/roll_samples/other/TripleZigzag_001.roll survey object succesfully parsed
2026-04-18T13:28:27     info       Params : D:/Roll/roll_samples/other/TripleZigzag_001.roll survey object read, containing 282 parameters+++

2026-04-18T13:28:31     info       Plugin : Started on Windows 11 v(10.0.26200)
2026-04-18T13:28:31     info       Library: Numba version 0.64.0 available for JIT acceleration
2026-04-18T13:28:31     info       Parsing: survey object succesfully parsed
2026-04-18T13:28:32     info       Params : survey object read, containing 282 parameters
2026-04-18T13:28:37     info       Opening: D:/Roll/roll_samples/other/TripleZigzag_001.roll
2026-04-18T13:28:37     info       Parsing: D:/Roll/roll_samples/other/TripleZigzag_001.roll
2026-04-18T13:28:37     info       Parsing: D:/Roll/roll_samples/other/TripleZigzag_001.roll survey object succesfully parsed
2026-04-18T13:28:37     info       Reading: D:/Roll/roll_samples/other/TripleZigzag_001.roll, success: True
2026-04-18T13:28:37     info       Loading: D:/Roll/roll_samples/other/TripleZigzag_001.roll analysis files
2026-04-18T13:28:37     info       Analysis dims: nx=630, ny=432, binSize=(25.000,25.000)
2026-04-18T13:28:37     info       Analysis file: .bin.npy exists=True
2026-04-18T13:28:37     info       Analysis file: .min.npy exists=True
2026-04-18T13:28:37     info       Analysis file: .max.npy exists=True
2026-04-18T13:28:37     info       Analysis file: .rms.npy exists=True
2026-04-18T13:28:37     info       Analysis file: .off.npy exists=True
2026-04-18T13:28:37     info       Analysis file: .azi.npy exists=True
2026-04-18T13:28:37     info       Analysis file: .ana.npy exists=True
2026-04-18T13:28:37     info       Loaded : . . . Fold map  : Min:0 - Max:180 
2026-04-18T13:28:37     info       Loaded : . . . Min-offset: Min:35.36m - Max:6372.70m 
2026-04-18T13:28:37     info       Loaded : . . . Max-offset: Min:4796.48m - Max:6372.70m 
2026-04-18T13:28:37     info       Loaded : . . . Rms-offset: Min:0.00m - Max:420.05m 
2026-04-18T13:28:37     info       Loaded : . . . offset histogram
2026-04-18T13:28:37     info       Loaded : . . . azi-offset histogram
2026-04-18T13:28:37     info       Analysis load: fold=198, maxFold=180
2026-04-18T13:28:37     info       Analysis load: nT=700539840, expected=700539840, delta=0
2026-04-18T13:28:37     info       Analysis load: an2Output.shape=(53887680, 13)
2026-04-18T13:28:37     info       Loaded : . . . Analysis  : 53,887,680 traces (reserved space)
2026-04-18T13:28:37     info       Loaded : . . . read 13,485 rec-records
2026-04-18T13:28:37     info       Loaded : . . . read 13,824 src-records
2026-04-18T13:28:37     info       Loaded : . . . read 110,592 rel-records
2026-04-18T13:28:37     info       Loaded : . . . Analysis: 53,887,680 traces available (showing 1,000,000 at a time)
2026-04-18T13:28:38     info       Params : D:/Roll/roll_samples/other/TripleZigzag_001.roll survey object read, containing 1014 parameters
2026-04-18T13:31:14     info       Parsing: D:/Roll/roll_samples/other/TripleZigzag_001.roll survey object succesfully parsed
2026-04-18T13:31:14     info       Params : D:/Roll/roll_samples/other/TripleZigzag_001.roll survey object read, containing 282 parameters+++

2026-04-18T13:31:20     info       Plugin : Started on Windows 11 v(10.0.26200)
2026-04-18T13:31:20     info       Library: Numba version 0.64.0 available for JIT acceleration
2026-04-18T13:31:20     info       Parsing: survey object succesfully parsed
2026-04-18T13:31:20     info       Params : survey object read, containing 282 parameters
2026-04-18T13:31:31     info       Parsing: survey object succesfully parsed
2026-04-18T13:31:31     info       Params : survey object read, containing 282 parameters+++

2026-04-18T14:07:23     info       Plugin : Started on Windows 11 v(10.0.26200)
2026-04-18T14:07:23     info       Library: Numba version 0.64.0 available for JIT acceleration
2026-04-18T14:07:23     info       Parsing: survey object succesfully parsed
2026-04-18T14:07:23     info       Params : survey object read, containing 282 parameters
2026-04-18T14:07:28     info       Opening: D:/Roll/roll_samples/other/TripleZigzag_001.roll
2026-04-18T14:07:28     info       Parsing: D:/Roll/roll_samples/other/TripleZigzag_001.roll
2026-04-18T14:07:28     info       Parsing: D:/Roll/roll_samples/other/TripleZigzag_001.roll survey object succesfully parsed
2026-04-18T14:07:28     info       Reading: D:/Roll/roll_samples/other/TripleZigzag_001.roll, success: True
2026-04-18T14:07:28     info       Loading: D:/Roll/roll_samples/other/TripleZigzag_001.roll analysis files
2026-04-18T14:07:28     info       Analysis dims: nx=630, ny=432, binSize=(25.000,25.000)
2026-04-18T14:07:28     info       Analysis file: .bin.npy exists=True
2026-04-18T14:07:28     info       Analysis file: .min.npy exists=True
2026-04-18T14:07:28     info       Analysis file: .max.npy exists=True
2026-04-18T14:07:28     info       Analysis file: .rms.npy exists=True
2026-04-18T14:07:28     info       Analysis file: .off.npy exists=True
2026-04-18T14:07:28     info       Analysis file: .azi.npy exists=True
2026-04-18T14:07:28     info       Analysis file: .ana.npy exists=True
2026-04-18T14:07:28     info       Loaded : . . . Fold map  : Min:0 - Max:180 
2026-04-18T14:07:28     info       Loaded : . . . Min-offset: Min:35.36m - Max:6372.70m 
2026-04-18T14:07:28     info       Loaded : . . . Max-offset: Min:4796.48m - Max:6372.70m 
2026-04-18T14:07:28     info       Loaded : . . . Rms-offset: Min:0.00m - Max:420.05m 
2026-04-18T14:07:28     info       Loaded : . . . offset histogram
2026-04-18T14:07:28     info       Loaded : . . . azi-offset histogram
2026-04-18T14:07:28     info       Analysis load: fold=198, maxFold=180
2026-04-18T14:07:28     info       Analysis load: nT=700539840, expected=700539840, delta=0
2026-04-18T14:07:28     info       Analysis load: an2Output.shape=(53887680, 13)
2026-04-18T14:07:28     info       Loaded : . . . Analysis  : 53,887,680 traces (reserved space)
2026-04-18T14:07:28     info       Loaded : . . . read 13,485 rec-records
2026-04-18T14:07:28     info       Loaded : . . . read 13,824 src-records
2026-04-18T14:07:28     info       Loaded : . . . read 110,592 rel-records
2026-04-18T14:07:28     info       Loaded : . . . Analysis: 53,887,680 traces available (showing 1,000,000 at a time)
2026-04-18T14:07:30     info       Params : D:/Roll/roll_samples/other/TripleZigzag_001.roll survey object read, containing 1014 parameters
2026-04-18T14:08:01     binning    Thread : Prepare memory mapped file for 53,887,680 traces, with nx=630, ny=432, fold=198
2026-04-18T14:08:02     binning    Thread : Started 'Bin from geometry', using 13,824 shot points
2026-04-18T14:10:07     binning    Thread : Binning completed. Elapsed time:0:02:06 
2026-04-18T14:10:07     binning    Thread : . . . Fold       : Min:0 - Max:180 
2026-04-18T14:10:07     binning    Thread : . . . Min-offsets: Min:35.36m - Max:6372.70m 
2026-04-18T14:10:07     binning    Thread : . . . Max-offsets: Min:4796.48m - Max:6372.70m 
2026-04-18T14:10:07     binning    Thread : . . . Rms-offsets: Min:0.00m - Max:420.05m 
2026-04-18T14:10:07     info       Loaded : . . . Analysis: 53,887,680 traces available (showing 1,000,000 at a time)
2026-04-18T14:11:14     info       Parsing: D:/Roll/roll_samples/other/TripleZigzag_001.roll survey object succesfully parsed
2026-04-18T14:11:15     info       Params : D:/Roll/roll_samples/other/TripleZigzag_001.roll survey object read, containing 282 parameters+++

2026-04-18T14:21:03     info       Plugin : Started on Windows 11 v(10.0.26200)
2026-04-18T14:21:03     info       Library: Numba version 0.64.0 available for JIT acceleration
2026-04-18T14:21:03     info       Parsing: survey object succesfully parsed
2026-04-18T14:21:03     info       Params : survey object read, containing 282 parameters
2026-04-18T14:21:11     info       Opening: D:/Roll/roll_samples/other/TripleZigzag_001.roll
2026-04-18T14:21:11     info       Parsing: D:/Roll/roll_samples/other/TripleZigzag_001.roll
2026-04-18T14:21:11     info       Parsing: D:/Roll/roll_samples/other/TripleZigzag_001.roll survey object succesfully parsed
2026-04-18T14:21:11     info       Reading: D:/Roll/roll_samples/other/TripleZigzag_001.roll, success: True
2026-04-18T14:21:11     info       Loading: D:/Roll/roll_samples/other/TripleZigzag_001.roll analysis files
2026-04-18T14:21:11     info       Analysis dims: nx=630, ny=432, binSize=(25.000,25.000)
2026-04-18T14:21:11     info       Analysis file: .bin.npy exists=True
2026-04-18T14:21:11     info       Analysis file: .min.npy exists=True
2026-04-18T14:21:11     info       Analysis file: .max.npy exists=True
2026-04-18T14:21:11     info       Analysis file: .rms.npy exists=True
2026-04-18T14:21:11     info       Analysis file: .off.npy exists=True
2026-04-18T14:21:11     info       Analysis file: .azi.npy exists=True
2026-04-18T14:21:11     info       Analysis file: .ana.npy exists=True
2026-04-18T14:21:11     info       Loaded : . . . Fold map  : Min:0 - Max:180 
2026-04-18T14:21:11     info       Loaded : . . . Min-offset: Min:35.36m - Max:6372.70m 
2026-04-18T14:21:11     info       Loaded : . . . Max-offset: Min:4796.48m - Max:6372.70m 
2026-04-18T14:21:11     info       Loaded : . . . Rms-offset: Min:0.00m - Max:420.05m 
2026-04-18T14:21:11     info       Loaded : . . . offset histogram
2026-04-18T14:21:11     info       Loaded : . . . azi-offset histogram
2026-04-18T14:21:11     info       Analysis load: fold=198, maxFold=180
2026-04-18T14:21:11     info       Analysis load: nT=700539840, expected=700539840, delta=0
2026-04-18T14:21:11     info       Analysis load: an2Output.shape=(53887680, 13)
2026-04-18T14:21:11     info       Loaded : . . . Analysis  : 53,887,680 traces (reserved space)
2026-04-18T14:21:11     info       Loaded : . . . read 13,485 rec-records
2026-04-18T14:21:11     info       Loaded : . . . read 13,824 src-records
2026-04-18T14:21:11     info       Loaded : . . . read 110,592 rel-records
2026-04-18T14:21:11     info       Loaded : . . . Analysis: 53,887,680 traces available (showing 1,000,000 at a time)
2026-04-18T14:21:13     info       Params : D:/Roll/roll_samples/other/TripleZigzag_001.roll survey object read, containing 1014 parameters
2026-04-18T14:21:15     binning    Thread : Prepare memory mapped file for 53,887,680 traces, with nx=630, ny=432, fold=198
2026-04-18T14:21:16     binning    Thread : Started 'Bin from templates', using 13,824 shot points
2026-04-18T14:23:13     binning    Thread : Binning completed. Elapsed time:0:01:57 
2026-04-18T14:23:13     binning    Thread : . . . Fold       : Min:0 - Max:180 
2026-04-18T14:23:13     binning    Thread : . . . Min-offsets: Min:35.36m - Max:6372.70m 
2026-04-18T14:23:13     binning    Thread : . . . Max-offsets: Min:4796.48m - Max:6372.70m 
2026-04-18T14:23:13     binning    Thread : . . . Rms-offsets: Min:0.00m - Max:420.05m 
2026-04-18T14:23:13     info       Loaded : . . . Analysis: 53,887,680 traces available (showing 1,000,000 at a time)
2026-04-18T14:23:31     binning    Thread : Prepare memory mapped file for 53,887,680 traces, with nx=630, ny=432, fold=198
2026-04-18T14:23:31     binning    Thread : Started 'Bin from geometry', using 13,824 shot points
2026-04-18T14:25:38     binning    Thread : Binning completed. Elapsed time:0:02:07 
2026-04-18T14:25:38     binning    Thread : . . . Fold       : Min:0 - Max:180 
2026-04-18T14:25:38     binning    Thread : . . . Min-offsets: Min:35.36m - Max:6372.70m 
2026-04-18T14:25:38     binning    Thread : . . . Max-offsets: Min:4796.48m - Max:6372.70m 
2026-04-18T14:25:38     binning    Thread : . . . Rms-offsets: Min:0.00m - Max:420.05m 
2026-04-18T14:25:38     info       Loaded : . . . Analysis: 53,887,680 traces available (showing 1,000,000 at a time)
2026-04-18T14:44:23     info       Parsing: D:/Roll/roll_samples/other/TripleZigzag_001.roll survey object succesfully parsed
2026-04-18T14:44:23     info       Params : D:/Roll/roll_samples/other/TripleZigzag_001.roll survey object read, containing 282 parameters+++

2026-04-19T13:22:37     info       Plugin : Started on Windows 11 v(10.0.26200)
2026-04-19T13:22:37     info       Library: Numba version 0.64.0 available for JIT acceleration
2026-04-19T13:22:37     info       Parsing: survey object succesfully parsed
2026-04-19T13:22:37     info       Params : survey object read, containing 282 parameters
2026-04-19T13:22:43     info       Opening: D:/Roll/roll_samples/other/TripleZigzag_001.roll
2026-04-19T13:22:43     info       Parsing: D:/Roll/roll_samples/other/TripleZigzag_001.roll
2026-04-19T13:22:43     info       Parsing: D:/Roll/roll_samples/other/TripleZigzag_001.roll survey object succesfully parsed
2026-04-19T13:22:43     info       Reading: D:/Roll/roll_samples/other/TripleZigzag_001.roll, success: True
2026-04-19T13:22:43     info       Loading: D:/Roll/roll_samples/other/TripleZigzag_001.roll analysis files
2026-04-19T13:22:43     info       Analysis dims: nx=630, ny=432, binSize=(25.000,25.000)
2026-04-19T13:22:43     info       Analysis file: .bin.npy exists=True
2026-04-19T13:22:43     info       Analysis file: .min.npy exists=True
2026-04-19T13:22:43     info       Analysis file: .max.npy exists=True
2026-04-19T13:22:43     info       Analysis file: .rms.npy exists=True
2026-04-19T13:22:43     info       Analysis file: .off.npy exists=True
2026-04-19T13:22:43     info       Analysis file: .azi.npy exists=True
2026-04-19T13:22:43     info       Analysis file: .ana.npy exists=True
2026-04-19T13:22:43     info       Loaded : . . . Fold map  : Min:0 - Max:180 
2026-04-19T13:22:43     info       Loaded : . . . Min-offset: Min:35.36m - Max:6372.70m 
2026-04-19T13:22:43     info       Loaded : . . . Max-offset: Min:4796.48m - Max:6372.70m 
2026-04-19T13:22:43     info       Loaded : . . . Rms-offset: Min:0.00m - Max:420.05m 
2026-04-19T13:22:43     info       Loaded : . . . offset histogram
2026-04-19T13:22:43     info       Loaded : . . . azi-offset histogram
2026-04-19T13:22:43     info       Analysis load: fold=198, maxFold=180
2026-04-19T13:22:43     info       Analysis load: nT=700539840, expected=700539840, delta=0
2026-04-19T13:22:43     info       Analysis load: an2Output.shape=(53887680, 13)
2026-04-19T13:22:43     info       Loaded : . . . Analysis  : 53,887,680 traces (reserved space)
2026-04-19T13:22:43     info       Loaded : . . . read 13,485 rec-records
2026-04-19T13:22:43     info       Loaded : . . . read 13,824 src-records
2026-04-19T13:22:43     info       Loaded : . . . read 110,592 rel-records
2026-04-19T13:22:43     info       Loaded : . . . Analysis: 53,887,680 traces available (showing 1,000,000 at a time)
2026-04-19T13:22:44     info       Params : D:/Roll/roll_samples/other/TripleZigzag_001.roll survey object read, containing 1014 parameters
2026-04-19T13:23:36     info       Parsing: D:/Roll/roll_samples/other/TripleZigzag_001.roll survey object succesfully parsed
2026-04-19T13:23:37     info       Params : D:/Roll/roll_samples/other/TripleZigzag_001.roll survey object read, containing 282 parameters+++

2026-04-19T13:29:22     info       Plugin : Started on Windows 11 v(10.0.26200)
2026-04-19T13:29:22     info       Library: Numba version 0.64.0 available for JIT acceleration
2026-04-19T13:29:22     info       Parsing: survey object succesfully parsed
2026-04-19T13:29:22     info       Params : survey object read, containing 282 parameters
2026-04-19T13:29:27     info       Opening: D:/Roll/roll_samples/other/TripleZigzag_001.roll
2026-04-19T13:29:27     info       Parsing: D:/Roll/roll_samples/other/TripleZigzag_001.roll
2026-04-19T13:29:27     info       Parsing: D:/Roll/roll_samples/other/TripleZigzag_001.roll survey object succesfully parsed
2026-04-19T13:29:27     info       Reading: D:/Roll/roll_samples/other/TripleZigzag_001.roll, success: True
2026-04-19T13:29:27     info       Loading: D:/Roll/roll_samples/other/TripleZigzag_001.roll analysis files
2026-04-19T13:29:27     info       Analysis dims: nx=630, ny=432, binSize=(25.000,25.000)
2026-04-19T13:29:27     info       Analysis file: .bin.npy exists=True
2026-04-19T13:29:27     info       Analysis file: .min.npy exists=True
2026-04-19T13:29:27     info       Analysis file: .max.npy exists=True
2026-04-19T13:29:27     info       Analysis file: .rms.npy exists=True
2026-04-19T13:29:27     info       Analysis file: .off.npy exists=True
2026-04-19T13:29:27     info       Analysis file: .azi.npy exists=True
2026-04-19T13:29:27     info       Analysis file: .ana.npy exists=True
2026-04-19T13:29:27     info       Loaded : . . . Fold map  : Min:0 - Max:180 
2026-04-19T13:29:27     info       Loaded : . . . Min-offset: Min:35.36m - Max:6372.70m 
2026-04-19T13:29:27     info       Loaded : . . . Max-offset: Min:4796.48m - Max:6372.70m 
2026-04-19T13:29:27     info       Loaded : . . . Rms-offset: Min:0.00m - Max:420.05m 
2026-04-19T13:29:27     info       Loaded : . . . offset histogram
2026-04-19T13:29:27     info       Loaded : . . . azi-offset histogram
2026-04-19T13:29:27     info       Analysis load: fold=198, maxFold=180
2026-04-19T13:29:27     info       Analysis load: nT=700539840, expected=700539840, delta=0
2026-04-19T13:29:27     info       Analysis load: an2Output.shape=(53887680, 13)
2026-04-19T13:29:27     info       Loaded : . . . Analysis  : 53,887,680 traces (reserved space)
2026-04-19T13:29:27     info       Loaded : . . . read 13,485 rec-records
2026-04-19T13:29:27     info       Loaded : . . . read 13,824 src-records
2026-04-19T13:29:27     info       Loaded : . . . read 110,592 rel-records
2026-04-19T13:29:27     info       Loaded : . . . Analysis: 53,887,680 traces available (showing 1,000,000 at a time)
2026-04-19T13:29:29     info       Params : D:/Roll/roll_samples/other/TripleZigzag_001.roll survey object read, containing 1014 parameters
2026-04-19T13:29:48     info       Parsing: D:/Roll/roll_samples/other/TripleZigzag_001.roll survey object succesfully parsed
2026-04-19T13:29:48     info       Params : D:/Roll/roll_samples/other/TripleZigzag_001.roll survey object read, containing 282 parameters+++

2026-04-19T13:40:45     info       Plugin : Started on Windows 11 v(10.0.26200)
2026-04-19T13:40:45     info       Library: Numba version 0.64.0 available for JIT acceleration
2026-04-19T13:40:45     info       Parsing: survey object succesfully parsed
2026-04-19T13:40:46     info       Params : survey object read, containing 282 parameters
2026-04-19T13:40:52     info       Opening: D:/Roll/roll_samples/other/TripleZigzag_001.roll
2026-04-19T13:40:52     info       Parsing: D:/Roll/roll_samples/other/TripleZigzag_001.roll
2026-04-19T13:40:52     info       Parsing: D:/Roll/roll_samples/other/TripleZigzag_001.roll survey object succesfully parsed
2026-04-19T13:40:52     info       Reading: D:/Roll/roll_samples/other/TripleZigzag_001.roll, success: True
2026-04-19T13:40:52     info       Loading: D:/Roll/roll_samples/other/TripleZigzag_001.roll analysis files
2026-04-19T13:40:52     info       Analysis dims: nx=630, ny=432, binSize=(25.000,25.000)
2026-04-19T13:40:52     info       Analysis file: .bin.npy exists=True
2026-04-19T13:40:52     info       Analysis file: .min.npy exists=True
2026-04-19T13:40:52     info       Analysis file: .max.npy exists=True
2026-04-19T13:40:52     info       Analysis file: .rms.npy exists=True
2026-04-19T13:40:52     info       Analysis file: .off.npy exists=True
2026-04-19T13:40:52     info       Analysis file: .azi.npy exists=True
2026-04-19T13:40:52     info       Analysis file: .ana.npy exists=True
2026-04-19T13:40:52     info       Loaded : . . . Fold map  : Min:0 - Max:180 
2026-04-19T13:40:52     info       Loaded : . . . Min-offset: Min:35.36m - Max:6372.70m 
2026-04-19T13:40:52     info       Loaded : . . . Max-offset: Min:4796.48m - Max:6372.70m 
2026-04-19T13:40:52     info       Loaded : . . . Rms-offset: Min:0.00m - Max:420.05m 
2026-04-19T13:40:52     info       Loaded : . . . offset histogram
2026-04-19T13:40:52     info       Loaded : . . . azi-offset histogram
2026-04-19T13:40:52     info       Analysis load: fold=198, maxFold=180
2026-04-19T13:40:52     info       Analysis load: nT=700539840, expected=700539840, delta=0
2026-04-19T13:40:52     info       Analysis load: an2Output.shape=(53887680, 13)
2026-04-19T13:40:52     info       Loaded : . . . Analysis  : 53,887,680 traces (reserved space)
2026-04-19T13:40:52     info       Loaded : . . . read 13,485 rec-records
2026-04-19T13:40:52     info       Loaded : . . . read 13,824 src-records
2026-04-19T13:40:52     info       Loaded : . . . read 110,592 rel-records
2026-04-19T13:40:52     info       Loaded : . . . Analysis: 53,887,680 traces available (showing 1,000,000 at a time)
2026-04-19T13:40:54     info       Params : D:/Roll/roll_samples/other/TripleZigzag_001.roll survey object read, containing 1014 parameters
2026-04-19T13:41:05     info       Parsing: D:/Roll/roll_samples/other/TripleZigzag_001.roll survey object succesfully parsed
2026-04-19T13:41:06     info       Params : D:/Roll/roll_samples/other/TripleZigzag_001.roll survey object read, containing 282 parameters+++

2026-04-19T15:24:57     info       Plugin : Started on Windows 11 v(10.0.26200)
2026-04-19T15:24:57     info       Library: Numba version 0.64.0 available for JIT acceleration
2026-04-19T15:24:57     info       Parsing: survey object succesfully parsed
2026-04-19T15:24:57     info       Params : survey object read, containing 282 parameters
2026-04-19T15:25:03     info       Opening: D:/Roll/roll_samples/other/TripleZigzag_001.roll
2026-04-19T15:25:03     info       Parsing: D:/Roll/roll_samples/other/TripleZigzag_001.roll
2026-04-19T15:25:03     info       Parsing: D:/Roll/roll_samples/other/TripleZigzag_001.roll survey object succesfully parsed
2026-04-19T15:25:03     info       Reading: D:/Roll/roll_samples/other/TripleZigzag_001.roll, success: True
2026-04-19T15:25:03     info       Loading: D:/Roll/roll_samples/other/TripleZigzag_001.roll analysis files
2026-04-19T15:25:03     info       Analysis dims: nx=630, ny=432, binSize=(25.000,25.000)
2026-04-19T15:25:03     info       Analysis file: .bin.npy exists=True
2026-04-19T15:25:03     info       Analysis file: .min.npy exists=True
2026-04-19T15:25:03     info       Analysis file: .max.npy exists=True
2026-04-19T15:25:03     info       Analysis file: .rms.npy exists=True
2026-04-19T15:25:03     info       Analysis file: .off.npy exists=True
2026-04-19T15:25:03     info       Analysis file: .azi.npy exists=True
2026-04-19T15:25:03     info       Analysis file: .ana.npy exists=True
2026-04-19T15:25:03     info       Loaded : . . . Fold map  : Min:0 - Max:180 
2026-04-19T15:25:03     info       Loaded : . . . Min-offset: Min:35.36m - Max:6372.70m 
2026-04-19T15:25:03     info       Loaded : . . . Max-offset: Min:4796.48m - Max:6372.70m 
2026-04-19T15:25:03     info       Loaded : . . . Rms-offset: Min:0.00m - Max:420.05m 
2026-04-19T15:25:03     info       Loaded : . . . offset histogram
2026-04-19T15:25:03     info       Loaded : . . . azi-offset histogram
2026-04-19T15:25:03     info       Analysis load: fold=198, maxFold=180
2026-04-19T15:25:03     info       Analysis load: nT=700539840, expected=700539840, delta=0
2026-04-19T15:25:03     info       Analysis load: an2Output.shape=(53887680, 13)
2026-04-19T15:25:03     info       Loaded : . . . Analysis  : 53,887,680 traces (reserved space)
2026-04-19T15:25:03     info       Loaded : . . . read 13,485 rec-records
2026-04-19T15:25:03     info       Loaded : . . . read 13,824 src-records
2026-04-19T15:25:03     info       Loaded : . . . read 110,592 rel-records
2026-04-19T15:25:03     info       Loaded : . . . Analysis: 53,887,680 traces available (showing 1,000,000 at a time)
2026-04-19T15:25:05     info       Params : D:/Roll/roll_samples/other/TripleZigzag_001.roll survey object read, containing 1014 parameters
2026-04-19T15:25:07     binning    Thread : Prepare memory mapped file for 53,887,680 traces, with nx=630, ny=432, fold=198
2026-04-19T15:25:07     binning    Thread : Started 'Bin from geometry', using 13,824 shot points
2026-04-19T15:29:59     binning    Thread : Binning completed. Elapsed time:0:04:52 
2026-04-19T15:29:59     binning    Thread : . . . Fold       : Min:0 - Max:198 
2026-04-19T15:29:59     binning    Thread : . . . Min-offsets: Min:35.36m - Max:6712.40m 
2026-04-19T15:29:59     binning    Thread : . . . Max-offsets: Min:5209.25m - Max:7297.00m 
2026-04-19T15:29:59     binning    Thread : . . . Rms-offsets: Min:0.00m - Max:420.94m 
2026-04-19T15:29:59     info       Loaded : . . . Analysis: 53,887,680 traces available (showing 1,000,000 at a time)
2026-04-19T15:30:41     info       Parsing: D:/Roll/roll_samples/other/TripleZigzag_001.roll survey object succesfully parsed
2026-04-19T15:30:41     info       Params : D:/Roll/roll_samples/other/TripleZigzag_001.roll survey object read, containing 282 parameters+++

2026-04-19T15:57:52     info       Plugin : Started on Windows 11 v(10.0.26200)
2026-04-19T15:57:52     info       Library: Numba version 0.64.0 available for JIT acceleration
2026-04-19T15:57:52     info       Parsing: survey object succesfully parsed
2026-04-19T15:57:53     info       Params : survey object read, containing 282 parameters
2026-04-19T15:57:58     info       Opening: D:/Roll/roll_samples/other/TripleZigzag_001.roll
2026-04-19T15:57:58     info       Parsing: D:/Roll/roll_samples/other/TripleZigzag_001.roll
2026-04-19T15:57:58     info       Parsing: D:/Roll/roll_samples/other/TripleZigzag_001.roll survey object succesfully parsed
2026-04-19T15:57:58     info       Reading: D:/Roll/roll_samples/other/TripleZigzag_001.roll, success: True
2026-04-19T15:57:58     info       Loading: D:/Roll/roll_samples/other/TripleZigzag_001.roll analysis files
2026-04-19T15:57:58     info       Analysis dims: nx=630, ny=432, binSize=(25.000,25.000)
2026-04-19T15:57:58     info       Analysis file: .bin.npy exists=True
2026-04-19T15:57:58     info       Analysis file: .min.npy exists=True
2026-04-19T15:57:58     info       Analysis file: .max.npy exists=True
2026-04-19T15:57:58     info       Analysis file: .rms.npy exists=True
2026-04-19T15:57:58     info       Analysis file: .off.npy exists=True
2026-04-19T15:57:58     info       Analysis file: .azi.npy exists=True
2026-04-19T15:57:58     info       Analysis file: .ana.npy exists=True
2026-04-19T15:57:58     info       Loaded : . . . Fold map  : Min:0 - Max:198 
2026-04-19T15:57:58     info       Loaded : . . . Min-offset: Min:35.36m - Max:6712.40m 
2026-04-19T15:57:58     info       Loaded : . . . Max-offset: Min:5209.25m - Max:7297.00m 
2026-04-19T15:57:58     info       Loaded : . . . Rms-offset: Min:0.00m - Max:420.05m 
2026-04-19T15:57:58     info       Loaded : . . . offset histogram
2026-04-19T15:57:58     info       Loaded : . . . azi-offset histogram
2026-04-19T15:57:58     info       Analysis load: fold=198, maxFold=198
2026-04-19T15:57:58     info       Analysis load: nT=700539840, expected=700539840, delta=0
2026-04-19T15:57:58     info       Analysis load: an2Output.shape=(53887680, 13)
2026-04-19T15:57:58     info       Loaded : . . . Analysis  : 53,887,680 traces (reserved space)
2026-04-19T15:57:58     info       Loaded : . . . read 13,485 rec-records
2026-04-19T15:57:58     info       Loaded : . . . read 13,824 src-records
2026-04-19T15:57:58     info       Loaded : . . . read 110,592 rel-records
2026-04-19T15:57:58     info       Loaded : . . . Analysis: 53,887,680 traces available (showing 1,000,000 at a time)
2026-04-19T15:58:00     info       Params : D:/Roll/roll_samples/other/TripleZigzag_001.roll survey object read, containing 1014 parameters
2026-04-19T16:00:35     info       Parsing: D:/Roll/roll_samples/other/TripleZigzag_001.roll survey object succesfully parsed
2026-04-19T16:00:35     info       Params : D:/Roll/roll_samples/other/TripleZigzag_001.roll survey object read, containing 282 parameters+++

2026-04-19T16:49:29     info       Plugin : Started on Windows 11 v(10.0.26200)
2026-04-19T16:49:29     info       Library: Numba version 0.64.0 available for JIT acceleration
2026-04-19T16:49:29     info       Parsing: survey object succesfully parsed
2026-04-19T16:49:29     info       Params : survey object read, containing 282 parameters
2026-04-19T16:49:33     info       Opening: D:/Roll/roll_samples/other/TripleZigzag_001.roll
2026-04-19T16:49:33     info       Parsing: D:/Roll/roll_samples/other/TripleZigzag_001.roll
2026-04-19T16:49:33     info       Parsing: D:/Roll/roll_samples/other/TripleZigzag_001.roll survey object succesfully parsed
2026-04-19T16:49:33     info       Reading: D:/Roll/roll_samples/other/TripleZigzag_001.roll, success: True
2026-04-19T16:49:33     info       Loading: D:/Roll/roll_samples/other/TripleZigzag_001.roll analysis files
2026-04-19T16:49:33     info       Analysis dims: nx=630, ny=432, binSize=(25.000,25.000)
2026-04-19T16:49:33     info       Analysis file: .bin.npy exists=True
2026-04-19T16:49:33     info       Analysis file: .min.npy exists=True
2026-04-19T16:49:33     info       Analysis file: .max.npy exists=True
2026-04-19T16:49:33     info       Analysis file: .rms.npy exists=True
2026-04-19T16:49:33     info       Analysis file: .off.npy exists=True
2026-04-19T16:49:33     info       Analysis file: .azi.npy exists=True
2026-04-19T16:49:33     info       Analysis file: .ana.npy exists=True
2026-04-19T16:49:33     info       Loaded : . . . Fold map  : Min:0 - Max:198 
2026-04-19T16:49:33     info       Loaded : . . . Min-offset: Min:35.36m - Max:6712.40m 
2026-04-19T16:49:33     info       Loaded : . . . Max-offset: Min:5209.25m - Max:7297.00m 
2026-04-19T16:49:33     info       Loaded : . . . Rms-offset: Min:0.00m - Max:420.05m 
2026-04-19T16:49:33     info       Loaded : . . . offset histogram
2026-04-19T16:49:33     info       Loaded : . . . azi-offset histogram
2026-04-19T16:49:33     info       Analysis load: fold=198, maxFold=198
2026-04-19T16:49:33     info       Analysis load: nT=700539840, expected=700539840, delta=0
2026-04-19T16:49:33     info       Analysis load: an2Output.shape=(53887680, 13)
2026-04-19T16:49:33     info       Loaded : . . . Analysis  : 53,887,680 traces (reserved space)
2026-04-19T16:49:33     info       Loaded : . . . read 13,485 rec-records
2026-04-19T16:49:33     info       Loaded : . . . read 13,824 src-records
2026-04-19T16:49:33     info       Loaded : . . . read 110,592 rel-records
2026-04-19T16:49:33     info       Loaded : . . . Analysis: 53,887,680 traces available (showing 1,000,000 at a time)
2026-04-19T16:49:35     info       Params : D:/Roll/roll_samples/other/TripleZigzag_001.roll survey object read, containing 1014 parameters
2026-04-19T16:49:39     binning    Thread : Prepare memory mapped file for 53,887,680 traces, with nx=630, ny=432, fold=198
2026-04-19T16:49:40     binning    Thread : Started 'Bin from geometry', using 13,824 shot points
2026-04-19T16:49:48     warning    Thread : finishCurrentOperation called while thread is still running; delaying cleanup until the worker thread finishes
2026-04-19T16:53:14     info       Parsing: D:/Roll/roll_samples/other/TripleZigzag_001.roll survey object succesfully parsed
2026-04-19T16:53:15     info       Params : D:/Roll/roll_samples/other/TripleZigzag_001.roll survey object read, containing 282 parameters+++

2026-04-19T16:53:57     info       Plugin : Started on Windows 11 v(10.0.26200)
2026-04-19T16:53:57     info       Library: Numba version 0.64.0 available for JIT acceleration
2026-04-19T16:53:57     info       Parsing: survey object succesfully parsed
2026-04-19T16:53:57     info       Params : survey object read, containing 282 parameters
2026-04-19T16:54:03     info       Opening: D:/Roll/roll_samples/other/TripleZigzag_001.roll
2026-04-19T16:54:03     info       Parsing: D:/Roll/roll_samples/other/TripleZigzag_001.roll
2026-04-19T16:54:03     info       Parsing: D:/Roll/roll_samples/other/TripleZigzag_001.roll survey object succesfully parsed
2026-04-19T16:54:03     info       Reading: D:/Roll/roll_samples/other/TripleZigzag_001.roll, success: True
2026-04-19T16:54:03     info       Loading: D:/Roll/roll_samples/other/TripleZigzag_001.roll analysis files
2026-04-19T16:54:03     info       Analysis dims: nx=630, ny=432, binSize=(25.000,25.000)
2026-04-19T16:54:03     info       Analysis file: .bin.npy exists=True
2026-04-19T16:54:03     info       Analysis file: .min.npy exists=True
2026-04-19T16:54:03     info       Analysis file: .max.npy exists=True
2026-04-19T16:54:03     info       Analysis file: .rms.npy exists=True
2026-04-19T16:54:03     info       Analysis file: .off.npy exists=True
2026-04-19T16:54:03     info       Analysis file: .azi.npy exists=True
2026-04-19T16:54:03     info       Analysis file: .ana.npy exists=True
2026-04-19T16:54:03     info       Loaded : . . . Fold map  : Min:0 - Max:198 
2026-04-19T16:54:03     info       Loaded : . . . Min-offset: Min:35.36m - Max:6712.40m 
2026-04-19T16:54:03     info       Loaded : . . . Max-offset: Min:5209.25m - Max:7297.00m 
2026-04-19T16:54:03     info       Loaded : . . . Rms-offset: Min:0.00m - Max:420.05m 
2026-04-19T16:54:03     info       Loaded : . . . offset histogram
2026-04-19T16:54:03     info       Loaded : . . . azi-offset histogram
2026-04-19T16:54:03     info       Analysis load: fold=198, maxFold=198
2026-04-19T16:54:03     info       Analysis load: nT=700539840, expected=700539840, delta=0
2026-04-19T16:54:03     info       Analysis load: an2Output.shape=(53887680, 13)
2026-04-19T16:54:03     info       Loaded : . . . Analysis  : 53,887,680 traces (reserved space)
2026-04-19T16:54:03     info       Loaded : . . . read 13,485 rec-records
2026-04-19T16:54:03     info       Loaded : . . . read 13,824 src-records
2026-04-19T16:54:03     info       Loaded : . . . read 110,592 rel-records
2026-04-19T16:54:03     info       Loaded : . . . Analysis: 53,887,680 traces available (showing 1,000,000 at a time)
2026-04-19T16:54:05     info       Params : D:/Roll/roll_samples/other/TripleZigzag_001.roll survey object read, containing 1014 parameters
2026-04-19T16:54:08     binning    Thread : Prepare memory mapped file for 53,887,680 traces, with nx=630, ny=432, fold=198
2026-04-19T16:54:09     binning    Thread : Started 'Bin from geometry', using 13,824 shot points
2026-04-19T16:54:17     warning    Thread : finishCurrentOperation called while thread is still running; delaying cleanup until the worker thread finishes
2026-04-19T16:54:27     binning    Thread : Prepare memory mapped file for 53,887,680 traces, with nx=630, ny=432, fold=198
2026-04-19T16:54:28     binning    Thread : Started 'Bin from templates', using 13,824 shot points
2026-04-19T16:54:34     warning    Thread : finishCurrentOperation called while thread is still running; delaying cleanup until the worker thread finishes
2026-04-19T16:54:40     binning    Thread : Started 'Bin from geometry', using 13,824 shot points
2026-04-19T16:54:45     warning    Thread : finishCurrentOperation called while thread is still running; delaying cleanup until the worker thread finishes
2026-04-19T16:54:55     binning    Thread : Started 'Bin from templates', using 13,824 shot points
2026-04-19T16:55:02     warning    Thread : finishCurrentOperation called while thread is still running; delaying cleanup until the worker thread finishes
2026-04-19T16:55:10     geometry   Thread : Started 'Create Geometry from Templates', from 13,824 shot points
2026-04-19T16:55:13     geometry   Thread : Completed 'Create Geometry from Templates'. Elapsed time:0:00:03 
2026-04-19T16:55:19     binning    Thread : Prepare memory mapped file for 53,887,680 traces, with nx=630, ny=432, fold=198
2026-04-19T16:55:20     binning    Thread : Started 'Bin from geometry', using 13,824 shot points
2026-04-19T16:57:18     binning    Thread : Binning completed. Elapsed time:0:01:58 
2026-04-19T16:57:18     binning    Thread : . . . Fold       : Min:0 - Max:180 
2026-04-19T16:57:18     binning    Thread : . . . Min-offsets: Min:35.36m - Max:6372.70m 
2026-04-19T16:57:18     binning    Thread : . . . Max-offsets: Min:4796.48m - Max:6372.70m 
2026-04-19T16:57:18     binning    Thread : . . . Rms-offsets: Min:0.00m - Max:420.05m 
2026-04-19T16:57:18     info       Loaded : . . . Analysis: 53,887,680 traces available (showing 1,000,000 at a time)
2026-04-19T17:17:57     info       Parsing: D:/Roll/roll_samples/other/TripleZigzag_001.roll survey object succesfully parsed
2026-04-19T17:17:57     info       Params : D:/Roll/roll_samples/other/TripleZigzag_001.roll survey object read, containing 282 parameters+++

2026-04-21T10:18:15     info       Plugin : Started on Windows 11 v(10.0.26200)
2026-04-21T10:18:15     info       Library: Numba version 0.64.0 available for JIT acceleration
2026-04-21T10:18:15     info       Parsing: survey object succesfully parsed
2026-04-21T10:18:16     info       Params : survey object read, containing 282 parameters
2026-04-21T10:19:09     binning    Thread : Started 'Bin from templates', using 400 shot points
2026-04-21T10:19:09     binning    Thread : Binning completed. Elapsed time:0:00:01 
2026-04-21T10:19:09     binning    Thread : . . . Fold       : Min:40 - Max:40 
2026-04-21T10:19:09     binning    Thread : . . . Min-offsets: Min:35.36m - Max:285.04m 
2026-04-21T10:19:09     binning    Thread : . . . Max-offsets: Min:2359.29m - Max:2593.50m 
2026-04-21T10:19:20     info       Opening: D:/Roll/roll_samples/other/TripleZigzag_001.roll
2026-04-21T10:19:20     info       Parsing: D:/Roll/roll_samples/other/TripleZigzag_001.roll
2026-04-21T10:19:20     info       Parsing: D:/Roll/roll_samples/other/TripleZigzag_001.roll survey object succesfully parsed
2026-04-21T10:19:20     info       Reading: D:/Roll/roll_samples/other/TripleZigzag_001.roll, success: True
2026-04-21T10:19:20     info       Loading: D:/Roll/roll_samples/other/TripleZigzag_001.roll analysis files
2026-04-21T10:19:20     info       Analysis dims: nx=630, ny=432, binSize=(25.000,25.000)
2026-04-21T10:19:20     info       Analysis file: .bin.npy exists=True
2026-04-21T10:19:20     info       Analysis file: .min.npy exists=True
2026-04-21T10:19:20     info       Analysis file: .max.npy exists=True
2026-04-21T10:19:20     info       Analysis file: .rms.npy exists=True
2026-04-21T10:19:20     info       Analysis file: .off.npy exists=True
2026-04-21T10:19:20     info       Analysis file: .azi.npy exists=True
2026-04-21T10:19:20     info       Analysis file: .ana.npy exists=True
2026-04-21T10:19:20     info       Loaded : . . . Fold map  : Min:0 - Max:180 
2026-04-21T10:19:20     info       Loaded : . . . Min-offset: Min:35.36m - Max:6372.70m 
2026-04-21T10:19:20     info       Loaded : . . . Max-offset: Min:4796.48m - Max:6372.70m 
2026-04-21T10:19:20     info       Loaded : . . . Rms-offset: Min:0.00m - Max:420.05m 
2026-04-21T10:19:20     info       Loaded : . . . offset histogram
2026-04-21T10:19:20     info       Loaded : . . . azi-offset histogram
2026-04-21T10:19:20     info       Analysis load: fold=198, maxFold=180
2026-04-21T10:19:20     info       Analysis load: nT=700539840, expected=700539840, delta=0
2026-04-21T10:19:20     info       Analysis load: an2Output.shape=(53887680, 13)
2026-04-21T10:19:20     info       Loaded : . . . Analysis  : 53,887,680 traces (reserved space)
2026-04-21T10:19:20     info       Loaded : . . . read 13,485 rec-records
2026-04-21T10:19:20     info       Loaded : . . . read 13,824 src-records
2026-04-21T10:19:20     info       Loaded : . . . read 110,592 rel-records
2026-04-21T10:19:20     info       Loaded : . . . Analysis: 53,887,680 traces available (showing 1,000,000 at a time)
2026-04-21T10:19:22     info       Params : D:/Roll/roll_samples/other/TripleZigzag_001.roll survey object read, containing 1014 parameters
2026-04-21T10:19:26     binning    Thread : Prepare memory mapped file for 53,887,680 traces, with nx=630, ny=432, fold=198
2026-04-21T10:19:28     binning    Thread : Started 'Bin from geometry', using 13,824 shot points
2026-04-21T10:19:33     warning    Thread : finishCurrentOperation called while thread is still running; delaying cleanup until the worker thread finishes
2026-04-21T10:36:59     info       Parsing: D:/Roll/roll_samples/other/TripleZigzag_001.roll survey object succesfully parsed
2026-04-21T10:37:00     info       Params : D:/Roll/roll_samples/other/TripleZigzag_001.roll survey object read, containing 282 parameters+++

2026-04-21T10:37:05     info       Plugin : Started on Windows 11 v(10.0.26200)
2026-04-21T10:37:05     info       Library: Numba version 0.64.0 available for JIT acceleration
2026-04-21T10:37:05     info       Parsing: survey object succesfully parsed
2026-04-21T10:37:06     info       Params : survey object read, containing 282 parameters
2026-04-21T10:37:11     info       Opening: D:/Roll/roll_samples/other/TripleZigzag_001.roll
2026-04-21T10:37:11     info       Parsing: D:/Roll/roll_samples/other/TripleZigzag_001.roll
2026-04-21T10:37:11     info       Parsing: D:/Roll/roll_samples/other/TripleZigzag_001.roll survey object succesfully parsed
2026-04-21T10:37:11     info       Reading: D:/Roll/roll_samples/other/TripleZigzag_001.roll, success: True
2026-04-21T10:37:11     info       Loading: D:/Roll/roll_samples/other/TripleZigzag_001.roll analysis files
2026-04-21T10:37:12     info       Analysis dims: nx=630, ny=432, binSize=(25.000,25.000)
2026-04-21T10:37:12     info       Analysis file: .bin.npy exists=True
2026-04-21T10:37:12     info       Analysis file: .min.npy exists=True
2026-04-21T10:37:12     info       Analysis file: .max.npy exists=True
2026-04-21T10:37:12     info       Analysis file: .rms.npy exists=True
2026-04-21T10:37:12     info       Analysis file: .off.npy exists=True
2026-04-21T10:37:12     info       Analysis file: .azi.npy exists=True
2026-04-21T10:37:12     info       Analysis file: .ana.npy exists=True
2026-04-21T10:37:12     info       Loaded : . . . Fold map  : Min:0 - Max:180 
2026-04-21T10:37:12     info       Loaded : . . . Min-offset: Min:35.36m - Max:6372.70m 
2026-04-21T10:37:12     info       Loaded : . . . Max-offset: Min:4796.48m - Max:6372.70m 
2026-04-21T10:37:12     info       Loaded : . . . Rms-offset: Min:0.00m - Max:420.05m 
2026-04-21T10:37:12     info       Loaded : . . . offset histogram
2026-04-21T10:37:12     info       Loaded : . . . azi-offset histogram
2026-04-21T10:37:12     info       Analysis load: fold=198, maxFold=180
2026-04-21T10:37:12     info       Analysis load: nT=700539840, expected=700539840, delta=0
2026-04-21T10:37:12     info       Analysis load: an2Output.shape=(53887680, 13)
2026-04-21T10:37:12     info       Loaded : . . . Analysis  : 53,887,680 traces (reserved space)
2026-04-21T10:37:12     info       Loaded : . . . read 13,485 rec-records
2026-04-21T10:37:12     info       Loaded : . . . read 13,824 src-records
2026-04-21T10:37:12     info       Loaded : . . . read 110,592 rel-records
2026-04-21T10:37:12     info       Loaded : . . . Analysis: 53,887,680 traces available (showing 1,000,000 at a time)
2026-04-21T10:37:14     info       Params : D:/Roll/roll_samples/other/TripleZigzag_001.roll survey object read, containing 1014 parameters
2026-04-21T10:37:41     binning    Thread : Prepare memory mapped file for 53,887,680 traces, with nx=630, ny=432, fold=198
2026-04-21T10:37:42     binning    Thread : Started 'Bin from geometry', using 13,824 shot points
2026-04-21T10:37:53     info       Thread : User interrupted worker thread
2026-04-21T10:37:53     info       Thread : Worker thread has completely stopped
2026-04-21T10:38:18     binning    Thread : Prepare memory mapped file for 53,887,680 traces, with nx=630, ny=432, fold=198
2026-04-21T10:38:18     binning    Thread : Started 'Bin from templates', using 13,824 shot points
2026-04-21T10:38:37     info       Thread : User interrupted worker thread
2026-04-21T10:38:38     info       Thread : Worker thread has completely stopped
2026-04-21T10:41:26     info       Parsing: D:/Roll/roll_samples/other/TripleZigzag_001.roll survey object succesfully parsed
2026-04-21T10:41:27     info       Params : D:/Roll/roll_samples/other/TripleZigzag_001.roll survey object read, containing 282 parameters+++

2026-04-21T10:41:31     info       Plugin : Started on Windows 11 v(10.0.26200)
2026-04-21T10:41:31     info       Library: Numba version 0.64.0 available for JIT acceleration
2026-04-21T10:41:31     info       Parsing: survey object succesfully parsed
2026-04-21T10:41:31     info       Params : survey object read, containing 282 parameters
2026-04-21T10:41:35     info       Opening: D:/Roll/roll_samples/other/TripleZigzag_001.roll
2026-04-21T10:41:35     info       Parsing: D:/Roll/roll_samples/other/TripleZigzag_001.roll
2026-04-21T10:41:35     info       Parsing: D:/Roll/roll_samples/other/TripleZigzag_001.roll survey object succesfully parsed
2026-04-21T10:41:35     info       Reading: D:/Roll/roll_samples/other/TripleZigzag_001.roll, success: True
2026-04-21T10:41:35     info       Loading: D:/Roll/roll_samples/other/TripleZigzag_001.roll analysis files
2026-04-21T10:41:35     info       Analysis dims: nx=630, ny=432, binSize=(25.000,25.000)
2026-04-21T10:41:35     info       Analysis file: .bin.npy exists=True
2026-04-21T10:41:35     info       Analysis file: .min.npy exists=True
2026-04-21T10:41:35     info       Analysis file: .max.npy exists=True
2026-04-21T10:41:35     info       Analysis file: .rms.npy exists=True
2026-04-21T10:41:35     info       Analysis file: .off.npy exists=True
2026-04-21T10:41:35     info       Analysis file: .azi.npy exists=True
2026-04-21T10:41:35     info       Analysis file: .ana.npy exists=True
2026-04-21T10:41:35     info       Loaded : . . . Fold map  : Min:0 - Max:180 
2026-04-21T10:41:35     info       Loaded : . . . Min-offset: Min:35.36m - Max:6372.70m 
2026-04-21T10:41:35     info       Loaded : . . . Max-offset: Min:4796.48m - Max:6372.70m 
2026-04-21T10:41:35     info       Loaded : . . . Rms-offset: Min:0.00m - Max:420.05m 
2026-04-21T10:41:35     info       Loaded : . . . offset histogram
2026-04-21T10:41:35     info       Loaded : . . . azi-offset histogram
2026-04-21T10:41:35     info       Analysis load: fold=198, maxFold=180
2026-04-21T10:41:35     info       Analysis load: nT=700539840, expected=700539840, delta=0
2026-04-21T10:41:35     info       Analysis load: an2Output.shape=(53887680, 13)
2026-04-21T10:41:35     info       Loaded : . . . Analysis  : 53,887,680 traces (reserved space)
2026-04-21T10:41:35     info       Loaded : . . . read 13,485 rec-records
2026-04-21T10:41:35     info       Loaded : . . . read 13,824 src-records
2026-04-21T10:41:35     info       Loaded : . . . read 110,592 rel-records
2026-04-21T10:41:35     info       Loaded : . . . Analysis: 53,887,680 traces available (showing 1,000,000 at a time)
2026-04-21T10:41:37     info       Params : D:/Roll/roll_samples/other/TripleZigzag_001.roll survey object read, containing 1014 parameters
2026-04-21T10:41:46     binning    Thread : Prepare memory mapped file for 53,887,680 traces, with nx=630, ny=432, fold=198
2026-04-21T10:41:47     binning    Thread : Started 'Bin from templates', using 13,824 shot points
2026-04-21T10:41:52     warning    Thread : User interrupted worker thread
2026-04-21T10:41:52     info       Thread : Worker thread has stopped
2026-04-21T10:42:18     binning    Thread : Prepare memory mapped file for 53,887,680 traces, with nx=630, ny=432, fold=198
2026-04-21T10:42:18     binning    Thread : Started 'Bin from geometry', using 13,824 shot points
2026-04-21T10:42:26     warning    Thread : User interrupted worker thread
2026-04-21T10:42:27     info       Thread : Worker thread has stopped
2026-04-21T10:42:48     binning    Thread : Prepare memory mapped file for 53,887,680 traces, with nx=630, ny=432, fold=198
2026-04-21T10:42:49     binning    Thread : Started 'Bin from geometry', using 13,824 shot points
2026-04-21T10:44:43     binning    Thread : Binning completed. Elapsed time:0:01:54 
2026-04-21T10:44:43     binning    Thread : . . . Fold       : Min:0 - Max:180 
2026-04-21T10:44:43     binning    Thread : . . . Min-offsets: Min:35.36m - Max:6372.70m 
2026-04-21T10:44:43     binning    Thread : . . . Max-offsets: Min:4796.48m - Max:6372.70m 
2026-04-21T10:44:43     binning    Thread : . . . Rms-offsets: Min:0.00m - Max:420.05m 
2026-04-21T10:44:43     info       Loaded : . . . Analysis: 53,887,680 traces available (showing 1,000,000 at a time)
2026-04-21T11:05:59     info       Parsing: D:/Roll/roll_samples/other/TripleZigzag_001.roll survey object succesfully parsed
2026-04-21T11:05:59     info       Params : D:/Roll/roll_samples/other/TripleZigzag_001.roll survey object read, containing 282 parameters+++

2026-04-21T11:06:02     info       Plugin : Started on Windows 11 v(10.0.26200)
2026-04-21T11:06:02     info       Library: Numba version 0.64.0 available for JIT acceleration
2026-04-21T11:06:02     info       Parsing: survey object succesfully parsed
2026-04-21T11:06:03     info       Params : survey object read, containing 282 parameters
2026-04-21T11:06:09     info       Opening: D:/Roll/roll_samples/other/TripleZigzag_001.roll
2026-04-21T11:06:09     info       Parsing: D:/Roll/roll_samples/other/TripleZigzag_001.roll
2026-04-21T11:06:09     info       Parsing: D:/Roll/roll_samples/other/TripleZigzag_001.roll survey object succesfully parsed
2026-04-21T11:06:09     info       Reading: D:/Roll/roll_samples/other/TripleZigzag_001.roll, success: True
2026-04-21T11:06:09     info       Loading: D:/Roll/roll_samples/other/TripleZigzag_001.roll analysis files
2026-04-21T11:06:09     info       Analysis dims: nx=630, ny=432, binSize=(25.000,25.000)
2026-04-21T11:06:09     info       Analysis file: .bin.npy exists=True
2026-04-21T11:06:09     info       Analysis file: .min.npy exists=True
2026-04-21T11:06:09     info       Analysis file: .max.npy exists=True
2026-04-21T11:06:09     info       Analysis file: .rms.npy exists=True
2026-04-21T11:06:09     info       Analysis file: .off.npy exists=True
2026-04-21T11:06:09     info       Analysis file: .azi.npy exists=True
2026-04-21T11:06:09     info       Analysis file: .ana.npy exists=True
2026-04-21T11:06:09     info       Loaded : . . . Fold map  : Min:0 - Max:180 
2026-04-21T11:06:09     info       Loaded : . . . Min-offset: Min:35.36m - Max:6372.70m 
2026-04-21T11:06:09     info       Loaded : . . . Max-offset: Min:4796.48m - Max:6372.70m 
2026-04-21T11:06:09     info       Loaded : . . . Rms-offset: Min:0.00m - Max:420.05m 
2026-04-21T11:06:09     info       Loaded : . . . offset histogram
2026-04-21T11:06:09     info       Loaded : . . . azi-offset histogram
2026-04-21T11:06:09     info       Analysis load: fold=198, maxFold=180
2026-04-21T11:06:09     info       Analysis load: nT=700539840, expected=700539840, delta=0
2026-04-21T11:06:09     info       Analysis load: an2Output.shape=(53887680, 13)
2026-04-21T11:06:09     info       Loaded : . . . Analysis  : 53,887,680 traces (reserved space)
2026-04-21T11:06:09     info       Loaded : . . . read 13,485 rec-records
2026-04-21T11:06:09     info       Loaded : . . . read 13,824 src-records
2026-04-21T11:06:09     info       Loaded : . . . read 110,592 rel-records
2026-04-21T11:06:09     info       Loaded : . . . Analysis: 53,887,680 traces available (showing 1,000,000 at a time)
2026-04-21T11:06:11     info       Params : D:/Roll/roll_samples/other/TripleZigzag_001.roll survey object read, containing 1014 parameters
2026-04-21T11:06:13     binning    Thread : Prepare memory mapped file for 53,887,680 traces, with nx=630, ny=432, fold=198
2026-04-21T11:06:14     binning    Thread : Started 'Bin from geometry', using 13,824 shot points
2026-04-21T11:06:19     warning    Thread : User interrupted worker thread
2026-04-21T11:06:20     info       Thread : Worker thread has stopped
2026-04-21T11:07:18     info       Parsing: D:/Roll/roll_samples/other/TripleZigzag_001.roll survey object succesfully parsed
2026-04-21T11:07:19     info       Params : D:/Roll/roll_samples/other/TripleZigzag_001.roll survey object read, containing 282 parameters+++

2026-04-21T11:07:23     info       Plugin : Started on Windows 11 v(10.0.26200)
2026-04-21T11:07:23     info       Library: Numba version 0.64.0 available for JIT acceleration
2026-04-21T11:07:23     info       Parsing: survey object succesfully parsed
2026-04-21T11:07:23     info       Params : survey object read, containing 282 parameters
2026-04-21T11:07:27     info       Opening: D:/Roll/roll_samples/other/TripleZigzag_001.roll
2026-04-21T11:07:27     info       Parsing: D:/Roll/roll_samples/other/TripleZigzag_001.roll
2026-04-21T11:07:27     info       Parsing: D:/Roll/roll_samples/other/TripleZigzag_001.roll survey object succesfully parsed
2026-04-21T11:07:27     info       Reading: D:/Roll/roll_samples/other/TripleZigzag_001.roll, success: True
2026-04-21T11:07:27     info       Loading: D:/Roll/roll_samples/other/TripleZigzag_001.roll analysis files
2026-04-21T11:07:27     info       Analysis dims: nx=630, ny=432, binSize=(25.000,25.000)
2026-04-21T11:07:27     info       Analysis file: .bin.npy exists=True
2026-04-21T11:07:27     info       Analysis file: .min.npy exists=True
2026-04-21T11:07:27     info       Analysis file: .max.npy exists=True
2026-04-21T11:07:27     info       Analysis file: .rms.npy exists=True
2026-04-21T11:07:27     info       Analysis file: .off.npy exists=True
2026-04-21T11:07:27     info       Analysis file: .azi.npy exists=True
2026-04-21T11:07:27     info       Analysis file: .ana.npy exists=True
2026-04-21T11:07:27     info       Loaded : . . . Fold map  : Min:0 - Max:180 
2026-04-21T11:07:27     info       Loaded : . . . Min-offset: Min:35.36m - Max:6372.70m 
2026-04-21T11:07:27     info       Loaded : . . . Max-offset: Min:4796.48m - Max:6372.70m 
2026-04-21T11:07:27     info       Loaded : . . . Rms-offset: Min:0.00m - Max:420.05m 
2026-04-21T11:07:27     info       Loaded : . . . offset histogram
2026-04-21T11:07:27     info       Loaded : . . . azi-offset histogram
2026-04-21T11:07:27     info       Analysis load: fold=198, maxFold=180
2026-04-21T11:07:27     info       Analysis load: nT=700539840, expected=700539840, delta=0
2026-04-21T11:07:27     info       Analysis load: an2Output.shape=(53887680, 13)
2026-04-21T11:07:27     info       Loaded : . . . Analysis  : 53,887,680 traces (reserved space)
2026-04-21T11:07:27     info       Loaded : . . . read 13,485 rec-records
2026-04-21T11:07:27     info       Loaded : . . . read 13,824 src-records
2026-04-21T11:07:27     info       Loaded : . . . read 110,592 rel-records
2026-04-21T11:07:27     info       Loaded : . . . Analysis: 53,887,680 traces available (showing 1,000,000 at a time)
2026-04-21T11:07:29     info       Params : D:/Roll/roll_samples/other/TripleZigzag_001.roll survey object read, containing 1014 parameters
2026-04-21T11:07:31     binning    Thread : Prepare memory mapped file for 53,887,680 traces, with nx=630, ny=432, fold=198
2026-04-21T11:07:31     binning    Thread : Started 'Bin from geometry', using 13,824 shot points
2026-04-21T11:07:39     warning    Thread : User interrupted worker thread
2026-04-21T11:07:39     warning    Thread : Worker thread has stopped
2026-04-21T11:07:54     binning    Thread : Prepare memory mapped file for 53,887,680 traces, with nx=630, ny=432, fold=198
2026-04-21T11:07:55     binning    Thread : Started 'Bin from geometry', using 13,824 shot points
2026-04-21T11:10:35     binning    Thread : Binning completed. Elapsed time:0:02:41 
2026-04-21T11:10:35     binning    Thread : . . . Fold       : Min:0 - Max:180 
2026-04-21T11:10:35     binning    Thread : . . . Min-offsets: Min:35.36m - Max:6372.70m 
2026-04-21T11:10:35     binning    Thread : . . . Max-offsets: Min:4796.48m - Max:6372.70m 
2026-04-21T11:10:35     binning    Thread : . . . Rms-offsets: Min:0.00m - Max:420.05m 
2026-04-21T11:10:35     info       Loaded : . . . Analysis: 53,887,680 traces available (showing 1,000,000 at a time)
2026-04-21T11:36:04     binning    Thread : Prepare memory mapped file for 53,887,680 traces, with nx=630, ny=432, fold=198
2026-04-21T11:36:05     binning    Thread : Started 'Bin from geometry', using 13,824 shot points
2026-04-21T11:38:46     binning    Thread : Binning completed. Elapsed time:0:02:42 
2026-04-21T11:38:46     binning    Thread : . . . Fold       : Min:0 - Max:180 
2026-04-21T11:38:46     binning    Thread : . . . Min-offsets: Min:35.36m - Max:6372.70m 
2026-04-21T11:38:46     binning    Thread : . . . Max-offsets: Min:4796.48m - Max:6372.70m 
2026-04-21T11:38:46     binning    Thread : . . . Rms-offsets: Min:0.00m - Max:420.05m 
2026-04-21T11:38:46     info       Loaded : . . . Analysis: 53,887,680 traces available (showing 1,000,000 at a time)
2026-04-21T12:00:54     info       Parsing: D:/Roll/roll_samples/other/TripleZigzag_001.roll survey object succesfully parsed
2026-04-21T12:00:54     info       Params : D:/Roll/roll_samples/other/TripleZigzag_001.roll survey object read, containing 282 parameters+++

2026-05-16T21:17:23     info       Plugin : Started on Windows 11 v(10.0.26200)
2026-05-16T21:17:23     info       Library: Numba version 0.65.1 available for JIT acceleration
2026-05-16T21:17:23     info       Library: Numba is enabled, running in JIT mode
2026-05-16T21:17:23     info       Parsing: survey object succesfully parsed
2026-05-16T21:17:23     info       Params : survey object read, containing 282 parameters
2026-05-16T21:17:27     info       Opening: D:/Roll/roll_samples/Noordoostpolder/Noordoostpolder.roll
2026-05-16T21:17:27     info       Parsing: D:/Roll/roll_samples/Noordoostpolder/Noordoostpolder.roll
2026-05-16T21:17:27     info       Parsing: D:/Roll/roll_samples/Noordoostpolder/Noordoostpolder.roll survey object succesfully parsed
2026-05-16T21:17:27     info       Reading: D:/Roll/roll_samples/Noordoostpolder/Noordoostpolder.roll, success: True
2026-05-16T21:17:28     info       Loading: D:/Roll/roll_samples/Noordoostpolder/Noordoostpolder.roll analysis files
2026-05-16T21:17:28     info       Loading: . . . Analysis dims: nx=2630, ny=1215, binSize=(10.000,20.000)
2026-05-16T21:17:28     info       Loading: . . . Analysis file: .bin.npy exists=True
2026-05-16T21:17:28     info       Loading: . . . Analysis file: .min.npy exists=True
2026-05-16T21:17:28     info       Loading: . . . Analysis file: .max.npy exists=True
2026-05-16T21:17:28     info       Loading: . . . Analysis file: .rms.npy exists=True
2026-05-16T21:17:28     info       Loading: . . . Analysis file: .gap.npy exists=True
2026-05-16T21:17:28     info       Loading: . . . Analysis file: .off.npy exists=True
2026-05-16T21:17:28     info       Loading: . . . Analysis file: .azi.npy exists=True
2026-05-16T21:17:28     info       Loading: . . . Analysis file: .ana.npy exists=True
2026-05-16T21:17:28     info       Loaded : . . . Fold map  : Min:0 - Max:209 
2026-05-16T21:17:28     info       Loaded : . . . Min-offset: Min:22.36m - Max:4998.13m 
2026-05-16T21:17:28     info       Loaded : . . . Max-offset: Min:22.36m - Max:5158.34m 
2026-05-16T21:17:28     info       Loaded : . . . Rms-offset: Min:0.00m - Max:1376.98m 
2026-05-16T21:17:28     info       Loaded : . . . Max-gap   : Min:0.00m - Max:3274.95m 
2026-05-16T21:17:28     info       Loaded : . . . offset histogram
2026-05-16T21:17:28     info       Loaded : . . . azi-offset histogram
2026-05-16T21:17:28     info       Analysis load: fold=210, maxFold=209
2026-05-16T21:17:28     info       Analysis load: nT=10736712000, expected=10736712000, delta=0
2026-05-16T21:17:28     info       Analysis load: an2Output.shape=(671044500, 16)
2026-05-16T21:17:28     info       Loaded : . . . Analysis  : 671,044,500 traces (reserved space)
2026-05-16T21:17:28     info       Loaded : . . . read 161,894 rec-records
2026-05-16T21:17:28     info       Loaded : . . . read 51,240 src-records
2026-05-16T21:17:28     info       Loaded : . . . read 1,795,499 rel-records
2026-05-16T21:17:28     info       Loaded : . . . Analysis: 671,044,500 traces available (showing 1,000,000 at a time)
2026-05-16T21:17:28     info       Params : D:/Roll/roll_samples/Noordoostpolder/Noordoostpolder.roll survey object read, containing 282 parameters
2026-05-16T21:18:24     binning    Starting full binning from geometry; preparing worker thread...
2026-05-16T21:18:24     binning    Thread : Prepare full-analysis buffer for 671,044,500 traces, with nx=2630, ny=1215, fold=210
2026-05-16T21:18:35     binning    Thread : Prepare memory mapped file for full analysis results.
2026-05-16T21:18:35     binning    Thread : Started 'Bin from geometry', using 51,240 shot points
2026-05-16T21:18:36     binning    Method : useExperimental=True, hasRel=True -> binFromGeometry10, fullAnalysis=True
2026-05-16T21:22:52     binning    Thread : Binning completed. Elapsed time:0:04:18 
2026-05-16T21:22:52     binning    Thread : . . . Fold       : Min:0 - Max:209 
2026-05-16T21:22:52     binning    Thread : . . . Min-offsets: Min:22.36m - Max:4998.13m 
2026-05-16T21:22:52     binning    Thread : . . . Max-offsets: Min:22.36m - Max:5158.34m 
2026-05-16T21:22:52     binning    Thread : . . . Rms-offsets: Min:0.00m - Max:1376.98m 
2026-05-16T21:22:52     binning    Thread : . . . Max-gap   : Min:0.00m - Max:3274.95m 
2026-05-16T21:22:53     info       Loaded : . . . Analysis: 671,044,500 traces available (showing 1,000,000 at a time)
2026-05-16T21:25:27     info       Opening: D:/Roll/roll_samples/other/Abtswoudsebrug_001.roll
2026-05-16T21:25:27     info       Parsing: D:/Roll/roll_samples/other/Abtswoudsebrug_001.roll
2026-05-16T21:25:27     info       Parsing: D:/Roll/roll_samples/other/Abtswoudsebrug_001.roll survey object succesfully parsed
2026-05-16T21:25:27     info       Reading: D:/Roll/roll_samples/other/Abtswoudsebrug_001.roll, success: True
2026-05-16T21:25:27     info       Loading: D:/Roll/roll_samples/other/Abtswoudsebrug_001.roll analysis files
2026-05-16T21:25:27     info       Loading: . . . Analysis dims: nx=718, ny=424, binSize=(25.000,25.000)
2026-05-16T21:25:27     info       Loading: . . . Analysis file: .bin.npy exists=True
2026-05-16T21:25:27     info       Loading: . . . Analysis file: .min.npy exists=True
2026-05-16T21:25:27     info       Loading: . . . Analysis file: .max.npy exists=True
2026-05-16T21:25:27     info       Loading: . . . Analysis file: .rms.npy exists=True
2026-05-16T21:25:27     info       Loading: . . . Analysis file: .gap.npy exists=False
2026-05-16T21:25:27     info       Loading: . . . Analysis file: .off.npy exists=False
2026-05-16T21:25:27     info       Loading: . . . Analysis file: .azi.npy exists=False
2026-05-16T21:25:27     info       Loading: . . . Analysis file: .ana.npy exists=True
2026-05-16T21:25:27     info       Loaded : . . . Fold map  : Min:0 - Max:96 
2026-05-16T21:25:27     info       Loaded : . . . Min-offset: Min:35.36m - Max:6002.60m 
2026-05-16T21:25:27     info       Loaded : . . . Max-offset: Min:5541.32m - Max:6025.05m 
2026-05-16T21:25:27     info       Loaded : . . . Rms-offset: Min:0.00m - Max:229.83m 
2026-05-16T21:25:27     info       Analysis load: fold=100, maxFold=96
2026-05-16T21:25:27     error      Loaded : . . . Analysis  : legacy 13-column layout detected for D:/Roll/roll_samples/other/Abtswoudsebrug_001.roll.ana.npy. The format was extended with src-z, rec-z and cmp-z columns; please re-run the binning to refresh the trace table.
2026-05-16T21:25:27     info       Loaded : . . . read 25,520 rec-records
2026-05-16T21:25:27     info       Loaded : . . . read 8,364 src-records
2026-05-16T21:25:27     info       Loaded : . . . read 66,912 rel-records
2026-05-16T21:25:27     info       Params : D:/Roll/roll_samples/other/Abtswoudsebrug_001.roll survey object read, containing 222 parameters
2026-05-16T21:26:59     binning    Starting full binning from templates; preparing worker thread...
2026-05-16T21:26:59     binning    Thread : Prepare full-analysis buffer for 30,443,200 traces, with nx=718, ny=424, fold=100
2026-05-16T21:26:59     binning    Thread : Prepare memory mapped file for full analysis results.
2026-05-16T21:26:59     binning    Thread : Started 'Bin from templates', using 8,364 shot points
2026-05-16T21:27:00     binning    Method : useExperimental=True -> binTemplate10, fullAnalysis=True
2026-05-16T21:27:10     binning    Thread : Binning completed. Elapsed time:0:00:11 
2026-05-16T21:27:10     binning    Thread : . . . Fold       : Min:0 - Max:96 
2026-05-16T21:27:10     binning    Thread : . . . Min-offsets: Min:35.36m - Max:6002.60m 
2026-05-16T21:27:10     binning    Thread : . . . Max-offsets: Min:5541.32m - Max:6025.05m 
2026-05-16T21:27:10     binning    Thread : . . . Rms-offsets: Min:0.00m - Max:229.83m 
2026-05-16T21:27:10     binning    Thread : . . . Max-gap   : Min:0.00m - Max:498.63m 
2026-05-16T21:27:10     info       Loaded : . . . Analysis: 30,443,200 traces available (showing 1,000,000 at a time)
2026-05-16T21:29:12     info       Opening: D:/Roll/roll_samples/other/DipTest_001.roll
2026-05-16T21:29:12     info       Parsing: D:/Roll/roll_samples/other/DipTest_001.roll
2026-05-16T21:29:12     info       Parsing: D:/Roll/roll_samples/other/DipTest_001.roll survey object succesfully parsed
2026-05-16T21:29:12     info       Reading: D:/Roll/roll_samples/other/DipTest_001.roll, success: True
2026-05-16T21:29:12     info       Loading: D:/Roll/roll_samples/other/DipTest_001.roll analysis files
2026-05-16T21:29:12     info       Loading: . . . Analysis dims: nx=290, ny=128, binSize=(25.000,25.000)
2026-05-16T21:29:12     info       Loading: . . . Analysis file: .bin.npy exists=False
2026-05-16T21:29:12     info       Loading: . . . Analysis file: .min.npy exists=False
2026-05-16T21:29:12     info       Loading: . . . Analysis file: .max.npy exists=False
2026-05-16T21:29:12     info       Loading: . . . Analysis file: .rms.npy exists=False
2026-05-16T21:29:12     info       Loading: . . . Analysis file: .gap.npy exists=False
2026-05-16T21:29:12     info       Loading: . . . Analysis file: .off.npy exists=False
2026-05-16T21:29:12     info       Loading: . . . Analysis file: .azi.npy exists=False
2026-05-16T21:29:12     info       Loading: . . . Analysis file: .ana.npy exists=False
2026-05-16T21:29:13     info       Params : D:/Roll/roll_samples/other/DipTest_001.roll survey object read, containing 282 parameters
2026-05-16T21:30:06     binning    Starting basic binning from templates; preparing worker thread...
2026-05-16T21:30:06     binning    Thread : Started 'Bin from templates', using 240 shot points
2026-05-16T21:30:06     binning    Method : useExperimental=True -> binTemplate10, fullAnalysis=False
2026-05-16T21:30:06     binning    Thread : Binning completed. Elapsed time:0:00:01 
2026-05-16T21:30:06     binning    Thread : . . . Fold       : Min:0 - Max:42 
2026-05-16T21:30:06     binning    Thread : . . . Min-offsets: Min:35.36m - Max:6018.82m 
2026-05-16T21:30:06     binning    Thread : . . . Max-offsets: Min:995.62m - Max:6018.82m 
2026-05-16T21:30:28     binning    Starting full binning from templates; preparing worker thread...
2026-05-16T21:30:28     binning    Thread : Prepare full-analysis buffer for 18,560,000 traces, with nx=290, ny=128, fold=500
2026-05-16T21:30:29     binning    Thread : Prepare memory mapped file for full analysis results.
2026-05-16T21:30:29     binning    Thread : Started 'Bin from templates', using 240 shot points
2026-05-16T21:30:29     binning    Method : useExperimental=True -> binTemplate10, fullAnalysis=True
2026-05-16T21:30:29     binning    Thread : Binning completed. Elapsed time:0:00:01 
2026-05-16T21:30:29     binning    Thread : . . . Fold       : Min:0 - Max:42 
2026-05-16T21:30:29     binning    Thread : . . . Min-offsets: Min:35.36m - Max:6018.82m 
2026-05-16T21:30:29     binning    Thread : . . . Max-offsets: Min:995.62m - Max:6018.82m 
2026-05-16T21:30:29     binning    Thread : . . . Rms-offsets: Min:0.00m - Max:622.51m 
2026-05-16T21:30:29     binning    Thread : . . . Max-gap   : Min:0.00m - Max:1499.27m 
2026-05-16T21:30:30     info       Loaded : . . . Analysis: 18,560,000 traces available (showing 1,000,000 at a time)
2026-05-16T21:32:04     geometry   Starting geometry creation from templates; preparing worker thread...
2026-05-16T21:32:04     geometry   Thread : Started 'Create Geometry from Templates', from 240 shot points
2026-05-16T21:32:06     geometry   Thread : Completed 'Create Geometry from Templates'. Elapsed time:0:00:02 
2026-05-16T21:32:20     binning    Starting full binning from geometry; preparing worker thread...
2026-05-16T21:32:20     binning    Thread : Prepare full-analysis buffer for 18,560,000 traces, with nx=290, ny=128, fold=500
2026-05-16T21:32:21     binning    Thread : Prepare memory mapped file for full analysis results.
2026-05-16T21:32:21     binning    Thread : Started 'Bin from geometry', using 240 shot points
2026-05-16T21:32:21     binning    Method : useExperimental=True, hasRel=True -> binFromGeometry10, fullAnalysis=True
2026-05-16T21:32:23     binning    Thread : Binning completed. Elapsed time:0:00:03 
2026-05-16T21:32:23     binning    Thread : . . . Fold       : Min:0 - Max:42 
2026-05-16T21:32:23     binning    Thread : . . . Min-offsets: Min:35.36m - Max:6018.82m 
2026-05-16T21:32:23     binning    Thread : . . . Max-offsets: Min:995.62m - Max:6018.82m 
2026-05-16T21:32:23     binning    Thread : . . . Rms-offsets: Min:0.00m - Max:622.51m 
2026-05-16T21:32:23     binning    Thread : . . . Max-gap   : Min:0.00m - Max:1499.27m 
2026-05-16T21:32:23     info       Loaded : . . . Analysis: 18,560,000 traces available (showing 1,000,000 at a time)
2026-05-16T21:33:11     info       Opening: D:/Roll/roll_samples/other/DoubleZigzag_001.roll
2026-05-16T21:33:11     info       Parsing: D:/Roll/roll_samples/other/DoubleZigzag_001.roll
2026-05-16T21:33:11     info       Parsing: D:/Roll/roll_samples/other/DoubleZigzag_001.roll survey object succesfully parsed
2026-05-16T21:33:11     info       Reading: D:/Roll/roll_samples/other/DoubleZigzag_001.roll, success: True
2026-05-16T21:33:11     info       Loading: D:/Roll/roll_samples/other/DoubleZigzag_001.roll analysis files
2026-05-16T21:33:11     info       Loading: . . . Analysis dims: nx=80, ny=80, binSize=(25.000,25.000)
2026-05-16T21:33:11     info       Loading: . . . Analysis file: .bin.npy exists=False
2026-05-16T21:33:11     info       Loading: . . . Analysis file: .min.npy exists=False
2026-05-16T21:33:11     info       Loading: . . . Analysis file: .max.npy exists=False
2026-05-16T21:33:11     info       Loading: . . . Analysis file: .rms.npy exists=False
2026-05-16T21:33:11     info       Loading: . . . Analysis file: .gap.npy exists=False
2026-05-16T21:33:11     info       Loading: . . . Analysis file: .off.npy exists=False
2026-05-16T21:33:11     info       Loading: . . . Analysis file: .azi.npy exists=False
2026-05-16T21:33:11     info       Loading: . . . Analysis file: .ana.npy exists=False
2026-05-16T21:33:13     info       Params : D:/Roll/roll_samples/other/DoubleZigzag_001.roll survey object read, containing 718 parameters
2026-05-16T21:33:21     binning    Starting full binning from templates; preparing worker thread...
2026-05-16T21:33:21     binning    Thread : Prepare full-analysis buffer for 1,600,000 traces, with nx=80, ny=80, fold=250
2026-05-16T21:33:21     binning    Thread : Prepare memory mapped file for full analysis results.
2026-05-16T21:33:21     binning    Thread : Started 'Bin from templates', using 20,000 shot points
2026-05-16T21:33:21     binning    Method : useExperimental=True -> binTemplate10, fullAnalysis=True
2026-05-16T21:33:23     binning    Thread : Binning completed. Elapsed time:0:00:03 
2026-05-16T21:33:23     binning    Thread : . . . Fold       : Min:240 - Max:240 
2026-05-16T21:33:23     binning    Thread : . . . Min-offsets: Min:35.36m - Max:226.38m 
2026-05-16T21:33:23     binning    Thread : . . . Max-offsets: Min:5990.10m - Max:6025.05m 
2026-05-16T21:33:23     binning    Thread : . . . Rms-offsets: Min:13.79m - Max:23.77m 
2026-05-16T21:33:23     binning    Thread : . . . Max-gap   : Min:60.81m - Max:260.54m 
2026-05-16T21:33:23     info       Loaded : . . . Analysis: 1,600,000 traces available (showing 1,000,000 at a time)
2026-05-16T21:33:42     geometry   Starting geometry creation from templates; preparing worker thread...
2026-05-16T21:33:42     geometry   Thread : Started 'Create Geometry from Templates', from 20,000 shot points
2026-05-16T21:36:22     geometry   Thread : Completed 'Create Geometry from Templates'. Elapsed time:0:02:40 
2026-05-16T21:38:40     binning    Starting full binning from geometry; preparing worker thread...
2026-05-16T21:38:41     binning    Thread : Prepare full-analysis buffer for 1,600,000 traces, with nx=80, ny=80, fold=250
2026-05-16T21:38:41     binning    Thread : Prepare memory mapped file for full analysis results.
2026-05-16T21:38:41     binning    Thread : Started 'Bin from geometry', using 20,000 shot points
2026-05-16T21:39:12     binning    Method : useExperimental=True, hasRel=True -> binFromGeometry10, fullAnalysis=True
2026-05-16T21:41:08     binning    Thread : Binning completed. Elapsed time:0:02:28 
2026-05-16T21:41:08     binning    Thread : . . . Fold       : Min:240 - Max:240 
2026-05-16T21:41:08     binning    Thread : . . . Min-offsets: Min:35.36m - Max:226.38m 
2026-05-16T21:41:08     binning    Thread : . . . Max-offsets: Min:5990.10m - Max:6025.05m 
2026-05-16T21:41:08     binning    Thread : . . . Rms-offsets: Min:13.79m - Max:23.77m 
2026-05-16T21:41:08     binning    Thread : . . . Max-gap   : Min:60.81m - Max:260.54m 
2026-05-16T21:41:08     info       Loaded : . . . Analysis: 1,600,000 traces available (showing 1,000,000 at a time)
2026-05-16T21:54:35     info       Parsing: D:/Roll/roll_samples/other/DoubleZigzag_001.roll survey object succesfully parsed
2026-05-16T21:54:35     info       Params : D:/Roll/roll_samples/other/DoubleZigzag_001.roll survey object read, containing 282 parameters+++

2026-05-16T23:09:40     info       Plugin : Started on Windows 11 v(10.0.26200)
2026-05-16T23:09:40     info       Library: Numba version 0.65.1 available for JIT acceleration
2026-05-16T23:09:40     info       Library: Numba is enabled, running in JIT mode
2026-05-16T23:09:40     info       Parsing: survey object succesfully parsed
2026-05-16T23:09:40     info       Params : survey object read, containing 282 parameters
2026-05-16T23:09:45     info       Opening: D:/Roll/roll_samples/other/Orthogonal_001.roll
2026-05-16T23:09:45     info       Parsing: D:/Roll/roll_samples/other/Orthogonal_001.roll
2026-05-16T23:09:45     info       Parsing: D:/Roll/roll_samples/other/Orthogonal_001.roll survey object succesfully parsed
2026-05-16T23:09:45     info       Reading: D:/Roll/roll_samples/other/Orthogonal_001.roll, success: True
2026-05-16T23:09:45     info       Loading: D:/Roll/roll_samples/other/Orthogonal_001.roll analysis files
2026-05-16T23:09:45     info       Loading: . . . Analysis dims: nx=40, ny=40, binSize=(25.000,25.000)
2026-05-16T23:09:45     info       Loading: . . . Analysis file: .bin.npy exists=False
2026-05-16T23:09:45     info       Loading: . . . Analysis file: .min.npy exists=False
2026-05-16T23:09:45     info       Loading: . . . Analysis file: .max.npy exists=False
2026-05-16T23:09:45     info       Loading: . . . Analysis file: .rms.npy exists=False
2026-05-16T23:09:45     info       Loading: . . . Analysis file: .gap.npy exists=False
2026-05-16T23:09:45     info       Loading: . . . Analysis file: .off.npy exists=False
2026-05-16T23:09:45     info       Loading: . . . Analysis file: .azi.npy exists=False
2026-05-16T23:09:45     info       Loading: . . . Analysis file: .ana.npy exists=False
2026-05-16T23:09:45     info       Loaded : . . . read 25,520 rec-records
2026-05-16T23:09:45     info       Loaded : . . . read 8,364 src-records
2026-05-16T23:09:45     info       Loaded : . . . read 16,058,880 rel-records
2026-05-16T23:09:46     info       Params : D:/Roll/roll_samples/other/Orthogonal_001.roll survey object read, containing 222 parameters
2026-05-16T23:09:50     geometry   Starting geometry creation from templates; preparing worker thread...
2026-05-16T23:09:50     geometry   Thread : Started 'Create Geometry from Templates', from 8,364 shot points
2026-05-16T23:10:05     geometry   Thread : Completed 'Create Geometry from Templates'. Elapsed time:0:00:16 
2026-05-16T23:10:32     info       Opening: D:/Roll/roll_samples/other/DoubleZigzag_001.roll
2026-05-16T23:10:32     info       Parsing: D:/Roll/roll_samples/other/DoubleZigzag_001.roll
2026-05-16T23:10:32     info       Parsing: D:/Roll/roll_samples/other/DoubleZigzag_001.roll survey object succesfully parsed
2026-05-16T23:10:32     info       Reading: D:/Roll/roll_samples/other/DoubleZigzag_001.roll, success: True
2026-05-16T23:10:32     info       Loading: D:/Roll/roll_samples/other/DoubleZigzag_001.roll analysis files
2026-05-16T23:10:32     info       Loading: . . . Analysis dims: nx=80, ny=80, binSize=(25.000,25.000)
2026-05-16T23:10:32     info       Loading: . . . Analysis file: .bin.npy exists=True
2026-05-16T23:10:32     info       Loading: . . . Analysis file: .min.npy exists=True
2026-05-16T23:10:32     info       Loading: . . . Analysis file: .max.npy exists=True
2026-05-16T23:10:32     info       Loading: . . . Analysis file: .rms.npy exists=True
2026-05-16T23:10:32     info       Loading: . . . Analysis file: .gap.npy exists=True
2026-05-16T23:10:32     info       Loading: . . . Analysis file: .off.npy exists=True
2026-05-16T23:10:32     info       Loading: . . . Analysis file: .azi.npy exists=True
2026-05-16T23:10:32     info       Loading: . . . Analysis file: .ana.npy exists=True
2026-05-16T23:10:32     info       Loaded : . . . Fold map  : Min:240 - Max:240 
2026-05-16T23:10:32     info       Loaded : . . . Min-offset: Min:35.36m - Max:226.38m 
2026-05-16T23:10:32     info       Loaded : . . . Max-offset: Min:5990.10m - Max:6025.05m 
2026-05-16T23:10:32     info       Loaded : . . . Rms-offset: Min:13.79m - Max:23.77m 
2026-05-16T23:10:32     info       Loaded : . . . Max-gap   : Min:60.81m - Max:260.54m 
2026-05-16T23:10:32     info       Loaded : . . . offset histogram
2026-05-16T23:10:32     info       Loaded : . . . azi-offset histogram
2026-05-16T23:10:32     info       Analysis load: fold=250, maxFold=240
2026-05-16T23:10:32     info       Analysis load: nT=25600000, expected=25600000, delta=0
2026-05-16T23:10:32     info       Analysis load: an2Output.shape=(1600000, 16)
2026-05-16T23:10:32     info       Loaded : . . . Analysis  : 1,600,000 traces (reserved space)
2026-05-16T23:10:32     info       Loaded : . . . read 25,137 rec-records
2026-05-16T23:10:32     info       Loaded : . . . read 20,000 src-records
2026-05-16T23:10:32     info       Loaded : . . . read 39,840,000 rel-records
2026-05-16T23:10:32     info       Loaded : . . . Analysis: 1,600,000 traces available (showing 1,000,000 at a time)
2026-05-16T23:10:34     info       Params : D:/Roll/roll_samples/other/DoubleZigzag_001.roll survey object read, containing 718 parameters
2026-05-16T23:10:52     geometry   Starting geometry creation from templates; preparing worker thread...
2026-05-16T23:10:52     geometry   Thread : Started 'Create Geometry from Templates', from 20,000 shot points
2026-05-16T23:11:03     geometry   Thread : Completed 'Create Geometry from Templates'. Elapsed time:0:00:11 
2026-05-16T23:11:20     info       Opening: D:/Roll/roll_samples/other/Orthogonal_001.roll
2026-05-16T23:11:20     info       Parsing: D:/Roll/roll_samples/other/Orthogonal_001.roll
2026-05-16T23:11:20     info       Parsing: D:/Roll/roll_samples/other/Orthogonal_001.roll survey object succesfully parsed
2026-05-16T23:11:20     info       Reading: D:/Roll/roll_samples/other/Orthogonal_001.roll, success: True
2026-05-16T23:11:20     info       Loading: D:/Roll/roll_samples/other/Orthogonal_001.roll analysis files
2026-05-16T23:11:20     info       Loading: . . . Analysis dims: nx=40, ny=40, binSize=(25.000,25.000)
2026-05-16T23:11:20     info       Loading: . . . Analysis file: .bin.npy exists=False
2026-05-16T23:11:20     info       Loading: . . . Analysis file: .min.npy exists=False
2026-05-16T23:11:20     info       Loading: . . . Analysis file: .max.npy exists=False
2026-05-16T23:11:20     info       Loading: . . . Analysis file: .rms.npy exists=False
2026-05-16T23:11:20     info       Loading: . . . Analysis file: .gap.npy exists=False
2026-05-16T23:11:20     info       Loading: . . . Analysis file: .off.npy exists=False
2026-05-16T23:11:20     info       Loading: . . . Analysis file: .azi.npy exists=False
2026-05-16T23:11:20     info       Loading: . . . Analysis file: .ana.npy exists=False
2026-05-16T23:11:20     info       Loaded : . . . read 25,520 rec-records
2026-05-16T23:11:20     info       Loaded : . . . read 8,364 src-records
2026-05-16T23:11:20     info       Loaded : . . . read 66,912 rel-records
2026-05-16T23:11:20     info       Params : D:/Roll/roll_samples/other/Orthogonal_001.roll survey object read, containing 222 parameters
2026-05-16T23:11:27     geometry   Starting geometry creation from templates; preparing worker thread...
2026-05-16T23:11:27     geometry   Thread : Started 'Create Geometry from Templates', from 8,364 shot points
2026-05-16T23:11:43     geometry   Thread : Completed 'Create Geometry from Templates'. Elapsed time:0:00:16 
2026-05-16T23:13:10     info       Edited : D:/Roll/roll_samples/other/Orthogonal_001.roll survey object updated
2026-05-16T23:13:20     geometry   Starting geometry creation from templates; preparing worker thread...
2026-05-16T23:13:20     geometry   Thread : Started 'Create Geometry from Templates', from 8,364 shot points
2026-05-16T23:13:35     geometry   Thread : Completed 'Create Geometry from Templates'. Elapsed time:0:00:16 
2026-05-16T23:14:29     binning    Starting basic binning from geometry; preparing worker thread...
2026-05-16T23:14:29     binning    Thread : Started 'Bin from geometry', using 8,364 shot points
2026-05-16T23:14:29     binning    Method : useExperimental=False, hasRel=True -> binFromGeometry8, fullAnalysis=False
2026-05-16T23:14:32     binning    Thread : Binning completed. Elapsed time:0:00:03 
2026-05-16T23:14:32     binning    Thread : . . . Fold       : Min:96 - Max:96 
2026-05-16T23:14:32     binning    Thread : . . . Min-offsets: Min:35.36m - Max:285.04m 
2026-05-16T23:14:32     binning    Thread : . . . Max-offsets: Min:5808.72m - Max:6025.05m 
2026-05-16T23:14:48     info       Edited : D:/Roll/roll_samples/other/Orthogonal_001.roll survey object updated
2026-05-16T23:14:53     binning    Starting full binning from geometry; preparing worker thread...
2026-05-16T23:14:53     binning    Thread : Prepare full-analysis buffer for 160,000 traces, with nx=40, ny=40, fold=100
2026-05-16T23:14:53     binning    Thread : Prepare memory mapped file for full analysis results.
2026-05-16T23:14:53     binning    Thread : Started 'Bin from geometry', using 8,364 shot points
2026-05-16T23:14:53     binning    Method : useExperimental=False, hasRel=True -> binFromGeometry8, fullAnalysis=True
2026-05-16T23:14:57     binning    Thread : Binning completed. Elapsed time:0:00:04 
2026-05-16T23:14:57     binning    Thread : . . . Fold       : Min:96 - Max:96 
2026-05-16T23:14:57     binning    Thread : . . . Min-offsets: Min:35.36m - Max:285.04m 
2026-05-16T23:14:57     binning    Thread : . . . Max-offsets: Min:5808.72m - Max:6025.05m 
2026-05-16T23:14:57     binning    Thread : . . . Rms-offsets: Min:60.42m - Max:115.62m 
2026-05-16T23:14:57     binning    Thread : . . . Max-gap   : Min:203.95m - Max:417.32m 
2026-05-16T23:14:57     info       Loaded : . . . Analysis: 160,000 traces displayed in Trace Table
2026-05-16T23:15:44     info       Edited : D:/Roll/roll_samples/other/Orthogonal_001.roll survey object updated
2026-05-16T23:15:48     binning    Starting full binning from templates; preparing worker thread...
2026-05-16T23:15:48     binning    Thread : Prepare full-analysis buffer for 160,000 traces, with nx=40, ny=40, fold=100
2026-05-16T23:15:48     binning    Thread : Prepare memory mapped file for full analysis results.
2026-05-16T23:15:48     binning    Thread : Started 'Bin from templates', using 8,364 shot points
2026-05-16T23:15:48     binning    Method : useExperimental=False -> binTemplate8, fullAnalysis=True
2026-05-16T23:15:50     binning    Thread : Binning completed. Elapsed time:0:00:03 
2026-05-16T23:15:50     binning    Thread : . . . Fold       : Min:96 - Max:96 
2026-05-16T23:15:50     binning    Thread : . . . Min-offsets: Min:35.36m - Max:285.04m 
2026-05-16T23:15:50     binning    Thread : . . . Max-offsets: Min:5808.72m - Max:6025.05m 
2026-05-16T23:15:50     binning    Thread : . . . Rms-offsets: Min:60.42m - Max:115.62m 
2026-05-16T23:15:50     binning    Thread : . . . Max-gap   : Min:203.95m - Max:417.32m 
2026-05-16T23:15:50     info       Loaded : . . . Analysis: 160,000 traces displayed in Trace Table
2026-05-16T23:30:09     info       Saved  : D:/Roll/roll_samples/other/Orthogonal_001.roll
2026-05-16T23:30:45     info       Opening: D:/Roll/roll_samples/other/DoubleZigzag_001.roll
2026-05-16T23:30:45     info       Parsing: D:/Roll/roll_samples/other/DoubleZigzag_001.roll
2026-05-16T23:30:45     info       Parsing: D:/Roll/roll_samples/other/DoubleZigzag_001.roll survey object succesfully parsed
2026-05-16T23:30:45     info       Reading: D:/Roll/roll_samples/other/DoubleZigzag_001.roll, success: True
2026-05-16T23:30:45     info       Loading: D:/Roll/roll_samples/other/DoubleZigzag_001.roll analysis files
2026-05-16T23:30:45     info       Loading: . . . Analysis dims: nx=80, ny=80, binSize=(25.000,25.000)
2026-05-16T23:30:45     info       Loading: . . . Analysis file: .bin.npy exists=True
2026-05-16T23:30:45     info       Loading: . . . Analysis file: .min.npy exists=True
2026-05-16T23:30:45     info       Loading: . . . Analysis file: .max.npy exists=True
2026-05-16T23:30:45     info       Loading: . . . Analysis file: .rms.npy exists=True
2026-05-16T23:30:45     info       Loading: . . . Analysis file: .gap.npy exists=True
2026-05-16T23:30:45     info       Loading: . . . Analysis file: .off.npy exists=True
2026-05-16T23:30:45     info       Loading: . . . Analysis file: .azi.npy exists=True
2026-05-16T23:30:45     info       Loading: . . . Analysis file: .ana.npy exists=True
2026-05-16T23:30:45     info       Loaded : . . . Fold map  : Min:240 - Max:240 
2026-05-16T23:30:45     info       Loaded : . . . Min-offset: Min:35.36m - Max:226.38m 
2026-05-16T23:30:45     info       Loaded : . . . Max-offset: Min:5990.10m - Max:6025.05m 
2026-05-16T23:30:45     info       Loaded : . . . Rms-offset: Min:13.79m - Max:23.77m 
2026-05-16T23:30:45     info       Loaded : . . . Max-gap   : Min:60.81m - Max:260.54m 
2026-05-16T23:30:45     info       Loaded : . . . offset histogram
2026-05-16T23:30:45     info       Loaded : . . . azi-offset histogram
2026-05-16T23:30:45     info       Analysis load: fold=250, maxFold=240
2026-05-16T23:30:45     info       Analysis load: nT=25600000, expected=25600000, delta=0
2026-05-16T23:30:45     info       Analysis load: an2Output.shape=(1600000, 16)
2026-05-16T23:30:45     info       Loaded : . . . Analysis  : 1,600,000 traces (reserved space)
2026-05-16T23:30:45     info       Loaded : . . . read 25,137 rec-records
2026-05-16T23:30:45     info       Loaded : . . . read 20,000 src-records
2026-05-16T23:30:45     info       Loaded : . . . read 160,000 rel-records
2026-05-16T23:30:45     info       Loaded : . . . Analysis: 1,600,000 traces available (showing 1,000,000 at a time)
2026-05-16T23:30:47     info       Params : D:/Roll/roll_samples/other/DoubleZigzag_001.roll survey object read, containing 718 parameters
2026-05-16T23:30:53     geometry   Starting geometry creation from templates; preparing worker thread...
2026-05-16T23:30:53     geometry   Thread : Started 'Create Geometry from Templates', from 20,000 shot points
2026-05-16T23:31:03     geometry   Thread : Completed 'Create Geometry from Templates'. Elapsed time:0:00:10 
2026-05-16T23:31:20     binning    Starting full binning from geometry; preparing worker thread...
2026-05-16T23:31:20     binning    Thread : Prepare full-analysis buffer for 1,600,000 traces, with nx=80, ny=80, fold=250
2026-05-16T23:31:20     binning    Thread : Prepare memory mapped file for full analysis results.
2026-05-16T23:31:20     binning    Thread : Started 'Bin from geometry', using 20,000 shot points
2026-05-16T23:31:20     binning    Method : useExperimental=False, hasRel=True -> binFromGeometry8, fullAnalysis=True
2026-05-16T23:31:34     binning    Thread : Binning completed. Elapsed time:0:00:14 
2026-05-16T23:31:34     binning    Thread : . . . Fold       : Min:240 - Max:240 
2026-05-16T23:31:34     binning    Thread : . . . Min-offsets: Min:35.36m - Max:226.38m 
2026-05-16T23:31:34     binning    Thread : . . . Max-offsets: Min:5990.10m - Max:6025.05m 
2026-05-16T23:31:34     binning    Thread : . . . Rms-offsets: Min:13.79m - Max:23.77m 
2026-05-16T23:31:34     binning    Thread : . . . Max-gap   : Min:60.81m - Max:260.54m 
2026-05-16T23:31:34     info       Loaded : . . . Analysis: 1,600,000 traces available (showing 1,000,000 at a time)
2026-05-16T23:32:05     info       Opening: D:/Roll/roll_samples/other/Parallel_001.roll
2026-05-16T23:32:05     info       Parsing: D:/Roll/roll_samples/other/Parallel_001.roll
2026-05-16T23:32:05     info       Parsing: D:/Roll/roll_samples/other/Parallel_001.roll survey object succesfully parsed
2026-05-16T23:32:05     info       Reading: D:/Roll/roll_samples/other/Parallel_001.roll, success: True
2026-05-16T23:32:05     info       Loading: D:/Roll/roll_samples/other/Parallel_001.roll analysis files
2026-05-16T23:32:05     info       Loading: . . . Analysis dims: nx=80, ny=80, binSize=(25.000,25.000)
2026-05-16T23:32:05     info       Loading: . . . Analysis file: .bin.npy exists=False
2026-05-16T23:32:05     info       Loading: . . . Analysis file: .min.npy exists=False
2026-05-16T23:32:05     info       Loading: . . . Analysis file: .max.npy exists=False
2026-05-16T23:32:05     info       Loading: . . . Analysis file: .rms.npy exists=False
2026-05-16T23:32:05     info       Loading: . . . Analysis file: .gap.npy exists=False
2026-05-16T23:32:05     info       Loading: . . . Analysis file: .off.npy exists=False
2026-05-16T23:32:05     info       Loading: . . . Analysis file: .azi.npy exists=False
2026-05-16T23:32:05     info       Loading: . . . Analysis file: .ana.npy exists=False
2026-05-16T23:32:05     info       Params : D:/Roll/roll_samples/other/Parallel_001.roll survey object read, containing 222 parameters
2026-05-16T23:32:32     binning    Starting basic binning from templates; preparing worker thread...
2026-05-16T23:32:32     binning    Thread : Started 'Bin from templates', using 272,400 shot points
2026-05-16T23:32:32     binning    Method : useExperimental=False -> binTemplate8, fullAnalysis=False
2026-05-16T23:32:41     binning    Thread : Binning completed. Elapsed time:0:00:09 
2026-05-16T23:32:41     binning    Thread : . . . Fold       : Min:480 - Max:480 
2026-05-16T23:32:41     binning    Thread : . . . Min-offsets: Min:35.36m - Max:176.78m 
2026-05-16T23:32:41     binning    Thread : . . . Max-offsets: Min:6007.60m - Max:6025.05m 
2026-05-16T23:33:16     info       Edited : D:/Roll/roll_samples/other/Parallel_001.roll survey object updated
2026-05-16T23:33:22     binning    Starting full binning from templates; preparing worker thread...
2026-05-16T23:33:22     binning    Thread : Prepare full-analysis buffer for 3,200,000 traces, with nx=80, ny=80, fold=500
2026-05-16T23:33:22     binning    Thread : Prepare memory mapped file for full analysis results.
2026-05-16T23:33:22     binning    Thread : Started 'Bin from templates', using 272,400 shot points
2026-05-16T23:33:22     binning    Method : useExperimental=False -> binTemplate8, fullAnalysis=True
2026-05-16T23:33:41     binning    Thread : Binning completed. Elapsed time:0:00:20 
2026-05-16T23:33:41     binning    Thread : . . . Fold       : Min:480 - Max:480 
2026-05-16T23:33:41     binning    Thread : . . . Min-offsets: Min:35.36m - Max:176.78m 
2026-05-16T23:33:41     binning    Thread : . . . Max-offsets: Min:6007.60m - Max:6025.05m 
2026-05-16T23:33:41     binning    Thread : . . . Rms-offsets: Min:8.29m - Max:10.82m 
2026-05-16T23:33:41     binning    Thread : . . . Max-gap   : Min:40.55m - Max:49.87m 
2026-05-16T23:33:41     info       Loaded : . . . Analysis: 3,200,000 traces available (showing 1,000,000 at a time)
2026-05-16T23:34:33     geometry   Starting geometry creation from templates; preparing worker thread...
2026-05-16T23:34:33     geometry   Thread : Started 'Create Geometry from Templates', from 272,400 shot points
2026-05-16T23:34:40     geometry   Thread : Completed 'Create Geometry from Templates'. Elapsed time:0:00:07 
2026-05-16T23:35:24     info       Saved  : D:/Roll/roll_samples/other/Parallel_001.roll
2026-05-16T23:35:33     info       Opening: D:/Roll/roll_samples/other/SphereTest_001.roll
2026-05-16T23:35:33     info       Parsing: D:/Roll/roll_samples/other/SphereTest_001.roll
2026-05-16T23:35:33     info       Parsing: D:/Roll/roll_samples/other/SphereTest_001.roll survey object succesfully parsed
2026-05-16T23:35:33     info       Reading: D:/Roll/roll_samples/other/SphereTest_001.roll, success: True
2026-05-16T23:35:33     info       Loading: D:/Roll/roll_samples/other/SphereTest_001.roll analysis files
2026-05-16T23:35:33     info       Loading: . . . Analysis dims: nx=240, ny=208, binSize=(25.000,25.000)
2026-05-16T23:35:33     info       Loading: . . . Analysis file: .bin.npy exists=False
2026-05-16T23:35:33     info       Loading: . . . Analysis file: .min.npy exists=False
2026-05-16T23:35:33     info       Loading: . . . Analysis file: .max.npy exists=False
2026-05-16T23:35:33     info       Loading: . . . Analysis file: .rms.npy exists=False
2026-05-16T23:35:33     info       Loading: . . . Analysis file: .gap.npy exists=False
2026-05-16T23:35:33     info       Loading: . . . Analysis file: .off.npy exists=False
2026-05-16T23:35:33     info       Loading: . . . Analysis file: .azi.npy exists=False
2026-05-16T23:35:33     info       Loading: . . . Analysis file: .ana.npy exists=False
2026-05-16T23:35:33     info       Params : D:/Roll/roll_samples/other/SphereTest_001.roll survey object read, containing 282 parameters
2026-05-16T23:38:36     geometry   Starting geometry creation from templates; preparing worker thread...
2026-05-16T23:38:36     geometry   Thread : Started 'Create Geometry from Templates', from 3,000 shot points
2026-05-16T23:38:42     geometry   Thread : Completed 'Create Geometry from Templates'. Elapsed time:0:00:06 
2026-05-16T23:39:04     binning    Starting full binning from templates; preparing worker thread...
2026-05-16T23:39:04     binning    Thread : Prepare full-analysis buffer for 24,960,000 traces, with nx=240, ny=208, fold=500
2026-05-16T23:39:04     binning    Thread : Prepare memory mapped file for full analysis results.
2026-05-16T23:39:04     binning    Thread : Started 'Bin from templates', using 3,000 shot points
2026-05-16T23:39:04     binning    Method : useExperimental=False -> binTemplate8, fullAnalysis=True
2026-05-16T23:39:17     binning    Thread : Binning completed. Elapsed time:0:00:13 
2026-05-16T23:39:17     binning    Thread : . . . Fold       : Min:0 - Max:902 
2026-05-16T23:39:17     binning    Thread : . . . Min-offsets: Min:35.36m - Max:5975.47m 
2026-05-16T23:39:17     binning    Thread : . . . Max-offsets: Min:625.50m - Max:6025.05m 
2026-05-16T23:39:17     binning    Thread : . . . Rms-offsets: Min:0.00m - Max:197.12m 
2026-05-16T23:39:17     binning    Thread : . . . Max-gap   : Min:0.00m - Max:651.22m 
2026-05-16T23:39:17     info       Loaded : . . . Analysis: 24,960,000 traces available (showing 1,000,000 at a time)
2026-05-16T23:40:10     info       Edited : D:/Roll/roll_samples/other/SphereTest_001.roll survey object updated
2026-05-16T23:40:12     info       Edited : D:/Roll/roll_samples/other/SphereTest_001.roll survey object updated
2026-05-16T23:40:17     binning    Starting full binning from templates; preparing worker thread...
2026-05-16T23:40:17     binning    Thread : Prepare full-analysis buffer for 24,960,000 traces, with nx=240, ny=208, fold=500
2026-05-16T23:40:17     binning    Thread : Prepare memory mapped file for full analysis results.
2026-05-16T23:40:17     binning    Thread : Started 'Bin from templates', using 3,000 shot points
2026-05-16T23:40:17     binning    Method : useExperimental=False -> binTemplate8, fullAnalysis=True
2026-05-16T23:40:30     binning    Thread : Binning completed. Elapsed time:0:00:13 
2026-05-16T23:40:30     binning    Thread : . . . Fold       : Min:0 - Max:902 
2026-05-16T23:40:30     binning    Thread : . . . Min-offsets: Min:35.36m - Max:5975.47m 
2026-05-16T23:40:30     binning    Thread : . . . Max-offsets: Min:625.50m - Max:6025.05m 
2026-05-16T23:40:30     binning    Thread : . . . Rms-offsets: Min:0.00m - Max:197.12m 
2026-05-16T23:40:30     binning    Thread : . . . Max-gap   : Min:0.00m - Max:651.22m 
2026-05-16T23:40:30     info       Loaded : . . . Analysis: 24,960,000 traces available (showing 1,000,000 at a time)
2026-05-16T23:41:07     warning    Spider : Switched "on", but no spider-rays available yet (navigate with ALT+arrows or work in the 2D Map view first).
2026-05-16T23:41:22     warning    Spider : Switched "on", but no spider-rays available yet (navigate with ALT+arrows or work in the 2D Map view first).
2026-05-16T23:41:51     info       Saved  : D:/Roll/roll_samples/other/SphereTest_001.roll
2026-05-16T23:41:58     binning    Starting full binning from geometry; preparing worker thread...
2026-05-16T23:41:58     binning    Thread : Prepare full-analysis buffer for 24,960,000 traces, with nx=240, ny=208, fold=500
2026-05-16T23:41:59     binning    Thread : Prepare memory mapped file for full analysis results.
2026-05-16T23:41:59     binning    Thread : Started 'Bin from geometry', using 3,000 shot points
2026-05-16T23:41:59     binning    Method : useExperimental=False, hasRel=True -> binFromGeometry8, fullAnalysis=True
2026-05-16T23:42:15     binning    Thread : Binning completed. Elapsed time:0:00:17 
2026-05-16T23:42:15     binning    Thread : . . . Fold       : Min:0 - Max:902 
2026-05-16T23:42:15     binning    Thread : . . . Min-offsets: Min:35.36m - Max:5975.47m 
2026-05-16T23:42:15     binning    Thread : . . . Max-offsets: Min:625.50m - Max:6025.05m 
2026-05-16T23:42:15     binning    Thread : . . . Rms-offsets: Min:0.00m - Max:197.12m 
2026-05-16T23:42:15     binning    Thread : . . . Max-gap   : Min:0.00m - Max:651.22m 
2026-05-16T23:42:15     info       Loaded : . . . Analysis: 24,960,000 traces available (showing 1,000,000 at a time)
2026-05-16T23:43:06     info       Opening: D:/Roll/roll_samples/other/TripleZigzag_001.roll
2026-05-16T23:43:06     info       Parsing: D:/Roll/roll_samples/other/TripleZigzag_001.roll
2026-05-16T23:43:06     info       Parsing: D:/Roll/roll_samples/other/TripleZigzag_001.roll survey object succesfully parsed
2026-05-16T23:43:06     info       Reading: D:/Roll/roll_samples/other/TripleZigzag_001.roll, success: True
2026-05-16T23:43:06     info       Loading: D:/Roll/roll_samples/other/TripleZigzag_001.roll analysis files
2026-05-16T23:43:06     info       Loading: . . . Analysis dims: nx=630, ny=432, binSize=(25.000,25.000)
2026-05-16T23:43:06     info       Loading: . . . Analysis file: .bin.npy exists=True
2026-05-16T23:43:06     info       Loading: . . . Analysis file: .min.npy exists=True
2026-05-16T23:43:06     info       Loading: . . . Analysis file: .max.npy exists=True
2026-05-16T23:43:06     info       Loading: . . . Analysis file: .rms.npy exists=True
2026-05-16T23:43:06     info       Loading: . . . Analysis file: .gap.npy exists=True
2026-05-16T23:43:06     info       Loading: . . . Analysis file: .off.npy exists=True
2026-05-16T23:43:06     info       Loading: . . . Analysis file: .azi.npy exists=True
2026-05-16T23:43:06     info       Loading: . . . Analysis file: .ana.npy exists=True
2026-05-16T23:43:06     info       Loaded : . . . Fold map  : Min:0 - Max:180 
2026-05-16T23:43:06     info       Loaded : . . . Min-offset: Min:35.36m - Max:6372.70m 
2026-05-16T23:43:06     info       Loaded : . . . Max-offset: Min:4796.48m - Max:6372.70m 
2026-05-16T23:43:06     info       Loaded : . . . Rms-offset: Min:0.00m - Max:420.05m 
2026-05-16T23:43:06     info       Loaded : . . . Max-gap   : Min:0.00m - Max:1088.25m 
2026-05-16T23:43:06     info       Loaded : . . . offset histogram
2026-05-16T23:43:06     info       Loaded : . . . azi-offset histogram
2026-05-16T23:43:06     info       Analysis load: fold=198, maxFold=180
2026-05-16T23:43:06     error      Loaded : . . . Analysis  : legacy 13-column layout detected for D:/Roll/roll_samples/other/TripleZigzag_001.roll.ana.npy. The format was extended with src-z, rec-z and cmp-z columns; please re-run the binning to refresh the trace table.
2026-05-16T23:43:06     info       Loaded : . . . read 13,485 rec-records
2026-05-16T23:43:06     info       Loaded : . . . read 13,824 src-records
2026-05-16T23:43:06     info       Loaded : . . . read 110,592 rel-records
2026-05-16T23:43:10     info       Params : D:/Roll/roll_samples/other/TripleZigzag_001.roll survey object read, containing 1014 parameters
2026-05-16T23:43:13     geometry   Starting geometry creation from templates; preparing worker thread...
2026-05-16T23:43:13     geometry   Thread : Started 'Create Geometry from Templates', from 13,824 shot points
2026-05-16T23:43:16     geometry   Thread : Completed 'Create Geometry from Templates'. Elapsed time:0:00:03 
2026-05-16T23:43:37     binning    Starting full binning from templates; preparing worker thread...
2026-05-16T23:43:37     binning    Thread : Prepare full-analysis buffer for 53,887,680 traces, with nx=630, ny=432, fold=198
2026-05-16T23:43:38     binning    Thread : Prepare memory mapped file for full analysis results.
2026-05-16T23:43:38     binning    Thread : Started 'Bin from templates', using 13,824 shot points
2026-05-16T23:43:38     binning    Method : useExperimental=False -> binTemplate8, fullAnalysis=True
2026-05-16T23:45:19     binning    Thread : Binning completed. Elapsed time:0:01:41 
2026-05-16T23:45:19     binning    Thread : . . . Fold       : Min:0 - Max:180 
2026-05-16T23:45:19     binning    Thread : . . . Min-offsets: Min:35.36m - Max:6372.70m 
2026-05-16T23:45:19     binning    Thread : . . . Max-offsets: Min:4796.48m - Max:6372.70m 
2026-05-16T23:45:19     binning    Thread : . . . Rms-offsets: Min:0.00m - Max:420.05m 
2026-05-16T23:45:19     binning    Thread : . . . Max-gap   : Min:0.00m - Max:1088.25m 
2026-05-16T23:45:19     info       Loaded : . . . Analysis: 53,887,680 traces available (showing 1,000,000 at a time)
2026-05-16T23:45:34     binning    Starting full binning from geometry; preparing worker thread...
2026-05-16T23:45:34     binning    Thread : Prepare full-analysis buffer for 53,887,680 traces, with nx=630, ny=432, fold=198
2026-05-16T23:45:35     binning    Thread : Prepare memory mapped file for full analysis results.
2026-05-16T23:45:35     binning    Thread : Started 'Bin from geometry', using 13,824 shot points
2026-05-16T23:45:35     binning    Method : useExperimental=False, hasRel=True -> binFromGeometry8, fullAnalysis=True
2026-05-16T23:47:52     binning    Thread : Binning completed. Elapsed time:0:02:18 
2026-05-16T23:47:52     binning    Thread : . . . Fold       : Min:0 - Max:180 
2026-05-16T23:47:52     binning    Thread : . . . Min-offsets: Min:35.36m - Max:6372.70m 
2026-05-16T23:47:52     binning    Thread : . . . Max-offsets: Min:4796.48m - Max:6372.70m 
2026-05-16T23:47:52     binning    Thread : . . . Rms-offsets: Min:0.00m - Max:420.05m 
2026-05-16T23:47:52     binning    Thread : . . . Max-gap   : Min:0.00m - Max:1088.25m 
2026-05-16T23:47:52     info       Loaded : . . . Analysis: 53,887,680 traces available (showing 1,000,000 at a time)
2026-05-16T23:49:05     info       Parsing: D:/Roll/roll_samples/other/TripleZigzag_001.roll survey object succesfully parsed
2026-05-16T23:49:06     info       Params : D:/Roll/roll_samples/other/TripleZigzag_001.roll survey object read, containing 282 parameters+++

2026-05-16T23:55:33     info       Plugin : Started on Windows 11 v(10.0.26200)
2026-05-16T23:55:33     info       Library: Numba version 0.65.1 available for JIT acceleration
2026-05-16T23:55:33     info       Library: Numba is enabled, running in JIT mode
2026-05-16T23:55:33     info       Parsing: survey object succesfully parsed
2026-05-16T23:55:33     info       Params : survey object read, containing 282 parameters
2026-05-16T23:55:39     geometry   Starting geometry creation from templates; preparing worker thread...
2026-05-16T23:55:39     geometry   Thread : Started 'Create Geometry from Templates', from 400 shot points
2026-05-16T23:55:40     geometry   Thread : Completed 'Create Geometry from Templates'. Elapsed time:0:00:02 
2026-05-16T23:56:28     info       Parsing: survey object succesfully parsed
2026-05-16T23:56:29     info       Params : survey object read, containing 282 parameters+++

2026-05-17T10:44:01     info       Plugin : Started on Windows 11 v(10.0.26200)
2026-05-17T10:44:01     info       Library: Numba version 0.65.1 available for JIT acceleration
2026-05-17T10:44:01     info       Library: Numba is enabled, running in JIT mode
2026-05-17T10:44:01     info       Parsing: survey object succesfully parsed
2026-05-17T10:44:01     info       Params : survey object read, containing 282 parameters
2026-05-17T10:44:15     info       Opening: D:/Roll/roll_samples/other/TripleZigzag_001.roll
2026-05-17T10:44:15     info       Parsing: D:/Roll/roll_samples/other/TripleZigzag_001.roll
2026-05-17T10:44:15     info       Parsing: D:/Roll/roll_samples/other/TripleZigzag_001.roll survey object succesfully parsed
2026-05-17T10:44:15     info       Reading: D:/Roll/roll_samples/other/TripleZigzag_001.roll, success: True
2026-05-17T10:44:15     info       Loading: D:/Roll/roll_samples/other/TripleZigzag_001.roll analysis files
2026-05-17T10:44:15     info       Loading: . . . Analysis dims: nx=630, ny=432, binSize=(25.000,25.000)
2026-05-17T10:44:15     info       Loading: . . . Analysis file: .bin.npy exists=True
2026-05-17T10:44:15     info       Loading: . . . Analysis file: .min.npy exists=True
2026-05-17T10:44:15     info       Loading: . . . Analysis file: .max.npy exists=True
2026-05-17T10:44:15     info       Loading: . . . Analysis file: .rms.npy exists=True
2026-05-17T10:44:15     info       Loading: . . . Analysis file: .gap.npy exists=True
2026-05-17T10:44:15     info       Loading: . . . Analysis file: .off.npy exists=True
2026-05-17T10:44:15     info       Loading: . . . Analysis file: .azi.npy exists=True
2026-05-17T10:44:15     info       Loading: . . . Analysis file: .ana.npy exists=True
2026-05-17T10:44:15     info       Loaded : . . . Fold map  : Min:0 - Max:180 
2026-05-17T10:44:15     info       Loaded : . . . Min-offset: Min:35.36m - Max:6372.70m 
2026-05-17T10:44:15     info       Loaded : . . . Max-offset: Min:4796.48m - Max:6372.70m 
2026-05-17T10:44:15     info       Loaded : . . . Rms-offset: Min:0.00m - Max:420.05m 
2026-05-17T10:44:15     info       Loaded : . . . Max-gap   : Min:0.00m - Max:1088.25m 
2026-05-17T10:44:15     info       Loaded : . . . offset histogram
2026-05-17T10:44:15     info       Loaded : . . . azi-offset histogram
2026-05-17T10:44:15     info       Analysis load: fold=198, maxFold=180
2026-05-17T10:44:15     info       Analysis load: nT=862202880, expected=862202880, delta=0
2026-05-17T10:44:15     info       Analysis load: an2Output.shape=(53887680, 16)
2026-05-17T10:44:15     info       Loaded : . . . Analysis  : 53,887,680 traces (reserved space)
2026-05-17T10:44:15     info       Loaded : . . . read 13,485 rec-records
2026-05-17T10:44:15     info       Loaded : . . . read 13,824 src-records
2026-05-17T10:44:15     info       Loaded : . . . read 110,592 rel-records
2026-05-17T10:44:15     info       Loaded : . . . Analysis: 53,887,680 traces available (showing 1,000,000 at a time)
2026-05-17T10:44:17     info       Params : D:/Roll/roll_samples/other/TripleZigzag_001.roll survey object read, containing 1014 parameters
2026-05-17T10:44:49     geometry   Starting geometry creation from templates; preparing worker thread...
2026-05-17T10:44:49     geometry   Thread : Started 'Create Geometry from Templates', from 13,824 shot points
2026-05-17T10:44:52     geometry   Thread : Completed 'Create Geometry from Templates'. Elapsed time:0:00:04 
2026-05-17T10:45:05     info       Opening: D:/Roll/roll_samples/other/DoubleZigzag_001.roll
2026-05-17T10:45:05     info       Parsing: D:/Roll/roll_samples/other/DoubleZigzag_001.roll
2026-05-17T10:45:05     info       Parsing: D:/Roll/roll_samples/other/DoubleZigzag_001.roll survey object succesfully parsed
2026-05-17T10:45:05     info       Reading: D:/Roll/roll_samples/other/DoubleZigzag_001.roll, success: True
2026-05-17T10:45:05     info       Loading: D:/Roll/roll_samples/other/DoubleZigzag_001.roll analysis files
2026-05-17T10:45:05     info       Loading: . . . Analysis dims: nx=80, ny=80, binSize=(25.000,25.000)
2026-05-17T10:45:05     info       Loading: . . . Analysis file: .bin.npy exists=True
2026-05-17T10:45:05     info       Loading: . . . Analysis file: .min.npy exists=True
2026-05-17T10:45:05     info       Loading: . . . Analysis file: .max.npy exists=True
2026-05-17T10:45:05     info       Loading: . . . Analysis file: .rms.npy exists=True
2026-05-17T10:45:05     info       Loading: . . . Analysis file: .gap.npy exists=True
2026-05-17T10:45:05     info       Loading: . . . Analysis file: .off.npy exists=True
2026-05-17T10:45:05     info       Loading: . . . Analysis file: .azi.npy exists=True
2026-05-17T10:45:05     info       Loading: . . . Analysis file: .ana.npy exists=True
2026-05-17T10:45:05     info       Loaded : . . . Fold map  : Min:240 - Max:240 
2026-05-17T10:45:05     info       Loaded : . . . Min-offset: Min:35.36m - Max:226.38m 
2026-05-17T10:45:05     info       Loaded : . . . Max-offset: Min:5990.10m - Max:6025.05m 
2026-05-17T10:45:05     info       Loaded : . . . Rms-offset: Min:13.79m - Max:23.77m 
2026-05-17T10:45:05     info       Loaded : . . . Max-gap   : Min:60.81m - Max:260.54m 
2026-05-17T10:45:05     info       Loaded : . . . offset histogram
2026-05-17T10:45:05     info       Loaded : . . . azi-offset histogram
2026-05-17T10:45:05     info       Analysis load: fold=250, maxFold=240
2026-05-17T10:45:05     info       Analysis load: nT=25600000, expected=25600000, delta=0
2026-05-17T10:45:05     info       Analysis load: an2Output.shape=(1600000, 16)
2026-05-17T10:45:05     info       Loaded : . . . Analysis  : 1,600,000 traces (reserved space)
2026-05-17T10:45:05     info       Loaded : . . . read 25,137 rec-records
2026-05-17T10:45:05     info       Loaded : . . . read 20,000 src-records
2026-05-17T10:45:05     info       Loaded : . . . read 160,000 rel-records
2026-05-17T10:45:05     info       Loaded : . . . Analysis: 1,600,000 traces available (showing 1,000,000 at a time)
2026-05-17T10:45:07     info       Params : D:/Roll/roll_samples/other/DoubleZigzag_001.roll survey object read, containing 718 parameters
2026-05-17T10:45:11     geometry   Starting geometry creation from templates; preparing worker thread...
2026-05-17T10:45:11     geometry   Thread : Started 'Create Geometry from Templates', from 20,000 shot points
2026-05-17T10:45:21     geometry   Thread : Completed 'Create Geometry from Templates'. Elapsed time:0:00:11 
2026-05-17T10:45:43     binning    Starting full binning from geometry; preparing worker thread...
2026-05-17T10:45:43     binning    Thread : Prepare full-analysis buffer for 1,600,000 traces, with nx=80, ny=80, fold=250
2026-05-17T10:45:43     binning    Thread : Prepare memory mapped file for full analysis results.
2026-05-17T10:45:43     binning    Thread : Started 'Bin from geometry', using 20,000 shot points
2026-05-17T10:45:43     binning    Method : useExperimental=False, hasRel=True -> binFromGeometry8, fullAnalysis=True
2026-05-17T10:45:57     binning    Thread : Binning completed. Elapsed time:0:00:15 
2026-05-17T10:45:57     binning    Thread : . . . Fold       : Min:240 - Max:240 
2026-05-17T10:45:57     binning    Thread : . . . Min-offsets: Min:35.36m - Max:226.38m 
2026-05-17T10:45:57     binning    Thread : . . . Max-offsets: Min:5990.10m - Max:6025.05m 
2026-05-17T10:45:57     binning    Thread : . . . Rms-offsets: Min:13.79m - Max:23.77m 
2026-05-17T10:45:57     binning    Thread : . . . Max-gap   : Min:60.81m - Max:260.54m 
2026-05-17T10:45:57     info       Loaded : . . . Analysis: 1,600,000 traces available (showing 1,000,000 at a time)
2026-05-17T10:46:29     info       Opening: D:/Roll/roll_samples/other/Orthogonal_001.roll
2026-05-17T10:46:30     info       Parsing: D:/Roll/roll_samples/other/Orthogonal_001.roll
2026-05-17T10:46:30     info       Parsing: D:/Roll/roll_samples/other/Orthogonal_001.roll survey object succesfully parsed
2026-05-17T10:46:30     info       Reading: D:/Roll/roll_samples/other/Orthogonal_001.roll, success: True
2026-05-17T10:46:30     info       Loading: D:/Roll/roll_samples/other/Orthogonal_001.roll analysis files
2026-05-17T10:46:30     info       Loading: . . . Analysis dims: nx=40, ny=40, binSize=(25.000,25.000)
2026-05-17T10:46:30     info       Loading: . . . Analysis file: .bin.npy exists=True
2026-05-17T10:46:30     info       Loading: . . . Analysis file: .min.npy exists=True
2026-05-17T10:46:30     info       Loading: . . . Analysis file: .max.npy exists=True
2026-05-17T10:46:30     info       Loading: . . . Analysis file: .rms.npy exists=True
2026-05-17T10:46:30     info       Loading: . . . Analysis file: .gap.npy exists=True
2026-05-17T10:46:30     info       Loading: . . . Analysis file: .off.npy exists=True
2026-05-17T10:46:30     info       Loading: . . . Analysis file: .azi.npy exists=True
2026-05-17T10:46:30     info       Loading: . . . Analysis file: .ana.npy exists=True
2026-05-17T10:46:30     info       Loaded : . . . Fold map  : Min:96 - Max:96 
2026-05-17T10:46:30     info       Loaded : . . . Min-offset: Min:35.36m - Max:285.04m 
2026-05-17T10:46:30     info       Loaded : . . . Max-offset: Min:5808.72m - Max:6025.05m 
2026-05-17T10:46:30     info       Loaded : . . . Rms-offset: Min:60.42m - Max:115.62m 
2026-05-17T10:46:30     info       Loaded : . . . Max-gap   : Min:203.95m - Max:417.32m 
2026-05-17T10:46:30     info       Loaded : . . . offset histogram
2026-05-17T10:46:30     info       Loaded : . . . azi-offset histogram
2026-05-17T10:46:30     info       Analysis load: fold=100, maxFold=96
2026-05-17T10:46:30     info       Analysis load: nT=2560000, expected=2560000, delta=0
2026-05-17T10:46:30     info       Analysis load: an2Output.shape=(160000, 16)
2026-05-17T10:46:30     info       Loaded : . . . Analysis  : 160,000 traces (reserved space)
2026-05-17T10:46:30     info       Loaded : . . . read 25,520 rec-records
2026-05-17T10:46:30     info       Loaded : . . . read 8,364 src-records
2026-05-17T10:46:30     info       Loaded : . . . read 66,912 rel-records
2026-05-17T10:46:30     info       Loaded : . . . Analysis: 160,000 traces displayed in Trace Table
2026-05-17T10:46:30     info       Params : D:/Roll/roll_samples/other/Orthogonal_001.roll survey object read, containing 222 parameters
2026-05-17T10:46:39     geometry   Starting geometry creation from templates; preparing worker thread...
2026-05-17T10:46:39     geometry   Thread : Started 'Create Geometry from Templates', from 8,364 shot points
2026-05-17T10:46:54     geometry   Thread : Completed 'Create Geometry from Templates'. Elapsed time:0:00:16 
2026-05-17T10:47:15     binning    Starting full binning from geometry; preparing worker thread...
2026-05-17T10:47:15     binning    Thread : Prepare full-analysis buffer for 160,000 traces, with nx=40, ny=40, fold=100
2026-05-17T10:47:15     binning    Thread : Prepare memory mapped file for full analysis results.
2026-05-17T10:47:15     binning    Thread : Started 'Bin from geometry', using 8,364 shot points
2026-05-17T10:47:15     binning    Method : useExperimental=False, hasRel=True -> binFromGeometry8, fullAnalysis=True
2026-05-17T10:47:20     binning    Thread : Binning completed. Elapsed time:0:00:05 
2026-05-17T10:47:20     binning    Thread : . . . Fold       : Min:96 - Max:96 
2026-05-17T10:47:20     binning    Thread : . . . Min-offsets: Min:35.36m - Max:285.04m 
2026-05-17T10:47:20     binning    Thread : . . . Max-offsets: Min:5808.72m - Max:6025.05m 
2026-05-17T10:47:20     binning    Thread : . . . Rms-offsets: Min:60.42m - Max:115.62m 
2026-05-17T10:47:20     binning    Thread : . . . Max-gap   : Min:203.95m - Max:417.32m 
2026-05-17T10:47:20     info       Loaded : . . . Analysis: 160,000 traces displayed in Trace Table
2026-05-17T12:11:01     info       Parsing: D:/Roll/roll_samples/other/Orthogonal_001.roll survey object succesfully parsed
2026-05-17T12:11:02     info       Params : D:/Roll/roll_samples/other/Orthogonal_001.roll survey object read, containing 282 parameters+++

2026-05-17T12:38:22     info       Plugin : Started on Windows 11 v(10.0.26200)
2026-05-17T12:38:22     info       Library: Numba version 0.65.1 available for JIT acceleration
2026-05-17T12:38:22     info       Library: Numba is enabled, running in JIT mode
2026-05-17T12:38:22     info       Parsing: survey object succesfully parsed
2026-05-17T12:38:22     info       Params : survey object read, containing 282 parameters
2026-05-17T12:43:24     info       Parsing: survey object succesfully parsed
2026-05-17T12:43:25     info       Params : survey object read, containing 282 parameters+++

2026-05-17T12:43:29     info       Plugin : Started on Windows 11 v(10.0.26200)
2026-05-17T12:43:29     info       Library: Numba version 0.65.1 available for JIT acceleration
2026-05-17T12:43:29     info       Library: Numba is enabled, running in JIT mode
2026-05-17T12:43:29     info       Parsing: survey object succesfully parsed
2026-05-17T12:43:29     info       Params : survey object read, containing 282 parameters
2026-05-17T12:44:05     info       Parsing: survey object succesfully parsed
2026-05-17T12:44:05     info       Params : survey object read, containing 282 parameters+++

2026-05-17T12:44:12     info       Plugin : Started on Windows 11 v(10.0.26200)
2026-05-17T12:44:12     info       Library: Numba version 0.65.1 available for JIT acceleration
2026-05-17T12:44:12     info       Library: Numba is enabled, running in JIT mode
2026-05-17T12:44:12     info       Parsing: survey object succesfully parsed
2026-05-17T12:44:12     info       Params : survey object read, containing 282 parameters
2026-05-17T12:55:16     info       Opening: D:/Roll/roll_samples/other/Orthogonal_001.roll
2026-05-17T12:55:16     info       Parsing: D:/Roll/roll_samples/other/Orthogonal_001.roll
2026-05-17T12:55:16     info       Parsing: D:/Roll/roll_samples/other/Orthogonal_001.roll survey object succesfully parsed
2026-05-17T12:55:16     info       Reading: D:/Roll/roll_samples/other/Orthogonal_001.roll, success: True
2026-05-17T12:55:16     info       Loading: D:/Roll/roll_samples/other/Orthogonal_001.roll analysis files
2026-05-17T12:55:16     info       Loading: . . . Analysis dims: nx=40, ny=40, binSize=(25.000,25.000)
2026-05-17T12:55:16     info       Loading: . . . Analysis file: .bin.npy exists=True
2026-05-17T12:55:16     info       Loading: . . . Analysis file: .min.npy exists=True
2026-05-17T12:55:16     info       Loading: . . . Analysis file: .max.npy exists=True
2026-05-17T12:55:16     info       Loading: . . . Analysis file: .rms.npy exists=True
2026-05-17T12:55:16     info       Loading: . . . Analysis file: .gap.npy exists=True
2026-05-17T12:55:16     info       Loading: . . . Analysis file: .off.npy exists=True
2026-05-17T12:55:16     info       Loading: . . . Analysis file: .azi.npy exists=True
2026-05-17T12:55:16     info       Loading: . . . Analysis file: .ana.npy exists=True
2026-05-17T12:55:16     info       Loaded : . . . Fold map  : Min:96 - Max:96 
2026-05-17T12:55:16     info       Loaded : . . . Min-offset: Min:35.36m - Max:285.04m 
2026-05-17T12:55:16     info       Loaded : . . . Max-offset: Min:5808.72m - Max:6025.05m 
2026-05-17T12:55:16     info       Loaded : . . . Rms-offset: Min:60.42m - Max:115.62m 
2026-05-17T12:55:16     info       Loaded : . . . Max-gap   : Min:203.95m - Max:417.32m 
2026-05-17T12:55:16     info       Loaded : . . . offset histogram
2026-05-17T12:55:16     info       Loaded : . . . azi-offset histogram
2026-05-17T12:55:16     info       Analysis load: fold=100, maxFold=96
2026-05-17T12:55:16     info       Analysis load: nT=2560000, expected=2560000, delta=0
2026-05-17T12:55:16     info       Analysis load: an2Output.shape=(160000, 16)
2026-05-17T12:55:16     info       Loaded : . . . Analysis  : 160,000 traces (reserved space)
2026-05-17T12:55:16     info       Loaded : . . . read 25,520 rec-records
2026-05-17T12:55:16     info       Loaded : . . . read 8,364 src-records
2026-05-17T12:55:16     info       Loaded : . . . read 66,912 rel-records
2026-05-17T12:55:16     info       Loaded : . . . Analysis: 160,000 traces displayed in Trace Table
2026-05-17T12:55:16     info       Params : D:/Roll/roll_samples/other/Orthogonal_001.roll survey object read, containing 222 parameters
2026-05-17T12:55:33     info       Parsing: D:/Roll/roll_samples/other/Orthogonal_001.roll survey object succesfully parsed
2026-05-17T12:55:34     info       Params : D:/Roll/roll_samples/other/Orthogonal_001.roll survey object read, containing 282 parameters+++

